Indicator ID,Challenge Area,Challenge Sub-Area,Challenge Component,Dataset,Data Producer,Year,Indicator Title,Indicator Question,Indicator Desription,Region,Country Name,Benchmark ID,Country ISO,Response Num,Response Text
ac_ei_allocations,Anti-Corruption,Extractives,NA,EITI Validation Data,Extractive Industries Transparency Initiative (EITI),2026,Information on contract and license allocation is public,"There is a public overview of awards and transfers of oil, gas and mining licenses, including statutory procedures and whether they are followed
","To meet this benchmark, information on all contract and license awards and transfers since 2021 must be disclosed, including: 1) Description of the process for transfers or awards, 2) Technical and financial criteria used, 3) Recipients of the license, and 4) Material deviations from applicable frameworks. Any gaps must be identified and explained. Where licenses are awarded through a bidding process, applicants and bid criteria must be disclosed. Meeting this benchmark corresponds to fully meeting the EITI Standard (90 points out of 100). Partial scores correspond to significant implementation (at least 70 points). No score is given for limited or poor implementation (below 70 points).",Europe,Albania,ac_ei_01,ALB,0,No
ac_ei_register,Anti-Corruption,Extractives,NA,EITI Validation Data,Extractive Industries Transparency Initiative (EITI),2026,There is a public register of licenses,"EITI Standard 2.3 is fully met, which requires public access to comprehensive information on property rights related to extractive deposits and projects","To meet this benchmark, there must be a publicly available register or cadastre system(s) with information on: 1) License holders, 2) License area size and location, 3) Dates and duration of the license, and 4) Commodity information (if applicable). Any information gaps must be disclosed. Meeting this benchmark corresponds to fully meeting the EITI Standard (90 points out of 100). Partial scores correspond to significant implementation (at least 70 points). No score is given for limited or poor implementation (below 70 points).",Europe,Albania,ac_ei_02,ALB,1,Partial
ac_ei_contracts,Anti-Corruption,Extractives,NA,EITI Validation Data,Extractive Industries Transparency Initiative (EITI),2026,All contracts and licenses are publicly available,"EITI Standard 2.4 is fully met, which requires all licenses and contracts to be publicly available","To meet this benchmark, countries must: 1) Disclose all contracts and licenses granted, entered into, or amended from 2021 onwards, and 2) Document the government’s policy on disclosure and explain any deviations from the requirements. Meeting this benchmark corresponds to fully meeting the EITI Standard (90 points out of 100). Partial scores correspond to significant implementation (at least 70 points). No score is given for limited or poor implementation (below 70 points).
",Europe,Albania,ac_ei_03,ALB,0,No
ac_ei_bo,Anti-Corruption,Extractives,NA,EITI Validation Data,Extractive Industries Transparency Initiative (EITI),2026,All beneficial ownership information is publicly available,"EITI Standard 2.5 is fully met, which requires that the beneficial owners of all extractive industries be publicly available","To meet this benchmark, countries must: 1) Publicly disclose BO information for all companies, including identity (name, nationality, and country of residence), level of ownership, and how ownership/control is exerted, 2) Document the government’s policy and discussion on BO disclosure, and 3) Assess mechanisms for ensuring reliability of BO data. Disclosure requirements also apply to publicly listed companies, joint ventures, and state-owned enterprises. Meeting this benchmark corresponds to fully meeting the EITI Standard (90 points out of 100). Partial scores correspond to significant implementation (at least 70 points). No score is given for limited or poor implementation (below 70 points).",Europe,Albania,ac_ei_04,ALB,1,Partial
ac_ei_allocations,Anti-Corruption,Extractives,NA,EITI Validation Data,Extractive Industries Transparency Initiative (EITI),2026,Information on contract and license allocation is public,"EITI Standard 2.2 is fully met, which requires a public overview of awards and transfers of oil, gas and mining licenses","To meet this benchmark, information on all contract and license awards and transfers since 2021 must be disclosed, including: 1) Description of the process for transfers or awards, 2) Technical and financial criteria used, 3) Recipients of the license, and 4) Material deviations from applicable frameworks. Any gaps must be identified and explained. Where licenses are awarded through a bidding process, applicants and bid criteria must be disclosed. Meeting this benchmark corresponds to fully meeting the EITI Standard (90 points out of 100). Partial scores correspond to significant implementation (at least 70 points). No score is given for limited or poor implementation (below 70 points).",Americas,Argentina,ac_ei_01,ARG,1,Partial
ac_ei_register,Anti-Corruption,Extractives,NA,EITI Validation Data,Extractive Industries Transparency Initiative (EITI),2026,There is a public register of licenses,"EITI Standard 2.3 is fully met, which requires public access to comprehensive information on property rights related to extractive deposits and projects","To meet this benchmark, there must be a publicly available register or cadastre system(s) with information on: 1) License holders, 2) License area size and location, 3) Dates and duration of the license, and 4) Commodity information (if applicable). Any information gaps must be disclosed. Meeting this benchmark corresponds to fully meeting the EITI Standard (90 points out of 100). Partial scores correspond to significant implementation (at least 70 points). No score is given for limited or poor implementation (below 70 points).",Americas,Argentina,ac_ei_02,ARG,1,Partial
ac_ei_contracts,Anti-Corruption,Extractives,NA,EITI Validation Data,Extractive Industries Transparency Initiative (EITI),2026,All contracts and licenses are publicly available,"EITI Standard 2.4 is fully met, which requires all licenses and contracts to be publicly available","To meet this benchmark, countries must: 1) Disclose all contracts and licenses granted, entered into, or amended from 2021 onwards, and 2) Document the government’s policy on disclosure and explain any deviations from the requirements. Meeting this benchmark corresponds to fully meeting the EITI Standard (90 points out of 100). Partial scores correspond to significant implementation (at least 70 points). No score is given for limited or poor implementation (below 70 points).
",Americas,Argentina,ac_ei_03,ARG,0,No
ac_ei_bo,Anti-Corruption,Extractives,NA,EITI Validation Data,Extractive Industries Transparency Initiative (EITI),2026,All beneficial ownership information is publicly available,"EITI Standard 2.5 is fully met, which requires that the beneficial owners of all extractive industries be publicly available","To meet this benchmark, countries must: 1) Publicly disclose BO information for all companies, including identity (name, nationality, and country of residence), level of ownership, and how ownership/control is exerted, 2) Document the government’s policy and discussion on BO disclosure, and 3) Assess mechanisms for ensuring reliability of BO data. Disclosure requirements also apply to publicly listed companies, joint ventures, and state-owned enterprises. Meeting this benchmark corresponds to fully meeting the EITI Standard (90 points out of 100). Partial scores correspond to significant implementation (at least 70 points). No score is given for limited or poor implementation (below 70 points).",Americas,Argentina,ac_ei_04,ARG,1,Partial
ac_ei_allocations,Anti-Corruption,Extractives,NA,EITI Validation Data,Extractive Industries Transparency Initiative (EITI),2024,Information on contract and license allocation is public,"EITI Standard 2.2 is fully met, which requires a public overview of awards and transfers of oil, gas and mining licenses","To meet this benchmark, information on all contract and license awards and transfers since 2021 must be disclosed, including: 1) Description of the process for transfers or awards, 2) Technical and financial criteria used, 3) Recipients of the license, and 4) Material deviations from applicable frameworks. Any gaps must be identified and explained. Where licenses are awarded through a bidding process, applicants and bid criteria must be disclosed. Meeting this benchmark corresponds to fully meeting the EITI Standard (90 points out of 100). Partial scores correspond to significant implementation (at least 70 points). No score is given for limited or poor implementation (below 70 points).",Asia and the Pacific,Armenia,ac_ei_01,ARM,2,Yes
ac_ei_register,Anti-Corruption,Extractives,NA,EITI Validation Data,Extractive Industries Transparency Initiative (EITI),2024,There is a public register of licenses,"EITI Standard 2.3 is fully met, which requires public access to comprehensive information on property rights related to extractive deposits and projects","To meet this benchmark, there must be a publicly available register or cadastre system(s) with information on: 1) License holders, 2) License area size and location, 3) Dates and duration of the license, and 4) Commodity information (if applicable). Any information gaps must be disclosed. Meeting this benchmark corresponds to fully meeting the EITI Standard (90 points out of 100). Partial scores correspond to significant implementation (at least 70 points). No score is given for limited or poor implementation (below 70 points).",Asia and the Pacific,Armenia,ac_ei_02,ARM,2,Yes
ac_ei_contracts,Anti-Corruption,Extractives,NA,EITI Validation Data,Extractive Industries Transparency Initiative (EITI),2024,All contracts and licenses are publicly available,"EITI Standard 2.4 is fully met, which requires all licenses and contracts to be publicly available","To meet this benchmark, countries must: 1) Disclose all contracts and licenses granted, entered into, or amended from 2021 onwards, and 2) Document the government’s policy on disclosure and explain any deviations from the requirements. Meeting this benchmark corresponds to fully meeting the EITI Standard (90 points out of 100). Partial scores correspond to significant implementation (at least 70 points). No score is given for limited or poor implementation (below 70 points).
",Asia and the Pacific,Armenia,ac_ei_03,ARM,2,Yes
ac_ei_bo,Anti-Corruption,Extractives,NA,EITI Validation Data,Extractive Industries Transparency Initiative (EITI),2024,All beneficial ownership information is publicly available,"EITI Standard 2.5 is fully met, which requires that the beneficial owners of all extractive industries be publicly available","To meet this benchmark, countries must: 1) Publicly disclose BO information for all companies, including identity (name, nationality, and country of residence), level of ownership, and how ownership/control is exerted, 2) Document the government’s policy and discussion on BO disclosure, and 3) Assess mechanisms for ensuring reliability of BO data. Disclosure requirements also apply to publicly listed companies, joint ventures, and state-owned enterprises. Meeting this benchmark corresponds to fully meeting the EITI Standard (90 points out of 100). Partial scores correspond to significant implementation (at least 70 points). No score is given for limited or poor implementation (below 70 points).",Asia and the Pacific,Armenia,ac_ei_04,ARM,2,Yes
ac_ei_allocations,Anti-Corruption,Extractives,NA,EITI Validation Data,Extractive Industries Transparency Initiative (EITI),2023,Information on contract and license allocation is public,"EITI Standard 2.2 is fully met, which requires a public overview of awards and transfers of oil, gas and mining licenses","To meet this benchmark, information on all contract and license awards and transfers since 2021 must be disclosed, including: 1) Description of the process for transfers or awards, 2) Technical and financial criteria used, 3) Recipients of the license, and 4) Material deviations from applicable frameworks. Any gaps must be identified and explained. Where licenses are awarded through a bidding process, applicants and bid criteria must be disclosed. Meeting this benchmark corresponds to fully meeting the EITI Standard (90 points out of 100). Partial scores correspond to significant implementation (at least 70 points). No score is given for limited or poor implementation (below 70 points).",Africa and the Middle East,Burkina Faso,ac_ei_01,BFA,1,Partial
ac_ei_register,Anti-Corruption,Extractives,NA,EITI Validation Data,Extractive Industries Transparency Initiative (EITI),2023,There is a public register of licenses,"EITI Standard 2.3 is fully met, which requires public access to comprehensive information on property rights related to extractive deposits and projects","To meet this benchmark, there must be a publicly available register or cadastre system(s) with information on: 1) License holders, 2) License area size and location, 3) Dates and duration of the license, and 4) Commodity information (if applicable). Any information gaps must be disclosed. Meeting this benchmark corresponds to fully meeting the EITI Standard (90 points out of 100). Partial scores correspond to significant implementation (at least 70 points). No score is given for limited or poor implementation (below 70 points).",Africa and the Middle East,Burkina Faso,ac_ei_02,BFA,2,Yes
ac_ei_contracts,Anti-Corruption,Extractives,NA,EITI Validation Data,Extractive Industries Transparency Initiative (EITI),2023,All contracts and licenses are publicly available,"EITI Standard 2.4 is fully met, which requires all licenses and contracts to be publicly available","To meet this benchmark, countries must: 1) Disclose all contracts and licenses granted, entered into, or amended from 2021 onwards, and 2) Document the government’s policy on disclosure and explain any deviations from the requirements. Meeting this benchmark corresponds to fully meeting the EITI Standard (90 points out of 100). Partial scores correspond to significant implementation (at least 70 points). No score is given for limited or poor implementation (below 70 points).
",Africa and the Middle East,Burkina Faso,ac_ei_03,BFA,1,Partial
ac_ei_bo,Anti-Corruption,Extractives,NA,EITI Validation Data,Extractive Industries Transparency Initiative (EITI),2023,All beneficial ownership information is publicly available,"EITI Standard 2.5 is fully met, which requires that the beneficial owners of all extractive industries be publicly available","To meet this benchmark, countries must: 1) Publicly disclose BO information for all companies, including identity (name, nationality, and country of residence), level of ownership, and how ownership/control is exerted, 2) Document the government’s policy and discussion on BO disclosure, and 3) Assess mechanisms for ensuring reliability of BO data. Disclosure requirements also apply to publicly listed companies, joint ventures, and state-owned enterprises. Meeting this benchmark corresponds to fully meeting the EITI Standard (90 points out of 100). Partial scores correspond to significant implementation (at least 70 points). No score is given for limited or poor implementation (below 70 points).",Africa and the Middle East,Burkina Faso,ac_ei_04,BFA,0,No
ac_ei_allocations,Anti-Corruption,Extractives,NA,EITI Validation Data,Extractive Industries Transparency Initiative (EITI),2023,Information on contract and license allocation is public,"EITI Standard 2.2 is fully met, which requires a public overview of awards and transfers of oil, gas and mining licenses","To meet this benchmark, information on all contract and license awards and transfers since 2021 must be disclosed, including: 1) Description of the process for transfers or awards, 2) Technical and financial criteria used, 3) Recipients of the license, and 4) Material deviations from applicable frameworks. Any gaps must be identified and explained. Where licenses are awarded through a bidding process, applicants and bid criteria must be disclosed. Meeting this benchmark corresponds to fully meeting the EITI Standard (90 points out of 100). Partial scores correspond to significant implementation (at least 70 points). No score is given for limited or poor implementation (below 70 points).",Americas,Colombia,ac_ei_01,COL,1,Partial
ac_ei_register,Anti-Corruption,Extractives,NA,EITI Validation Data,Extractive Industries Transparency Initiative (EITI),2023,There is a public register of licenses,"EITI Standard 2.3 is fully met, which requires public access to comprehensive information on property rights related to extractive deposits and projects","To meet this benchmark, there must be a publicly available register or cadastre system(s) with information on: 1) License holders, 2) License area size and location, 3) Dates and duration of the license, and 4) Commodity information (if applicable). Any information gaps must be disclosed. Meeting this benchmark corresponds to fully meeting the EITI Standard (90 points out of 100). Partial scores correspond to significant implementation (at least 70 points). No score is given for limited or poor implementation (below 70 points).",Americas,Colombia,ac_ei_02,COL,2,Yes
ac_ei_contracts,Anti-Corruption,Extractives,NA,EITI Validation Data,Extractive Industries Transparency Initiative (EITI),2023,All contracts and licenses are publicly available,"EITI Standard 2.4 is fully met, which requires all licenses and contracts to be publicly available","To meet this benchmark, countries must: 1) Disclose all contracts and licenses granted, entered into, or amended from 2021 onwards, and 2) Document the government’s policy on disclosure and explain any deviations from the requirements. Meeting this benchmark corresponds to fully meeting the EITI Standard (90 points out of 100). Partial scores correspond to significant implementation (at least 70 points). No score is given for limited or poor implementation (below 70 points).
",Americas,Colombia,ac_ei_03,COL,2,Yes
ac_ei_bo,Anti-Corruption,Extractives,NA,EITI Validation Data,Extractive Industries Transparency Initiative (EITI),2023,All beneficial ownership information is publicly available,"EITI Standard 2.5 is fully met, which requires that the beneficial owners of all extractive industries be publicly available","To meet this benchmark, countries must: 1) Publicly disclose BO information for all companies, including identity (name, nationality, and country of residence), level of ownership, and how ownership/control is exerted, 2) Document the government’s policy and discussion on BO disclosure, and 3) Assess mechanisms for ensuring reliability of BO data. Disclosure requirements also apply to publicly listed companies, joint ventures, and state-owned enterprises. Meeting this benchmark corresponds to fully meeting the EITI Standard (90 points out of 100). Partial scores correspond to significant implementation (at least 70 points). No score is given for limited or poor implementation (below 70 points).",Americas,Colombia,ac_ei_04,COL,0,No
ac_ei_allocations,Anti-Corruption,Extractives,NA,EITI Validation Data,Extractive Industries Transparency Initiative (EITI),2023,Information on contract and license allocation is public,"EITI Standard 2.2 is fully met, which requires a public overview of awards and transfers of oil, gas and mining licenses","To meet this benchmark, information on all contract and license awards and transfers since 2021 must be disclosed, including: 1) Description of the process for transfers or awards, 2) Technical and financial criteria used, 3) Recipients of the license, and 4) Material deviations from applicable frameworks. Any gaps must be identified and explained. Where licenses are awarded through a bidding process, applicants and bid criteria must be disclosed. Meeting this benchmark corresponds to fully meeting the EITI Standard (90 points out of 100). Partial scores correspond to significant implementation (at least 70 points). No score is given for limited or poor implementation (below 70 points).",Africa and the Middle East,Cote d'Ivoire,ac_ei_01,CIV,2,Yes
ac_ei_register,Anti-Corruption,Extractives,NA,EITI Validation Data,Extractive Industries Transparency Initiative (EITI),2023,There is a public register of licenses,"EITI Standard 2.3 is fully met, which requires public access to comprehensive information on property rights related to extractive deposits and projects","To meet this benchmark, there must be a publicly available register or cadastre system(s) with information on: 1) License holders, 2) License area size and location, 3) Dates and duration of the license, and 4) Commodity information (if applicable). Any information gaps must be disclosed. Meeting this benchmark corresponds to fully meeting the EITI Standard (90 points out of 100). Partial scores correspond to significant implementation (at least 70 points). No score is given for limited or poor implementation (below 70 points).",Africa and the Middle East,Cote d'Ivoire,ac_ei_02,CIV,2,Yes
ac_ei_contracts,Anti-Corruption,Extractives,NA,EITI Validation Data,Extractive Industries Transparency Initiative (EITI),2023,All contracts and licenses are publicly available,"EITI Standard 2.4 is fully met, which requires all licenses and contracts to be publicly available","To meet this benchmark, countries must: 1) Disclose all contracts and licenses granted, entered into, or amended from 2021 onwards, and 2) Document the government’s policy on disclosure and explain any deviations from the requirements. Meeting this benchmark corresponds to fully meeting the EITI Standard (90 points out of 100). Partial scores correspond to significant implementation (at least 70 points). No score is given for limited or poor implementation (below 70 points).
",Africa and the Middle East,Cote d'Ivoire,ac_ei_03,CIV,1,Partial
ac_ei_bo,Anti-Corruption,Extractives,NA,EITI Validation Data,Extractive Industries Transparency Initiative (EITI),2023,All beneficial ownership information is publicly available,"EITI Standard 2.5 is fully met, which requires that the beneficial owners of all extractive industries be publicly available","To meet this benchmark, countries must: 1) Publicly disclose BO information for all companies, including identity (name, nationality, and country of residence), level of ownership, and how ownership/control is exerted, 2) Document the government’s policy and discussion on BO disclosure, and 3) Assess mechanisms for ensuring reliability of BO data. Disclosure requirements also apply to publicly listed companies, joint ventures, and state-owned enterprises. Meeting this benchmark corresponds to fully meeting the EITI Standard (90 points out of 100). Partial scores correspond to significant implementation (at least 70 points). No score is given for limited or poor implementation (below 70 points).",Africa and the Middle East,Cote d'Ivoire,ac_ei_04,CIV,0,No
ac_ei_allocations,Anti-Corruption,Extractives,NA,EITI Validation Data,Extractive Industries Transparency Initiative (EITI),2023,Information on contract and license allocation is public,"EITI Standard 2.2 is fully met, which requires a public overview of awards and transfers of oil, gas and mining licenses","To meet this benchmark, information on all contract and license awards and transfers since 2021 must be disclosed, including: 1) Description of the process for transfers or awards, 2) Technical and financial criteria used, 3) Recipients of the license, and 4) Material deviations from applicable frameworks. Any gaps must be identified and explained. Where licenses are awarded through a bidding process, applicants and bid criteria must be disclosed. Meeting this benchmark corresponds to fully meeting the EITI Standard (90 points out of 100). Partial scores correspond to significant implementation (at least 70 points). No score is given for limited or poor implementation (below 70 points).",Americas,Dominican Republic,ac_ei_01,DOM,2,Yes
ac_ei_register,Anti-Corruption,Extractives,NA,EITI Validation Data,Extractive Industries Transparency Initiative (EITI),2023,There is a public register of licenses,"EITI Standard 2.3 is fully met, which requires public access to comprehensive information on property rights related to extractive deposits and projects","To meet this benchmark, there must be a publicly available register or cadastre system(s) with information on: 1) License holders, 2) License area size and location, 3) Dates and duration of the license, and 4) Commodity information (if applicable). Any information gaps must be disclosed. Meeting this benchmark corresponds to fully meeting the EITI Standard (90 points out of 100). Partial scores correspond to significant implementation (at least 70 points). No score is given for limited or poor implementation (below 70 points).",Americas,Dominican Republic,ac_ei_02,DOM,2,Yes
ac_ei_contracts,Anti-Corruption,Extractives,NA,EITI Validation Data,Extractive Industries Transparency Initiative (EITI),2023,All contracts and licenses are publicly available,"EITI Standard 2.4 is fully met, which requires all licenses and contracts to be publicly available","To meet this benchmark, countries must: 1) Disclose all contracts and licenses granted, entered into, or amended from 2021 onwards, and 2) Document the government’s policy on disclosure and explain any deviations from the requirements. Meeting this benchmark corresponds to fully meeting the EITI Standard (90 points out of 100). Partial scores correspond to significant implementation (at least 70 points). No score is given for limited or poor implementation (below 70 points).
",Americas,Dominican Republic,ac_ei_03,DOM,2,Yes
ac_ei_bo,Anti-Corruption,Extractives,NA,EITI Validation Data,Extractive Industries Transparency Initiative (EITI),2023,All beneficial ownership information is publicly available,"EITI Standard 2.5 is fully met, which requires that the beneficial owners of all extractive industries be publicly available","To meet this benchmark, countries must: 1) Publicly disclose BO information for all companies, including identity (name, nationality, and country of residence), level of ownership, and how ownership/control is exerted, 2) Document the government’s policy and discussion on BO disclosure, and 3) Assess mechanisms for ensuring reliability of BO data. Disclosure requirements also apply to publicly listed companies, joint ventures, and state-owned enterprises. Meeting this benchmark corresponds to fully meeting the EITI Standard (90 points out of 100). Partial scores correspond to significant implementation (at least 70 points). No score is given for limited or poor implementation (below 70 points).",Americas,Dominican Republic,ac_ei_04,DOM,0,No
ac_ei_contracts,Anti-Corruption,Extractives,NA,EITI Validation Data,Extractive Industries Transparency Initiative (EITI),2025,All contracts and licenses are publicly available,"EITI Standard 2.4 is fully met, which requires all licenses and contracts to be publicly available","To meet this benchmark, countries must: 1) Disclose all contracts and licenses granted, entered into, or amended from 2021 onwards, and 2) Document the government’s policy on disclosure and explain any deviations from the requirements. Meeting this benchmark corresponds to fully meeting the EITI Standard (90 points out of 100). Partial scores correspond to significant implementation (at least 70 points). No score is given for limited or poor implementation (below 70 points).
",Americas,Ecuador,ac_ei_03,ECU,1,Partial
ac_ei_allocations,Anti-Corruption,Extractives,NA,EITI Validation Data,Extractive Industries Transparency Initiative (EITI),2025,Information on contract and license allocation is public,"EITI Standard 2.2 is fully met, which requires a public overview of awards and transfers of oil, gas and mining licenses","To meet this benchmark, information on all contract and license awards and transfers since 2021 must be disclosed, including: 1) Description of the process for transfers or awards, 2) Technical and financial criteria used, 3) Recipients of the license, and 4) Material deviations from applicable frameworks. Any gaps must be identified and explained. Where licenses are awarded through a bidding process, applicants and bid criteria must be disclosed. Meeting this benchmark corresponds to fully meeting the EITI Standard (90 points out of 100). Partial scores correspond to significant implementation (at least 70 points). No score is given for limited or poor implementation (below 70 points).",Americas,Ecuador,ac_ei_01,ECU,1,Partial
ac_ei_register,Anti-Corruption,Extractives,NA,EITI Validation Data,Extractive Industries Transparency Initiative (EITI),2025,There is a public register of licenses,"EITI Standard 2.3 is fully met, which requires public access to comprehensive information on property rights related to extractive deposits and projects","To meet this benchmark, there must be a publicly available register or cadastre system(s) with information on: 1) License holders, 2) License area size and location, 3) Dates and duration of the license, and 4) Commodity information (if applicable). Any information gaps must be disclosed. Meeting this benchmark corresponds to fully meeting the EITI Standard (90 points out of 100). Partial scores correspond to significant implementation (at least 70 points). No score is given for limited or poor implementation (below 70 points).",Americas,Ecuador,ac_ei_02,ECU,1,Partial
ac_ei_bo,Anti-Corruption,Extractives,NA,EITI Validation Data,Extractive Industries Transparency Initiative (EITI),2025,All beneficial ownership information is publicly available,"EITI Standard 2.5 is fully met, which requires that the beneficial owners of all extractive industries be publicly available","To meet this benchmark, countries must: 1) Publicly disclose BO information for all companies, including identity (name, nationality, and country of residence), level of ownership, and how ownership/control is exerted, 2) Document the government’s policy and discussion on BO disclosure, and 3) Assess mechanisms for ensuring reliability of BO data. Disclosure requirements also apply to publicly listed companies, joint ventures, and state-owned enterprises. Meeting this benchmark corresponds to fully meeting the EITI Standard (90 points out of 100). Partial scores correspond to significant implementation (at least 70 points). No score is given for limited or poor implementation (below 70 points).",Americas,Ecuador,ac_ei_04,ECU,0,No
ac_ei_allocations,Anti-Corruption,Extractives,NA,EITI Validation Data,Extractive Industries Transparency Initiative (EITI),2024,Information on contract and license allocation is public,"EITI Standard 2.2 is fully met, which requires a public overview of awards and transfers of oil, gas and mining licenses","To meet this benchmark, information on all contract and license awards and transfers since 2021 must be disclosed, including: 1) Description of the process for transfers or awards, 2) Technical and financial criteria used, 3) Recipients of the license, and 4) Material deviations from applicable frameworks. Any gaps must be identified and explained. Where licenses are awarded through a bidding process, applicants and bid criteria must be disclosed. Meeting this benchmark corresponds to fully meeting the EITI Standard (90 points out of 100). Partial scores correspond to significant implementation (at least 70 points). No score is given for limited or poor implementation (below 70 points).",Europe,Germany,ac_ei_01,DEU,2,Yes
ac_ei_register,Anti-Corruption,Extractives,NA,EITI Validation Data,Extractive Industries Transparency Initiative (EITI),2024,There is a public register of licenses,"EITI Standard 2.3 is fully met, which requires public access to comprehensive information on property rights related to extractive deposits and projects","To meet this benchmark, there must be a publicly available register or cadastre system(s) with information on: 1) License holders, 2) License area size and location, 3) Dates and duration of the license, and 4) Commodity information (if applicable). Any information gaps must be disclosed. Meeting this benchmark corresponds to fully meeting the EITI Standard (90 points out of 100). Partial scores correspond to significant implementation (at least 70 points). No score is given for limited or poor implementation (below 70 points).",Europe,Germany,ac_ei_02,DEU,2,Yes
ac_ei_contracts,Anti-Corruption,Extractives,NA,EITI Validation Data,Extractive Industries Transparency Initiative (EITI),2024,All contracts and licenses are publicly available,"EITI Standard 2.4 is fully met, which requires all licenses and contracts to be publicly available","To meet this benchmark, countries must: 1) Disclose all contracts and licenses granted, entered into, or amended from 2021 onwards, and 2) Document the government’s policy on disclosure and explain any deviations from the requirements. Meeting this benchmark corresponds to fully meeting the EITI Standard (90 points out of 100). Partial scores correspond to significant implementation (at least 70 points). No score is given for limited or poor implementation (below 70 points).
",Europe,Germany,ac_ei_03,DEU,1,Partial
ac_ei_bo,Anti-Corruption,Extractives,NA,EITI Validation Data,Extractive Industries Transparency Initiative (EITI),2024,All beneficial ownership information is publicly available,"EITI Standard 2.5 is fully met, which requires that the beneficial owners of all extractive industries be publicly available","To meet this benchmark, countries must: 1) Publicly disclose BO information for all companies, including identity (name, nationality, and country of residence), level of ownership, and how ownership/control is exerted, 2) Document the government’s policy and discussion on BO disclosure, and 3) Assess mechanisms for ensuring reliability of BO data. Disclosure requirements also apply to publicly listed companies, joint ventures, and state-owned enterprises. Meeting this benchmark corresponds to fully meeting the EITI Standard (90 points out of 100). Partial scores correspond to significant implementation (at least 70 points). No score is given for limited or poor implementation (below 70 points).",Europe,Germany,ac_ei_04,DEU,0,No
ac_ei_allocations,Anti-Corruption,Extractives,NA,EITI Validation Data,Extractive Industries Transparency Initiative (EITI),2024,Information on contract and license allocation is public,"EITI Standard 2.2 is fully met, which requires a public overview of awards and transfers of oil, gas and mining licenses","To meet this benchmark, information on all contract and license awards and transfers since 2021 must be disclosed, including: 1) Description of the process for transfers or awards, 2) Technical and financial criteria used, 3) Recipients of the license, and 4) Material deviations from applicable frameworks. Any gaps must be identified and explained. Where licenses are awarded through a bidding process, applicants and bid criteria must be disclosed. Meeting this benchmark corresponds to fully meeting the EITI Standard (90 points out of 100). Partial scores correspond to significant implementation (at least 70 points). No score is given for limited or poor implementation (below 70 points).",Africa and the Middle East,Ghana,ac_ei_01,GHA,1,Partial
ac_ei_register,Anti-Corruption,Extractives,NA,EITI Validation Data,Extractive Industries Transparency Initiative (EITI),2024,There is a public register of licenses,"EITI Standard 2.3 is fully met, which requires public access to comprehensive information on property rights related to extractive deposits and projects","To meet this benchmark, there must be a publicly available register or cadastre system(s) with information on: 1) License holders, 2) License area size and location, 3) Dates and duration of the license, and 4) Commodity information (if applicable). Any information gaps must be disclosed. Meeting this benchmark corresponds to fully meeting the EITI Standard (90 points out of 100). Partial scores correspond to significant implementation (at least 70 points). No score is given for limited or poor implementation (below 70 points).",Africa and the Middle East,Ghana,ac_ei_02,GHA,2,Yes
ac_ei_contracts,Anti-Corruption,Extractives,NA,EITI Validation Data,Extractive Industries Transparency Initiative (EITI),2024,All contracts and licenses are publicly available,"EITI Standard 2.4 is fully met, which requires all licenses and contracts to be publicly available","To meet this benchmark, countries must: 1) Disclose all contracts and licenses granted, entered into, or amended from 2021 onwards, and 2) Document the government’s policy on disclosure and explain any deviations from the requirements. Meeting this benchmark corresponds to fully meeting the EITI Standard (90 points out of 100). Partial scores correspond to significant implementation (at least 70 points). No score is given for limited or poor implementation (below 70 points).
",Africa and the Middle East,Ghana,ac_ei_03,GHA,1,Partial
ac_ei_bo,Anti-Corruption,Extractives,NA,EITI Validation Data,Extractive Industries Transparency Initiative (EITI),2024,All beneficial ownership information is publicly available,"EITI Standard 2.5 is fully met, which requires that the beneficial owners of all extractive industries be publicly available","To meet this benchmark, countries must: 1) Publicly disclose BO information for all companies, including identity (name, nationality, and country of residence), level of ownership, and how ownership/control is exerted, 2) Document the government’s policy and discussion on BO disclosure, and 3) Assess mechanisms for ensuring reliability of BO data. Disclosure requirements also apply to publicly listed companies, joint ventures, and state-owned enterprises. Meeting this benchmark corresponds to fully meeting the EITI Standard (90 points out of 100). Partial scores correspond to significant implementation (at least 70 points). No score is given for limited or poor implementation (below 70 points).",Africa and the Middle East,Ghana,ac_ei_04,GHA,1,Partial
ac_ei_allocations,Anti-Corruption,Extractives,NA,EITI Validation Data,Extractive Industries Transparency Initiative (EITI),2020,Information on contract and license allocation is public,"EITI Standard 2.2 is fully met, which requires a public overview of awards and transfers of oil, gas and mining licenses","To meet this benchmark, information on all contract and license awards and transfers since 2021 must be disclosed, including: 1) Description of the process for transfers or awards, 2) Technical and financial criteria used, 3) Recipients of the license, and 4) Material deviations from applicable frameworks. Any gaps must be identified and explained. Where licenses are awarded through a bidding process, applicants and bid criteria must be disclosed. Meeting this benchmark corresponds to fully meeting the EITI Standard (90 points out of 100). Partial scores correspond to significant implementation (at least 70 points). No score is given for limited or poor implementation (below 70 points).",Americas,Guatemala,ac_ei_01,GTM,0,No
ac_ei_register,Anti-Corruption,Extractives,NA,EITI Validation Data,Extractive Industries Transparency Initiative (EITI),2020,There is a public register of licenses,"EITI Standard 2.3 is fully met, which requires public access to comprehensive information on property rights related to extractive deposits and projects","To meet this benchmark, there must be a publicly available register or cadastre system(s) with information on: 1) License holders, 2) License area size and location, 3) Dates and duration of the license, and 4) Commodity information (if applicable). Any information gaps must be disclosed. Meeting this benchmark corresponds to fully meeting the EITI Standard (90 points out of 100). Partial scores correspond to significant implementation (at least 70 points). No score is given for limited or poor implementation (below 70 points).",Americas,Guatemala,ac_ei_02,GTM,1,Partial
ac_ei_contracts,Anti-Corruption,Extractives,NA,EITI Validation Data,Extractive Industries Transparency Initiative (EITI),2020,All contracts and licenses are publicly available,"EITI Standard 2.4 is fully met, which requires all licenses and contracts to be publicly available","To meet this benchmark, countries must: 1) Disclose all contracts and licenses granted, entered into, or amended from 2021 onwards, and 2) Document the government’s policy on disclosure and explain any deviations from the requirements. Meeting this benchmark corresponds to fully meeting the EITI Standard (90 points out of 100). Partial scores correspond to significant implementation (at least 70 points). No score is given for limited or poor implementation (below 70 points).
",Americas,Guatemala,ac_ei_03,GTM,2,Yes
ac_ei_bo,Anti-Corruption,Extractives,NA,EITI Validation Data,Extractive Industries Transparency Initiative (EITI),2020,All beneficial ownership information is publicly available,"EITI Standard 2.5 is fully met, which requires that the beneficial owners of all extractive industries be publicly available","To meet this benchmark, countries must: 1) Publicly disclose BO information for all companies, including identity (name, nationality, and country of residence), level of ownership, and how ownership/control is exerted, 2) Document the government’s policy and discussion on BO disclosure, and 3) Assess mechanisms for ensuring reliability of BO data. Disclosure requirements also apply to publicly listed companies, joint ventures, and state-owned enterprises. Meeting this benchmark corresponds to fully meeting the EITI Standard (90 points out of 100). Partial scores correspond to significant implementation (at least 70 points). No score is given for limited or poor implementation (below 70 points).",Americas,Guatemala,ac_ei_04,GTM,0,NA
ac_ei_allocations,Anti-Corruption,Extractives,NA,EITI Validation Data,Extractive Industries Transparency Initiative (EITI),2020,Information on contract and license allocation is public,"EITI Standard 2.2 is fully met, which requires a public overview of awards and transfers of oil, gas and mining licenses","To meet this benchmark, information on all contract and license awards and transfers since 2021 must be disclosed, including: 1) Description of the process for transfers or awards, 2) Technical and financial criteria used, 3) Recipients of the license, and 4) Material deviations from applicable frameworks. Any gaps must be identified and explained. Where licenses are awarded through a bidding process, applicants and bid criteria must be disclosed. Meeting this benchmark corresponds to fully meeting the EITI Standard (90 points out of 100). Partial scores correspond to significant implementation (at least 70 points). No score is given for limited or poor implementation (below 70 points).",Americas,Honduras,ac_ei_01,HND,2,Yes
ac_ei_register,Anti-Corruption,Extractives,NA,EITI Validation Data,Extractive Industries Transparency Initiative (EITI),2020,There is a public register of licenses,"EITI Standard 2.3 is fully met, which requires public access to comprehensive information on property rights related to extractive deposits and projects","To meet this benchmark, there must be a publicly available register or cadastre system(s) with information on: 1) License holders, 2) License area size and location, 3) Dates and duration of the license, and 4) Commodity information (if applicable). Any information gaps must be disclosed. Meeting this benchmark corresponds to fully meeting the EITI Standard (90 points out of 100). Partial scores correspond to significant implementation (at least 70 points). No score is given for limited or poor implementation (below 70 points).",Americas,Honduras,ac_ei_02,HND,2,Yes
ac_ei_contracts,Anti-Corruption,Extractives,NA,EITI Validation Data,Extractive Industries Transparency Initiative (EITI),2020,All contracts and licenses are publicly available,"EITI Standard 2.4 is fully met, which requires all licenses and contracts to be publicly available","To meet this benchmark, countries must: 1) Disclose all contracts and licenses granted, entered into, or amended from 2021 onwards, and 2) Document the government’s policy on disclosure and explain any deviations from the requirements. Meeting this benchmark corresponds to fully meeting the EITI Standard (90 points out of 100). Partial scores correspond to significant implementation (at least 70 points). No score is given for limited or poor implementation (below 70 points).
",Americas,Honduras,ac_ei_03,HND,2,Yes
ac_ei_bo,Anti-Corruption,Extractives,NA,EITI Validation Data,Extractive Industries Transparency Initiative (EITI),2020,All beneficial ownership information is publicly available,"EITI Standard 2.5 is fully met, which requires that the beneficial owners of all extractive industries be publicly available","To meet this benchmark, countries must: 1) Publicly disclose BO information for all companies, including identity (name, nationality, and country of residence), level of ownership, and how ownership/control is exerted, 2) Document the government’s policy and discussion on BO disclosure, and 3) Assess mechanisms for ensuring reliability of BO data. Disclosure requirements also apply to publicly listed companies, joint ventures, and state-owned enterprises. Meeting this benchmark corresponds to fully meeting the EITI Standard (90 points out of 100). Partial scores correspond to significant implementation (at least 70 points). No score is given for limited or poor implementation (below 70 points).",Americas,Honduras,ac_ei_04,HND,0,NA
ac_ei_allocations,Anti-Corruption,Extractives,NA,EITI Validation Data,Extractive Industries Transparency Initiative (EITI),2024,Information on contract and license allocation is public,"EITI Standard 2.2 is fully met, which requires a public overview of awards and transfers of oil, gas and mining licenses","To meet this benchmark, information on all contract and license awards and transfers since 2021 must be disclosed, including: 1) Description of the process for transfers or awards, 2) Technical and financial criteria used, 3) Recipients of the license, and 4) Material deviations from applicable frameworks. Any gaps must be identified and explained. Where licenses are awarded through a bidding process, applicants and bid criteria must be disclosed. Meeting this benchmark corresponds to fully meeting the EITI Standard (90 points out of 100). Partial scores correspond to significant implementation (at least 70 points). No score is given for limited or poor implementation (below 70 points).",Asia and the Pacific,Indonesia,ac_ei_01,IDN,1,Partial
ac_ei_register,Anti-Corruption,Extractives,NA,EITI Validation Data,Extractive Industries Transparency Initiative (EITI),2024,There is a public register of licenses,"EITI Standard 2.3 is fully met, which requires public access to comprehensive information on property rights related to extractive deposits and projects","To meet this benchmark, there must be a publicly available register or cadastre system(s) with information on: 1) License holders, 2) License area size and location, 3) Dates and duration of the license, and 4) Commodity information (if applicable). Any information gaps must be disclosed. Meeting this benchmark corresponds to fully meeting the EITI Standard (90 points out of 100). Partial scores correspond to significant implementation (at least 70 points). No score is given for limited or poor implementation (below 70 points).",Asia and the Pacific,Indonesia,ac_ei_02,IDN,2,Yes
ac_ei_contracts,Anti-Corruption,Extractives,NA,EITI Validation Data,Extractive Industries Transparency Initiative (EITI),2024,All contracts and licenses are publicly available,"EITI Standard 2.4 is fully met, which requires all licenses and contracts to be publicly available","To meet this benchmark, countries must: 1) Disclose all contracts and licenses granted, entered into, or amended from 2021 onwards, and 2) Document the government’s policy on disclosure and explain any deviations from the requirements. Meeting this benchmark corresponds to fully meeting the EITI Standard (90 points out of 100). Partial scores correspond to significant implementation (at least 70 points). No score is given for limited or poor implementation (below 70 points).
",Asia and the Pacific,Indonesia,ac_ei_03,IDN,0,No
ac_ei_bo,Anti-Corruption,Extractives,NA,EITI Validation Data,Extractive Industries Transparency Initiative (EITI),2024,All beneficial ownership information is publicly available,"EITI Standard 2.5 is fully met, which requires that the beneficial owners of all extractive industries be publicly available","To meet this benchmark, countries must: 1) Publicly disclose BO information for all companies, including identity (name, nationality, and country of residence), level of ownership, and how ownership/control is exerted, 2) Document the government’s policy and discussion on BO disclosure, and 3) Assess mechanisms for ensuring reliability of BO data. Disclosure requirements also apply to publicly listed companies, joint ventures, and state-owned enterprises. Meeting this benchmark corresponds to fully meeting the EITI Standard (90 points out of 100). Partial scores correspond to significant implementation (at least 70 points). No score is given for limited or poor implementation (below 70 points).",Asia and the Pacific,Indonesia,ac_ei_04,IDN,1,Partial
ac_ei_allocations,Anti-Corruption,Extractives,NA,EITI Validation Data,Extractive Industries Transparency Initiative (EITI),2022,Information on contract and license allocation is public,"EITI Standard 2.2 is fully met, which requires a public overview of awards and transfers of oil, gas and mining licenses","To meet this benchmark, information on all contract and license awards and transfers since 2021 must be disclosed, including: 1) Description of the process for transfers or awards, 2) Technical and financial criteria used, 3) Recipients of the license, and 4) Material deviations from applicable frameworks. Any gaps must be identified and explained. Where licenses are awarded through a bidding process, applicants and bid criteria must be disclosed. Meeting this benchmark corresponds to fully meeting the EITI Standard (90 points out of 100). Partial scores correspond to significant implementation (at least 70 points). No score is given for limited or poor implementation (below 70 points).",Africa and the Middle East,Malawi,ac_ei_01,MWI,1,Partial
ac_ei_register,Anti-Corruption,Extractives,NA,EITI Validation Data,Extractive Industries Transparency Initiative (EITI),2022,There is a public register of licenses,"EITI Standard 2.3 is fully met, which requires public access to comprehensive information on property rights related to extractive deposits and projects","To meet this benchmark, there must be a publicly available register or cadastre system(s) with information on: 1) License holders, 2) License area size and location, 3) Dates and duration of the license, and 4) Commodity information (if applicable). Any information gaps must be disclosed. Meeting this benchmark corresponds to fully meeting the EITI Standard (90 points out of 100). Partial scores correspond to significant implementation (at least 70 points). No score is given for limited or poor implementation (below 70 points).",Africa and the Middle East,Malawi,ac_ei_02,MWI,2,Yes
ac_ei_contracts,Anti-Corruption,Extractives,NA,EITI Validation Data,Extractive Industries Transparency Initiative (EITI),2022,All contracts and licenses are publicly available,"EITI Standard 2.4 is fully met, which requires all licenses and contracts to be publicly available","To meet this benchmark, countries must: 1) Disclose all contracts and licenses granted, entered into, or amended from 2021 onwards, and 2) Document the government’s policy on disclosure and explain any deviations from the requirements. Meeting this benchmark corresponds to fully meeting the EITI Standard (90 points out of 100). Partial scores correspond to significant implementation (at least 70 points). No score is given for limited or poor implementation (below 70 points).
",Africa and the Middle East,Malawi,ac_ei_03,MWI,1,Partial
ac_ei_bo,Anti-Corruption,Extractives,NA,EITI Validation Data,Extractive Industries Transparency Initiative (EITI),2022,All beneficial ownership information is publicly available,"EITI Standard 2.5 is fully met, which requires that the beneficial owners of all extractive industries be publicly available","To meet this benchmark, countries must: 1) Publicly disclose BO information for all companies, including identity (name, nationality, and country of residence), level of ownership, and how ownership/control is exerted, 2) Document the government’s policy and discussion on BO disclosure, and 3) Assess mechanisms for ensuring reliability of BO data. Disclosure requirements also apply to publicly listed companies, joint ventures, and state-owned enterprises. Meeting this benchmark corresponds to fully meeting the EITI Standard (90 points out of 100). Partial scores correspond to significant implementation (at least 70 points). No score is given for limited or poor implementation (below 70 points).",Africa and the Middle East,Malawi,ac_ei_04,MWI,0,No
ac_ei_allocations,Anti-Corruption,Extractives,NA,EITI Validation Data,Extractive Industries Transparency Initiative (EITI),2022,Information on contract and license allocation is public,"EITI Standard 2.2 is fully met, which requires a public overview of awards and transfers of oil, gas and mining licenses","To meet this benchmark, information on all contract and license awards and transfers since 2021 must be disclosed, including: 1) Description of the process for transfers or awards, 2) Technical and financial criteria used, 3) Recipients of the license, and 4) Material deviations from applicable frameworks. Any gaps must be identified and explained. Where licenses are awarded through a bidding process, applicants and bid criteria must be disclosed. Meeting this benchmark corresponds to fully meeting the EITI Standard (90 points out of 100). Partial scores correspond to significant implementation (at least 70 points). No score is given for limited or poor implementation (below 70 points).",Americas,Mexico,ac_ei_01,MEX,1,Partial
ac_ei_register,Anti-Corruption,Extractives,NA,EITI Validation Data,Extractive Industries Transparency Initiative (EITI),2022,There is a public register of licenses,"EITI Standard 2.3 is fully met, which requires public access to comprehensive information on property rights related to extractive deposits and projects","To meet this benchmark, there must be a publicly available register or cadastre system(s) with information on: 1) License holders, 2) License area size and location, 3) Dates and duration of the license, and 4) Commodity information (if applicable). Any information gaps must be disclosed. Meeting this benchmark corresponds to fully meeting the EITI Standard (90 points out of 100). Partial scores correspond to significant implementation (at least 70 points). No score is given for limited or poor implementation (below 70 points).",Americas,Mexico,ac_ei_02,MEX,1,Partial
ac_ei_contracts,Anti-Corruption,Extractives,NA,EITI Validation Data,Extractive Industries Transparency Initiative (EITI),2022,All contracts and licenses are publicly available,"EITI Standard 2.4 is fully met, which requires all licenses and contracts to be publicly available","To meet this benchmark, countries must: 1) Disclose all contracts and licenses granted, entered into, or amended from 2021 onwards, and 2) Document the government’s policy on disclosure and explain any deviations from the requirements. Meeting this benchmark corresponds to fully meeting the EITI Standard (90 points out of 100). Partial scores correspond to significant implementation (at least 70 points). No score is given for limited or poor implementation (below 70 points).
",Americas,Mexico,ac_ei_03,MEX,1,Partial
ac_ei_bo,Anti-Corruption,Extractives,NA,EITI Validation Data,Extractive Industries Transparency Initiative (EITI),2022,All beneficial ownership information is publicly available,"EITI Standard 2.5 is fully met, which requires that the beneficial owners of all extractive industries be publicly available","To meet this benchmark, countries must: 1) Publicly disclose BO information for all companies, including identity (name, nationality, and country of residence), level of ownership, and how ownership/control is exerted, 2) Document the government’s policy and discussion on BO disclosure, and 3) Assess mechanisms for ensuring reliability of BO data. Disclosure requirements also apply to publicly listed companies, joint ventures, and state-owned enterprises. Meeting this benchmark corresponds to fully meeting the EITI Standard (90 points out of 100). Partial scores correspond to significant implementation (at least 70 points). No score is given for limited or poor implementation (below 70 points).",Americas,Mexico,ac_ei_04,MEX,0,No
ac_ei_allocations,Anti-Corruption,Extractives,NA,EITI Validation Data,Extractive Industries Transparency Initiative (EITI),2022,Information on contract and license allocation is public,"EITI Standard 2.2 is fully met, which requires a public overview of awards and transfers of oil, gas and mining licenses","To meet this benchmark, information on all contract and license awards and transfers since 2021 must be disclosed, including: 1) Description of the process for transfers or awards, 2) Technical and financial criteria used, 3) Recipients of the license, and 4) Material deviations from applicable frameworks. Any gaps must be identified and explained. Where licenses are awarded through a bidding process, applicants and bid criteria must be disclosed. Meeting this benchmark corresponds to fully meeting the EITI Standard (90 points out of 100). Partial scores correspond to significant implementation (at least 70 points). No score is given for limited or poor implementation (below 70 points).",Asia and the Pacific,Mongolia,ac_ei_01,MNG,1,Partial
ac_ei_register,Anti-Corruption,Extractives,NA,EITI Validation Data,Extractive Industries Transparency Initiative (EITI),2022,There is a public register of licenses,"EITI Standard 2.3 is fully met, which requires public access to comprehensive information on property rights related to extractive deposits and projects","To meet this benchmark, there must be a publicly available register or cadastre system(s) with information on: 1) License holders, 2) License area size and location, 3) Dates and duration of the license, and 4) Commodity information (if applicable). Any information gaps must be disclosed. Meeting this benchmark corresponds to fully meeting the EITI Standard (90 points out of 100). Partial scores correspond to significant implementation (at least 70 points). No score is given for limited or poor implementation (below 70 points).",Asia and the Pacific,Mongolia,ac_ei_02,MNG,2,Yes
ac_ei_contracts,Anti-Corruption,Extractives,NA,EITI Validation Data,Extractive Industries Transparency Initiative (EITI),2022,All contracts and licenses are publicly available,"EITI Standard 2.4 is fully met, which requires all licenses and contracts to be publicly available","To meet this benchmark, countries must: 1) Disclose all contracts and licenses granted, entered into, or amended from 2021 onwards, and 2) Document the government’s policy on disclosure and explain any deviations from the requirements. Meeting this benchmark corresponds to fully meeting the EITI Standard (90 points out of 100). Partial scores correspond to significant implementation (at least 70 points). No score is given for limited or poor implementation (below 70 points).
",Asia and the Pacific,Mongolia,ac_ei_03,MNG,1,Partial
ac_ei_bo,Anti-Corruption,Extractives,NA,EITI Validation Data,Extractive Industries Transparency Initiative (EITI),2022,All beneficial ownership information is publicly available,"EITI Standard 2.5 is fully met, which requires that the beneficial owners of all extractive industries be publicly available","To meet this benchmark, countries must: 1) Publicly disclose BO information for all companies, including identity (name, nationality, and country of residence), level of ownership, and how ownership/control is exerted, 2) Document the government’s policy and discussion on BO disclosure, and 3) Assess mechanisms for ensuring reliability of BO data. Disclosure requirements also apply to publicly listed companies, joint ventures, and state-owned enterprises. Meeting this benchmark corresponds to fully meeting the EITI Standard (90 points out of 100). Partial scores correspond to significant implementation (at least 70 points). No score is given for limited or poor implementation (below 70 points).",Asia and the Pacific,Mongolia,ac_ei_04,MNG,1,Partial
ac_ei_allocations,Anti-Corruption,Extractives,NA,EITI Validation Data,Extractive Industries Transparency Initiative (EITI),2021,Information on contract and license allocation is public,"EITI Standard 2.2 is fully met, which requires a public overview of awards and transfers of oil, gas and mining licenses","To meet this benchmark, information on all contract and license awards and transfers since 2021 must be disclosed, including: 1) Description of the process for transfers or awards, 2) Technical and financial criteria used, 3) Recipients of the license, and 4) Material deviations from applicable frameworks. Any gaps must be identified and explained. Where licenses are awarded through a bidding process, applicants and bid criteria must be disclosed. Meeting this benchmark corresponds to fully meeting the EITI Standard (90 points out of 100). Partial scores correspond to significant implementation (at least 70 points). No score is given for limited or poor implementation (below 70 points).",Europe,Netherlands,ac_ei_01,NLD,1,Partial
ac_ei_register,Anti-Corruption,Extractives,NA,EITI Validation Data,Extractive Industries Transparency Initiative (EITI),2021,There is a public register of licenses,"EITI Standard 2.3 is fully met, which requires public access to comprehensive information on property rights related to extractive deposits and projects","To meet this benchmark, there must be a publicly available register or cadastre system(s) with information on: 1) License holders, 2) License area size and location, 3) Dates and duration of the license, and 4) Commodity information (if applicable). Any information gaps must be disclosed. Meeting this benchmark corresponds to fully meeting the EITI Standard (90 points out of 100). Partial scores correspond to significant implementation (at least 70 points). No score is given for limited or poor implementation (below 70 points).",Europe,Netherlands,ac_ei_02,NLD,1,Partial
ac_ei_contracts,Anti-Corruption,Extractives,NA,EITI Validation Data,Extractive Industries Transparency Initiative (EITI),2021,All contracts and licenses are publicly available,"EITI Standard 2.4 is fully met, which requires all licenses and contracts to be publicly available","To meet this benchmark, countries must: 1) Disclose all contracts and licenses granted, entered into, or amended from 2021 onwards, and 2) Document the government’s policy on disclosure and explain any deviations from the requirements. Meeting this benchmark corresponds to fully meeting the EITI Standard (90 points out of 100). Partial scores correspond to significant implementation (at least 70 points). No score is given for limited or poor implementation (below 70 points).
",Europe,Netherlands,ac_ei_03,NLD,0,No
ac_ei_bo,Anti-Corruption,Extractives,NA,EITI Validation Data,Extractive Industries Transparency Initiative (EITI),2021,All beneficial ownership information is publicly available,"EITI Standard 2.5 is fully met, which requires that the beneficial owners of all extractive industries be publicly available","To meet this benchmark, countries must: 1) Publicly disclose BO information for all companies, including identity (name, nationality, and country of residence), level of ownership, and how ownership/control is exerted, 2) Document the government’s policy and discussion on BO disclosure, and 3) Assess mechanisms for ensuring reliability of BO data. Disclosure requirements also apply to publicly listed companies, joint ventures, and state-owned enterprises. Meeting this benchmark corresponds to fully meeting the EITI Standard (90 points out of 100). Partial scores correspond to significant implementation (at least 70 points). No score is given for limited or poor implementation (below 70 points).",Europe,Netherlands,ac_ei_04,NLD,1,Partial
ac_ei_allocations,Anti-Corruption,Extractives,NA,EITI Validation Data,Extractive Industries Transparency Initiative (EITI),2023,Information on contract and license allocation is public,"EITI Standard 2.2 is fully met, which requires a public overview of awards and transfers of oil, gas and mining licenses","To meet this benchmark, information on all contract and license awards and transfers since 2021 must be disclosed, including: 1) Description of the process for transfers or awards, 2) Technical and financial criteria used, 3) Recipients of the license, and 4) Material deviations from applicable frameworks. Any gaps must be identified and explained. Where licenses are awarded through a bidding process, applicants and bid criteria must be disclosed. Meeting this benchmark corresponds to fully meeting the EITI Standard (90 points out of 100). Partial scores correspond to significant implementation (at least 70 points). No score is given for limited or poor implementation (below 70 points).",Africa and the Middle East,Nigeria,ac_ei_01,NGA,0,No
ac_ei_register,Anti-Corruption,Extractives,NA,EITI Validation Data,Extractive Industries Transparency Initiative (EITI),2023,There is a public register of licenses,"EITI Standard 2.3 is fully met, which requires public access to comprehensive information on property rights related to extractive deposits and projects","To meet this benchmark, there must be a publicly available register or cadastre system(s) with information on: 1) License holders, 2) License area size and location, 3) Dates and duration of the license, and 4) Commodity information (if applicable). Any information gaps must be disclosed. Meeting this benchmark corresponds to fully meeting the EITI Standard (90 points out of 100). Partial scores correspond to significant implementation (at least 70 points). No score is given for limited or poor implementation (below 70 points).",Africa and the Middle East,Nigeria,ac_ei_02,NGA,0,No
ac_ei_contracts,Anti-Corruption,Extractives,NA,EITI Validation Data,Extractive Industries Transparency Initiative (EITI),2023,All contracts and licenses are publicly available,"EITI Standard 2.4 is fully met, which requires all licenses and contracts to be publicly available","To meet this benchmark, countries must: 1) Disclose all contracts and licenses granted, entered into, or amended from 2021 onwards, and 2) Document the government’s policy on disclosure and explain any deviations from the requirements. Meeting this benchmark corresponds to fully meeting the EITI Standard (90 points out of 100). Partial scores correspond to significant implementation (at least 70 points). No score is given for limited or poor implementation (below 70 points).
",Africa and the Middle East,Nigeria,ac_ei_03,NGA,0,No
ac_ei_bo,Anti-Corruption,Extractives,NA,EITI Validation Data,Extractive Industries Transparency Initiative (EITI),2023,All beneficial ownership information is publicly available,"EITI Standard 2.5 is fully met, which requires that the beneficial owners of all extractive industries be publicly available","To meet this benchmark, countries must: 1) Publicly disclose BO information for all companies, including identity (name, nationality, and country of residence), level of ownership, and how ownership/control is exerted, 2) Document the government’s policy and discussion on BO disclosure, and 3) Assess mechanisms for ensuring reliability of BO data. Disclosure requirements also apply to publicly listed companies, joint ventures, and state-owned enterprises. Meeting this benchmark corresponds to fully meeting the EITI Standard (90 points out of 100). Partial scores correspond to significant implementation (at least 70 points). No score is given for limited or poor implementation (below 70 points).",Africa and the Middle East,Nigeria,ac_ei_04,NGA,1,Partial
ac_ei_allocations,Anti-Corruption,Extractives,NA,EITI Validation Data,Extractive Industries Transparency Initiative (EITI),2023,Information on contract and license allocation is public,"EITI Standard 2.2 is fully met, which requires a public overview of awards and transfers of oil, gas and mining licenses","To meet this benchmark, information on all contract and license awards and transfers since 2021 must be disclosed, including: 1) Description of the process for transfers or awards, 2) Technical and financial criteria used, 3) Recipients of the license, and 4) Material deviations from applicable frameworks. Any gaps must be identified and explained. Where licenses are awarded through a bidding process, applicants and bid criteria must be disclosed. Meeting this benchmark corresponds to fully meeting the EITI Standard (90 points out of 100). Partial scores correspond to significant implementation (at least 70 points). No score is given for limited or poor implementation (below 70 points).",Europe,Norway,ac_ei_01,NOR,2,Yes
ac_ei_register,Anti-Corruption,Extractives,NA,EITI Validation Data,Extractive Industries Transparency Initiative (EITI),2023,There is a public register of licenses,"EITI Standard 2.3 is fully met, which requires public access to comprehensive information on property rights related to extractive deposits and projects","To meet this benchmark, there must be a publicly available register or cadastre system(s) with information on: 1) License holders, 2) License area size and location, 3) Dates and duration of the license, and 4) Commodity information (if applicable). Any information gaps must be disclosed. Meeting this benchmark corresponds to fully meeting the EITI Standard (90 points out of 100). Partial scores correspond to significant implementation (at least 70 points). No score is given for limited or poor implementation (below 70 points).",Europe,Norway,ac_ei_02,NOR,2,Yes
ac_ei_contracts,Anti-Corruption,Extractives,NA,EITI Validation Data,Extractive Industries Transparency Initiative (EITI),2023,All contracts and licenses are publicly available,"EITI Standard 2.4 is fully met, which requires all licenses and contracts to be publicly available","To meet this benchmark, countries must: 1) Disclose all contracts and licenses granted, entered into, or amended from 2021 onwards, and 2) Document the government’s policy on disclosure and explain any deviations from the requirements. Meeting this benchmark corresponds to fully meeting the EITI Standard (90 points out of 100). Partial scores correspond to significant implementation (at least 70 points). No score is given for limited or poor implementation (below 70 points).
",Europe,Norway,ac_ei_03,NOR,2,Yes
ac_ei_bo,Anti-Corruption,Extractives,NA,EITI Validation Data,Extractive Industries Transparency Initiative (EITI),2023,All beneficial ownership information is publicly available,"EITI Standard 2.5 is fully met, which requires that the beneficial owners of all extractive industries be publicly available","To meet this benchmark, countries must: 1) Publicly disclose BO information for all companies, including identity (name, nationality, and country of residence), level of ownership, and how ownership/control is exerted, 2) Document the government’s policy and discussion on BO disclosure, and 3) Assess mechanisms for ensuring reliability of BO data. Disclosure requirements also apply to publicly listed companies, joint ventures, and state-owned enterprises. Meeting this benchmark corresponds to fully meeting the EITI Standard (90 points out of 100). Partial scores correspond to significant implementation (at least 70 points). No score is given for limited or poor implementation (below 70 points).",Europe,Norway,ac_ei_04,NOR,0,No
ac_ei_allocations,Anti-Corruption,Extractives,NA,EITI Validation Data,Extractive Industries Transparency Initiative (EITI),2022,Information on contract and license allocation is public,"EITI Standard 2.2 is fully met, which requires a public overview of awards and transfers of oil, gas and mining licenses","To meet this benchmark, information on all contract and license awards and transfers since 2021 must be disclosed, including: 1) Description of the process for transfers or awards, 2) Technical and financial criteria used, 3) Recipients of the license, and 4) Material deviations from applicable frameworks. Any gaps must be identified and explained. Where licenses are awarded through a bidding process, applicants and bid criteria must be disclosed. Meeting this benchmark corresponds to fully meeting the EITI Standard (90 points out of 100). Partial scores correspond to significant implementation (at least 70 points). No score is given for limited or poor implementation (below 70 points).",Asia and the Pacific,Papua New Guinea,ac_ei_01,PNG,0,No
ac_ei_register,Anti-Corruption,Extractives,NA,EITI Validation Data,Extractive Industries Transparency Initiative (EITI),2022,There is a public register of licenses,"EITI Standard 2.3 is fully met, which requires public access to comprehensive information on property rights related to extractive deposits and projects","To meet this benchmark, there must be a publicly available register or cadastre system(s) with information on: 1) License holders, 2) License area size and location, 3) Dates and duration of the license, and 4) Commodity information (if applicable). Any information gaps must be disclosed. Meeting this benchmark corresponds to fully meeting the EITI Standard (90 points out of 100). Partial scores correspond to significant implementation (at least 70 points). No score is given for limited or poor implementation (below 70 points).",Asia and the Pacific,Papua New Guinea,ac_ei_02,PNG,1,Partial
ac_ei_contracts,Anti-Corruption,Extractives,NA,EITI Validation Data,Extractive Industries Transparency Initiative (EITI),2022,All contracts and licenses are publicly available,"EITI Standard 2.4 is fully met, which requires all licenses and contracts to be publicly available","To meet this benchmark, countries must: 1) Disclose all contracts and licenses granted, entered into, or amended from 2021 onwards, and 2) Document the government’s policy on disclosure and explain any deviations from the requirements. Meeting this benchmark corresponds to fully meeting the EITI Standard (90 points out of 100). Partial scores correspond to significant implementation (at least 70 points). No score is given for limited or poor implementation (below 70 points).
",Asia and the Pacific,Papua New Guinea,ac_ei_03,PNG,0,No
ac_ei_bo,Anti-Corruption,Extractives,NA,EITI Validation Data,Extractive Industries Transparency Initiative (EITI),2022,All beneficial ownership information is publicly available,"EITI Standard 2.5 is fully met, which requires that the beneficial owners of all extractive industries be publicly available","To meet this benchmark, countries must: 1) Publicly disclose BO information for all companies, including identity (name, nationality, and country of residence), level of ownership, and how ownership/control is exerted, 2) Document the government’s policy and discussion on BO disclosure, and 3) Assess mechanisms for ensuring reliability of BO data. Disclosure requirements also apply to publicly listed companies, joint ventures, and state-owned enterprises. Meeting this benchmark corresponds to fully meeting the EITI Standard (90 points out of 100). Partial scores correspond to significant implementation (at least 70 points). No score is given for limited or poor implementation (below 70 points).",Asia and the Pacific,Papua New Guinea,ac_ei_04,PNG,0,No
ac_ei_allocations,Anti-Corruption,Extractives,NA,EITI Validation Data,Extractive Industries Transparency Initiative (EITI),2025,Information on contract and license allocation is public,"EITI Standard 2.2 is fully met, which requires a public overview of awards and transfers of oil, gas and mining licenses","To meet this benchmark, information on all contract and license awards and transfers since 2021 must be disclosed, including: 1) Description of the process for transfers or awards, 2) Technical and financial criteria used, 3) Recipients of the license, and 4) Material deviations from applicable frameworks. Any gaps must be identified and explained. Where licenses are awarded through a bidding process, applicants and bid criteria must be disclosed. Meeting this benchmark corresponds to fully meeting the EITI Standard (90 points out of 100). Partial scores correspond to significant implementation (at least 70 points). No score is given for limited or poor implementation (below 70 points).",Americas,Peru,ac_ei_01,PER,1,Partial
ac_ei_register,Anti-Corruption,Extractives,NA,EITI Validation Data,Extractive Industries Transparency Initiative (EITI),2025,There is a public register of licenses,"EITI Standard 2.3 is fully met, which requires public access to comprehensive information on property rights related to extractive deposits and projects","To meet this benchmark, there must be a publicly available register or cadastre system(s) with information on: 1) License holders, 2) License area size and location, 3) Dates and duration of the license, and 4) Commodity information (if applicable). Any information gaps must be disclosed. Meeting this benchmark corresponds to fully meeting the EITI Standard (90 points out of 100). Partial scores correspond to significant implementation (at least 70 points). No score is given for limited or poor implementation (below 70 points).",Americas,Peru,ac_ei_02,PER,1,Partial
ac_ei_contracts,Anti-Corruption,Extractives,NA,EITI Validation Data,Extractive Industries Transparency Initiative (EITI),2025,All contracts and licenses are publicly available,"EITI Standard 2.4 is fully met, which requires all licenses and contracts to be publicly available","To meet this benchmark, countries must: 1) Disclose all contracts and licenses granted, entered into, or amended from 2021 onwards, and 2) Document the government’s policy on disclosure and explain any deviations from the requirements. Meeting this benchmark corresponds to fully meeting the EITI Standard (90 points out of 100). Partial scores correspond to significant implementation (at least 70 points). No score is given for limited or poor implementation (below 70 points).
",Americas,Peru,ac_ei_03,PER,2,Yes
ac_ei_bo,Anti-Corruption,Extractives,NA,EITI Validation Data,Extractive Industries Transparency Initiative (EITI),2025,All beneficial ownership information is publicly available,"EITI Standard 2.5 is fully met, which requires that the beneficial owners of all extractive industries be publicly available","To meet this benchmark, countries must: 1) Publicly disclose BO information for all companies, including identity (name, nationality, and country of residence), level of ownership, and how ownership/control is exerted, 2) Document the government’s policy and discussion on BO disclosure, and 3) Assess mechanisms for ensuring reliability of BO data. Disclosure requirements also apply to publicly listed companies, joint ventures, and state-owned enterprises. Meeting this benchmark corresponds to fully meeting the EITI Standard (90 points out of 100). Partial scores correspond to significant implementation (at least 70 points). No score is given for limited or poor implementation (below 70 points).",Americas,Peru,ac_ei_04,PER,0,No
ac_ei_allocations,Anti-Corruption,Extractives,NA,EITI Validation Data,Extractive Industries Transparency Initiative (EITI),2024,Information on contract and license allocation is public,"EITI Standard 2.2 is fully met, which requires a public overview of awards and transfers of oil, gas and mining licenses","To meet this benchmark, information on all contract and license awards and transfers since 2021 must be disclosed, including: 1) Description of the process for transfers or awards, 2) Technical and financial criteria used, 3) Recipients of the license, and 4) Material deviations from applicable frameworks. Any gaps must be identified and explained. Where licenses are awarded through a bidding process, applicants and bid criteria must be disclosed. Meeting this benchmark corresponds to fully meeting the EITI Standard (90 points out of 100). Partial scores correspond to significant implementation (at least 70 points). No score is given for limited or poor implementation (below 70 points).",Asia and the Pacific,Philippines,ac_ei_01,PHL,1,Partial
ac_ei_register,Anti-Corruption,Extractives,NA,EITI Validation Data,Extractive Industries Transparency Initiative (EITI),2024,There is a public register of licenses,"EITI Standard 2.3 is fully met, which requires public access to comprehensive information on property rights related to extractive deposits and projects","To meet this benchmark, there must be a publicly available register or cadastre system(s) with information on: 1) License holders, 2) License area size and location, 3) Dates and duration of the license, and 4) Commodity information (if applicable). Any information gaps must be disclosed. Meeting this benchmark corresponds to fully meeting the EITI Standard (90 points out of 100). Partial scores correspond to significant implementation (at least 70 points). No score is given for limited or poor implementation (below 70 points).",Asia and the Pacific,Philippines,ac_ei_02,PHL,0,No
ac_ei_contracts,Anti-Corruption,Extractives,NA,EITI Validation Data,Extractive Industries Transparency Initiative (EITI),2024,All contracts and licenses are publicly available,"EITI Standard 2.4 is fully met, which requires all licenses and contracts to be publicly available","To meet this benchmark, countries must: 1) Disclose all contracts and licenses granted, entered into, or amended from 2021 onwards, and 2) Document the government’s policy on disclosure and explain any deviations from the requirements. Meeting this benchmark corresponds to fully meeting the EITI Standard (90 points out of 100). Partial scores correspond to significant implementation (at least 70 points). No score is given for limited or poor implementation (below 70 points).
",Asia and the Pacific,Philippines,ac_ei_03,PHL,1,Partial
ac_ei_bo,Anti-Corruption,Extractives,NA,EITI Validation Data,Extractive Industries Transparency Initiative (EITI),2024,All beneficial ownership information is publicly available,"EITI Standard 2.5 is fully met, which requires that the beneficial owners of all extractive industries be publicly available","To meet this benchmark, countries must: 1) Publicly disclose BO information for all companies, including identity (name, nationality, and country of residence), level of ownership, and how ownership/control is exerted, 2) Document the government’s policy and discussion on BO disclosure, and 3) Assess mechanisms for ensuring reliability of BO data. Disclosure requirements also apply to publicly listed companies, joint ventures, and state-owned enterprises. Meeting this benchmark corresponds to fully meeting the EITI Standard (90 points out of 100). Partial scores correspond to significant implementation (at least 70 points). No score is given for limited or poor implementation (below 70 points).",Asia and the Pacific,Philippines,ac_ei_04,PHL,1,Partial
ac_ei_allocations,Anti-Corruption,Extractives,NA,EITI Validation Data,Extractive Industries Transparency Initiative (EITI),2026,Information on contract and license allocation is public,"EITI Standard 2.2 is fully met, which requires a public overview of awards and transfers of oil, gas and mining licenses","To meet this benchmark, information on all contract and license awards and transfers since 2021 must be disclosed, including: 1) Description of the process for transfers or awards, 2) Technical and financial criteria used, 3) Recipients of the license, and 4) Material deviations from applicable frameworks. Any gaps must be identified and explained. Where licenses are awarded through a bidding process, applicants and bid criteria must be disclosed. Meeting this benchmark corresponds to fully meeting the EITI Standard (90 points out of 100). Partial scores correspond to significant implementation (at least 70 points). No score is given for limited or poor implementation (below 70 points).",Africa and the Middle East,Senegal,ac_ei_01,SEN,1,Partial
ac_ei_register,Anti-Corruption,Extractives,NA,EITI Validation Data,Extractive Industries Transparency Initiative (EITI),2026,There is a public register of licenses,"EITI Standard 2.3 is fully met, which requires public access to comprehensive information on property rights related to extractive deposits and projects","To meet this benchmark, there must be a publicly available register or cadastre system(s) with information on: 1) License holders, 2) License area size and location, 3) Dates and duration of the license, and 4) Commodity information (if applicable). Any information gaps must be disclosed. Meeting this benchmark corresponds to fully meeting the EITI Standard (90 points out of 100). Partial scores correspond to significant implementation (at least 70 points). No score is given for limited or poor implementation (below 70 points).",Africa and the Middle East,Senegal,ac_ei_02,SEN,2,Yes
ac_ei_contracts,Anti-Corruption,Extractives,NA,EITI Validation Data,Extractive Industries Transparency Initiative (EITI),2026,All contracts and licenses are publicly available,"EITI Standard 2.4 is fully met, which requires all licenses and contracts to be publicly available","To meet this benchmark, countries must: 1) Disclose all contracts and licenses granted, entered into, or amended from 2021 onwards, and 2) Document the government’s policy on disclosure and explain any deviations from the requirements. Meeting this benchmark corresponds to fully meeting the EITI Standard (90 points out of 100). Partial scores correspond to significant implementation (at least 70 points). No score is given for limited or poor implementation (below 70 points).
",Africa and the Middle East,Senegal,ac_ei_03,SEN,2,Yes
ac_ei_bo,Anti-Corruption,Extractives,NA,EITI Validation Data,Extractive Industries Transparency Initiative (EITI),2026,All beneficial ownership information is publicly available,"EITI Standard 2.5 is fully met, which requires that the beneficial owners of all extractive industries be publicly available","To meet this benchmark, countries must: 1) Publicly disclose BO information for all companies, including identity (name, nationality, and country of residence), level of ownership, and how ownership/control is exerted, 2) Document the government’s policy and discussion on BO disclosure, and 3) Assess mechanisms for ensuring reliability of BO data. Disclosure requirements also apply to publicly listed companies, joint ventures, and state-owned enterprises. Meeting this benchmark corresponds to fully meeting the EITI Standard (90 points out of 100). Partial scores correspond to significant implementation (at least 70 points). No score is given for limited or poor implementation (below 70 points).",Africa and the Middle East,Senegal,ac_ei_04,SEN,1,Partial
ac_ei_allocations,Anti-Corruption,Extractives,NA,EITI Validation Data,Extractive Industries Transparency Initiative (EITI),2020,Information on contract and license allocation is public,"EITI Standard 2.2 is fully met, which requires a public overview of awards and transfers of oil, gas and mining licenses","To meet this benchmark, information on all contract and license awards and transfers since 2021 must be disclosed, including: 1) Description of the process for transfers or awards, 2) Technical and financial criteria used, 3) Recipients of the license, and 4) Material deviations from applicable frameworks. Any gaps must be identified and explained. Where licenses are awarded through a bidding process, applicants and bid criteria must be disclosed. Meeting this benchmark corresponds to fully meeting the EITI Standard (90 points out of 100). Partial scores correspond to significant implementation (at least 70 points). No score is given for limited or poor implementation (below 70 points).",Africa and the Middle East,Seychelles,ac_ei_01,SYC,1,Partial
ac_ei_register,Anti-Corruption,Extractives,NA,EITI Validation Data,Extractive Industries Transparency Initiative (EITI),2020,There is a public register of licenses,"EITI Standard 2.3 is fully met, which requires public access to comprehensive information on property rights related to extractive deposits and projects","To meet this benchmark, there must be a publicly available register or cadastre system(s) with information on: 1) License holders, 2) License area size and location, 3) Dates and duration of the license, and 4) Commodity information (if applicable). Any information gaps must be disclosed. Meeting this benchmark corresponds to fully meeting the EITI Standard (90 points out of 100). Partial scores correspond to significant implementation (at least 70 points). No score is given for limited or poor implementation (below 70 points).",Africa and the Middle East,Seychelles,ac_ei_02,SYC,1,Partial
ac_ei_contracts,Anti-Corruption,Extractives,NA,EITI Validation Data,Extractive Industries Transparency Initiative (EITI),2020,All contracts and licenses are publicly available,"EITI Standard 2.4 is fully met, which requires all licenses and contracts to be publicly available","To meet this benchmark, countries must: 1) Disclose all contracts and licenses granted, entered into, or amended from 2021 onwards, and 2) Document the government’s policy on disclosure and explain any deviations from the requirements. Meeting this benchmark corresponds to fully meeting the EITI Standard (90 points out of 100). Partial scores correspond to significant implementation (at least 70 points). No score is given for limited or poor implementation (below 70 points).
",Africa and the Middle East,Seychelles,ac_ei_03,SYC,1,Partial
ac_ei_bo,Anti-Corruption,Extractives,NA,EITI Validation Data,Extractive Industries Transparency Initiative (EITI),2020,All beneficial ownership information is publicly available,"EITI Standard 2.5 is fully met, which requires that the beneficial owners of all extractive industries be publicly available","To meet this benchmark, countries must: 1) Publicly disclose BO information for all companies, including identity (name, nationality, and country of residence), level of ownership, and how ownership/control is exerted, 2) Document the government’s policy and discussion on BO disclosure, and 3) Assess mechanisms for ensuring reliability of BO data. Disclosure requirements also apply to publicly listed companies, joint ventures, and state-owned enterprises. Meeting this benchmark corresponds to fully meeting the EITI Standard (90 points out of 100). Partial scores correspond to significant implementation (at least 70 points). No score is given for limited or poor implementation (below 70 points).",Africa and the Middle East,Seychelles,ac_ei_04,SYC,1,Partial
ac_ei_allocations,Anti-Corruption,Extractives,NA,EITI Validation Data,Extractive Industries Transparency Initiative (EITI),2022,Information on contract and license allocation is public,"EITI Standard 2.2 is fully met, which requires a public overview of awards and transfers of oil, gas and mining licenses","To meet this benchmark, information on all contract and license awards and transfers since 2021 must be disclosed, including: 1) Description of the process for transfers or awards, 2) Technical and financial criteria used, 3) Recipients of the license, and 4) Material deviations from applicable frameworks. Any gaps must be identified and explained. Where licenses are awarded through a bidding process, applicants and bid criteria must be disclosed. Meeting this benchmark corresponds to fully meeting the EITI Standard (90 points out of 100). Partial scores correspond to significant implementation (at least 70 points). No score is given for limited or poor implementation (below 70 points).",Africa and the Middle East,Sierra Leone,ac_ei_01,SLE,1,Partial
ac_ei_register,Anti-Corruption,Extractives,NA,EITI Validation Data,Extractive Industries Transparency Initiative (EITI),2022,There is a public register of licenses,"EITI Standard 2.3 is fully met, which requires public access to comprehensive information on property rights related to extractive deposits and projects","To meet this benchmark, there must be a publicly available register or cadastre system(s) with information on: 1) License holders, 2) License area size and location, 3) Dates and duration of the license, and 4) Commodity information (if applicable). Any information gaps must be disclosed. Meeting this benchmark corresponds to fully meeting the EITI Standard (90 points out of 100). Partial scores correspond to significant implementation (at least 70 points). No score is given for limited or poor implementation (below 70 points).",Africa and the Middle East,Sierra Leone,ac_ei_02,SLE,2,Yes
ac_ei_contracts,Anti-Corruption,Extractives,NA,EITI Validation Data,Extractive Industries Transparency Initiative (EITI),2022,All contracts and licenses are publicly available,"EITI Standard 2.4 is fully met, which requires all licenses and contracts to be publicly available","To meet this benchmark, countries must: 1) Disclose all contracts and licenses granted, entered into, or amended from 2021 onwards, and 2) Document the government’s policy on disclosure and explain any deviations from the requirements. Meeting this benchmark corresponds to fully meeting the EITI Standard (90 points out of 100). Partial scores correspond to significant implementation (at least 70 points). No score is given for limited or poor implementation (below 70 points).
",Africa and the Middle East,Sierra Leone,ac_ei_03,SLE,1,Partial
ac_ei_bo,Anti-Corruption,Extractives,NA,EITI Validation Data,Extractive Industries Transparency Initiative (EITI),2022,All beneficial ownership information is publicly available,"EITI Standard 2.5 is fully met, which requires that the beneficial owners of all extractive industries be publicly available","To meet this benchmark, countries must: 1) Publicly disclose BO information for all companies, including identity (name, nationality, and country of residence), level of ownership, and how ownership/control is exerted, 2) Document the government’s policy and discussion on BO disclosure, and 3) Assess mechanisms for ensuring reliability of BO data. Disclosure requirements also apply to publicly listed companies, joint ventures, and state-owned enterprises. Meeting this benchmark corresponds to fully meeting the EITI Standard (90 points out of 100). Partial scores correspond to significant implementation (at least 70 points). No score is given for limited or poor implementation (below 70 points).",Africa and the Middle East,Sierra Leone,ac_ei_04,SLE,0,No
ac_ei_allocations,Anti-Corruption,Extractives,NA,EITI Validation Data,Extractive Industries Transparency Initiative (EITI),2023,Information on contract and license allocation is public,"EITI Standard 2.2 is fully met, which requires a public overview of awards and transfers of oil, gas and mining licenses","To meet this benchmark, information on all contract and license awards and transfers since 2021 must be disclosed, including: 1) Description of the process for transfers or awards, 2) Technical and financial criteria used, 3) Recipients of the license, and 4) Material deviations from applicable frameworks. Any gaps must be identified and explained. Where licenses are awarded through a bidding process, applicants and bid criteria must be disclosed. Meeting this benchmark corresponds to fully meeting the EITI Standard (90 points out of 100). Partial scores correspond to significant implementation (at least 70 points). No score is given for limited or poor implementation (below 70 points).",Asia and the Pacific,Timor-Leste,ac_ei_01,TLS,1,Partial
ac_ei_register,Anti-Corruption,Extractives,NA,EITI Validation Data,Extractive Industries Transparency Initiative (EITI),2023,There is a public register of licenses,"EITI Standard 2.3 is fully met, which requires public access to comprehensive information on property rights related to extractive deposits and projects","To meet this benchmark, there must be a publicly available register or cadastre system(s) with information on: 1) License holders, 2) License area size and location, 3) Dates and duration of the license, and 4) Commodity information (if applicable). Any information gaps must be disclosed. Meeting this benchmark corresponds to fully meeting the EITI Standard (90 points out of 100). Partial scores correspond to significant implementation (at least 70 points). No score is given for limited or poor implementation (below 70 points).",Asia and the Pacific,Timor-Leste,ac_ei_02,TLS,1,Partial
ac_ei_contracts,Anti-Corruption,Extractives,NA,EITI Validation Data,Extractive Industries Transparency Initiative (EITI),2023,All contracts and licenses are publicly available,"EITI Standard 2.4 is fully met, which requires all licenses and contracts to be publicly available","To meet this benchmark, countries must: 1) Disclose all contracts and licenses granted, entered into, or amended from 2021 onwards, and 2) Document the government’s policy on disclosure and explain any deviations from the requirements. Meeting this benchmark corresponds to fully meeting the EITI Standard (90 points out of 100). Partial scores correspond to significant implementation (at least 70 points). No score is given for limited or poor implementation (below 70 points).
",Asia and the Pacific,Timor-Leste,ac_ei_03,TLS,1,Partial
ac_ei_bo,Anti-Corruption,Extractives,NA,EITI Validation Data,Extractive Industries Transparency Initiative (EITI),2023,All beneficial ownership information is publicly available,"EITI Standard 2.5 is fully met, which requires that the beneficial owners of all extractive industries be publicly available","To meet this benchmark, countries must: 1) Publicly disclose BO information for all companies, including identity (name, nationality, and country of residence), level of ownership, and how ownership/control is exerted, 2) Document the government’s policy and discussion on BO disclosure, and 3) Assess mechanisms for ensuring reliability of BO data. Disclosure requirements also apply to publicly listed companies, joint ventures, and state-owned enterprises. Meeting this benchmark corresponds to fully meeting the EITI Standard (90 points out of 100). Partial scores correspond to significant implementation (at least 70 points). No score is given for limited or poor implementation (below 70 points).",Asia and the Pacific,Timor-Leste,ac_ei_04,TLS,0,No
ac_ei_allocations,Anti-Corruption,Extractives,NA,EITI Validation Data,Extractive Industries Transparency Initiative (EITI),2025,Information on contract and license allocation is public,"EITI Standard 2.2 is fully met, which requires a public overview of awards and transfers of oil, gas and mining licenses","To meet this benchmark, information on all contract and license awards and transfers since 2021 must be disclosed, including: 1) Description of the process for transfers or awards, 2) Technical and financial criteria used, 3) Recipients of the license, and 4) Material deviations from applicable frameworks. Any gaps must be identified and explained. Where licenses are awarded through a bidding process, applicants and bid criteria must be disclosed. Meeting this benchmark corresponds to fully meeting the EITI Standard (90 points out of 100). Partial scores correspond to significant implementation (at least 70 points). No score is given for limited or poor implementation (below 70 points).",Europe,Ukraine,ac_ei_01,UKR,2,Yes
ac_ei_register,Anti-Corruption,Extractives,NA,EITI Validation Data,Extractive Industries Transparency Initiative (EITI),2025,There is a public register of licenses,"EITI Standard 2.3 is fully met, which requires public access to comprehensive information on property rights related to extractive deposits and projects","To meet this benchmark, there must be a publicly available register or cadastre system(s) with information on: 1) License holders, 2) License area size and location, 3) Dates and duration of the license, and 4) Commodity information (if applicable). Any information gaps must be disclosed. Meeting this benchmark corresponds to fully meeting the EITI Standard (90 points out of 100). Partial scores correspond to significant implementation (at least 70 points). No score is given for limited or poor implementation (below 70 points).",Europe,Ukraine,ac_ei_02,UKR,2,Yes
ac_ei_contracts,Anti-Corruption,Extractives,NA,EITI Validation Data,Extractive Industries Transparency Initiative (EITI),2025,All contracts and licenses are publicly available,"EITI Standard 2.4 is fully met, which requires all licenses and contracts to be publicly available","To meet this benchmark, countries must: 1) Disclose all contracts and licenses granted, entered into, or amended from 2021 onwards, and 2) Document the government’s policy on disclosure and explain any deviations from the requirements. Meeting this benchmark corresponds to fully meeting the EITI Standard (90 points out of 100). Partial scores correspond to significant implementation (at least 70 points). No score is given for limited or poor implementation (below 70 points).
",Europe,Ukraine,ac_ei_03,UKR,0,No
ac_ei_bo,Anti-Corruption,Extractives,NA,EITI Validation Data,Extractive Industries Transparency Initiative (EITI),2025,All beneficial ownership information is publicly available,"EITI Standard 2.5 is fully met, which requires that the beneficial owners of all extractive industries be publicly available","To meet this benchmark, countries must: 1) Publicly disclose BO information for all companies, including identity (name, nationality, and country of residence), level of ownership, and how ownership/control is exerted, 2) Document the government’s policy and discussion on BO disclosure, and 3) Assess mechanisms for ensuring reliability of BO data. Disclosure requirements also apply to publicly listed companies, joint ventures, and state-owned enterprises. Meeting this benchmark corresponds to fully meeting the EITI Standard (90 points out of 100). Partial scores correspond to significant implementation (at least 70 points). No score is given for limited or poor implementation (below 70 points).",Europe,Ukraine,ac_ei_04,UKR,1,Partial
ac_ei_allocations,Anti-Corruption,Extractives,NA,EITI Validation Data,Extractive Industries Transparency Initiative (EITI),2025,Information on contract and license allocation is public,"EITI Standard 2.2 is fully met, which requires a public overview of awards and transfers of oil, gas and mining licenses","To meet this benchmark, information on all contract and license awards and transfers since 2021 must be disclosed, including: 1) Description of the process for transfers or awards, 2) Technical and financial criteria used, 3) Recipients of the license, and 4) Material deviations from applicable frameworks. Any gaps must be identified and explained. Where licenses are awarded through a bidding process, applicants and bid criteria must be disclosed. Meeting this benchmark corresponds to fully meeting the EITI Standard (90 points out of 100). Partial scores correspond to significant implementation (at least 70 points). No score is given for limited or poor implementation (below 70 points).",Europe,United Kingdom,ac_ei_01,GBR,2,Yes
ac_ei_register,Anti-Corruption,Extractives,NA,EITI Validation Data,Extractive Industries Transparency Initiative (EITI),2025,There is a public register of licenses,"EITI Standard 2.3 is fully met, which requires public access to comprehensive information on property rights related to extractive deposits and projects","To meet this benchmark, there must be a publicly available register or cadastre system(s) with information on: 1) License holders, 2) License area size and location, 3) Dates and duration of the license, and 4) Commodity information (if applicable). Any information gaps must be disclosed. Meeting this benchmark corresponds to fully meeting the EITI Standard (90 points out of 100). Partial scores correspond to significant implementation (at least 70 points). No score is given for limited or poor implementation (below 70 points).",Europe,United Kingdom,ac_ei_02,GBR,1,Partial
ac_ei_contracts,Anti-Corruption,Extractives,NA,EITI Validation Data,Extractive Industries Transparency Initiative (EITI),2025,All contracts and licenses are publicly available,"EITI Standard 2.4 is fully met, which requires all licenses and contracts to be publicly available","To meet this benchmark, countries must: 1) Disclose all contracts and licenses granted, entered into, or amended from 2021 onwards, and 2) Document the government’s policy on disclosure and explain any deviations from the requirements. Meeting this benchmark corresponds to fully meeting the EITI Standard (90 points out of 100). Partial scores correspond to significant implementation (at least 70 points). No score is given for limited or poor implementation (below 70 points).
",Europe,United Kingdom,ac_ei_03,GBR,1,Partial
ac_ei_bo,Anti-Corruption,Extractives,NA,EITI Validation Data,Extractive Industries Transparency Initiative (EITI),2025,All beneficial ownership information is publicly available,"EITI Standard 2.5 is fully met, which requires that the beneficial owners of all extractive industries be publicly available","To meet this benchmark, countries must: 1) Publicly disclose BO information for all companies, including identity (name, nationality, and country of residence), level of ownership, and how ownership/control is exerted, 2) Document the government’s policy and discussion on BO disclosure, and 3) Assess mechanisms for ensuring reliability of BO data. Disclosure requirements also apply to publicly listed companies, joint ventures, and state-owned enterprises. Meeting this benchmark corresponds to fully meeting the EITI Standard (90 points out of 100). Partial scores correspond to significant implementation (at least 70 points). No score is given for limited or poor implementation (below 70 points).",Europe,United Kingdom,ac_ei_04,GBR,2,Yes
ac_ei_allocations,Anti-Corruption,Extractives,NA,EITI Validation Data,Extractive Industries Transparency Initiative (EITI),2026,Information on contract and license allocation is public,"EITI Standard 2.2 is fully met, which requires a public overview of awards and transfers of oil, gas and mining licenses","To meet this benchmark, information on all contract and license awards and transfers since 2021 must be disclosed, including: 1) Description of the process for transfers or awards, 2) Technical and financial criteria used, 3) Recipients of the license, and 4) Material deviations from applicable frameworks. Any gaps must be identified and explained. Where licenses are awarded through a bidding process, applicants and bid criteria must be disclosed. Meeting this benchmark corresponds to fully meeting the EITI Standard (90 points out of 100). Partial scores correspond to significant implementation (at least 70 points). No score is given for limited or poor implementation (below 70 points).",Africa and the Middle East,Zambia,ac_ei_01,ZMB,1,Partial
ac_ei_register,Anti-Corruption,Extractives,NA,EITI Validation Data,Extractive Industries Transparency Initiative (EITI),2026,There is a public register of licenses,"EITI Standard 2.3 is fully met, which requires public access to comprehensive information on property rights related to extractive deposits and projects","To meet this benchmark, there must be a publicly available register or cadastre system(s) with information on: 1) License holders, 2) License area size and location, 3) Dates and duration of the license, and 4) Commodity information (if applicable). Any information gaps must be disclosed. Meeting this benchmark corresponds to fully meeting the EITI Standard (90 points out of 100). Partial scores correspond to significant implementation (at least 70 points). No score is given for limited or poor implementation (below 70 points).",Africa and the Middle East,Zambia,ac_ei_02,ZMB,1,Partial
ac_ei_contracts,Anti-Corruption,Extractives,NA,EITI Validation Data,Extractive Industries Transparency Initiative (EITI),2026,All contracts and licenses are publicly available,"EITI Standard 2.4 is fully met, which requires all licenses and contracts to be publicly available","To meet this benchmark, countries must: 1) Disclose all contracts and licenses granted, entered into, or amended from 2021 onwards, and 2) Document the government’s policy on disclosure and explain any deviations from the requirements. Meeting this benchmark corresponds to fully meeting the EITI Standard (90 points out of 100). Partial scores correspond to significant implementation (at least 70 points). No score is given for limited or poor implementation (below 70 points).
",Africa and the Middle East,Zambia,ac_ei_03,ZMB,0,No
ac_ei_bo,Anti-Corruption,Extractives,NA,EITI Validation Data,Extractive Industries Transparency Initiative (EITI),2026,All beneficial ownership information is publicly available,"EITI Standard 2.5 is fully met, which requires that the beneficial owners of all extractive industries be publicly available","To meet this benchmark, countries must: 1) Publicly disclose BO information for all companies, including identity (name, nationality, and country of residence), level of ownership, and how ownership/control is exerted, 2) Document the government’s policy and discussion on BO disclosure, and 3) Assess mechanisms for ensuring reliability of BO data. Disclosure requirements also apply to publicly listed companies, joint ventures, and state-owned enterprises. Meeting this benchmark corresponds to fully meeting the EITI Standard (90 points out of 100). Partial scores correspond to significant implementation (at least 70 points). No score is given for limited or poor implementation (below 70 points).",Africa and the Middle East,Zambia,ac_ei_04,ZMB,1,Partial
ac_ei_allocations,Anti-Corruption,Extractives,NA,EITI Validation Data,Extractive Industries Transparency Initiative (EITI),2026,Information on contract and license allocation is public,"EITI Standard 2.2 is fully met, which requires a public overview of awards and transfers of oil, gas and mining licenses","To meet this benchmark, information on all contract and license awards and transfers since 2021 must be disclosed, including: 1) Description of the process for transfers or awards, 2) Technical and financial criteria used, 3) Recipients of the license, and 4) Material deviations from applicable frameworks. Any gaps must be identified and explained. Where licenses are awarded through a bidding process, applicants and bid criteria must be disclosed. Meeting this benchmark corresponds to fully meeting the EITI Standard (90 points out of 100). Partial scores correspond to significant implementation (at least 70 points). No score is given for limited or poor implementation (below 70 points).",Africa and the Middle East,Liberia,ac_ei_01,LBR,1,Partial
ac_ei_register,Anti-Corruption,Extractives,NA,EITI Validation Data,Extractive Industries Transparency Initiative (EITI),2026,There is a public register of licenses,"EITI Standard 2.3 is fully met, which requires public access to comprehensive information on property rights related to extractive deposits and projects","To meet this benchmark, there must be a publicly available register or cadastre system(s) with information on: 1) License holders, 2) License area size and location, 3) Dates and duration of the license, and 4) Commodity information (if applicable). Any information gaps must be disclosed. Meeting this benchmark corresponds to fully meeting the EITI Standard (90 points out of 100). Partial scores correspond to significant implementation (at least 70 points). No score is given for limited or poor implementation (below 70 points).",Africa and the Middle East,Liberia,ac_ei_02,LBR,2,Yes
ac_ei_contracts,Anti-Corruption,Extractives,NA,EITI Validation Data,Extractive Industries Transparency Initiative (EITI),2026,All contracts and licenses are publicly available,"EITI Standard 2.4 is fully met, which requires all licenses and contracts to be publicly available","To meet this benchmark, countries must: 1) Disclose all contracts and licenses granted, entered into, or amended from 2021 onwards, and 2) Document the government’s policy on disclosure and explain any deviations from the requirements. Meeting this benchmark corresponds to fully meeting the EITI Standard (90 points out of 100). Partial scores correspond to significant implementation (at least 70 points). No score is given for limited or poor implementation (below 70 points).",Africa and the Middle East,Liberia,ac_ei_03,LBR,2,Yes
ac_ei_bo,Anti-Corruption,Extractives,NA,EITI Validation Data,Extractive Industries Transparency Initiative (EITI),2026,All beneficial ownership information is publicly available,"EITI Standard 2.5 is fully met, which requires that the beneficial owners of all extractive industries be publicly available","To meet this benchmark, countries must: 1) Publicly disclose BO information for all companies, including identity (name, nationality, and country of residence), level of ownership, and how ownership/control is exerted, 2) Document the government’s policy and discussion on BO disclosure, and 3) Assess mechanisms for ensuring reliability of BO data. Disclosure requirements also apply to publicly listed companies, joint ventures, and state-owned enterprises. Meeting this benchmark corresponds to fully meeting the EITI Standard (90 points out of 100). Partial scores correspond to significant implementation (at least 70 points). No score is given for limited or poor implementation (below 70 points).",Africa and the Middle East,Liberia,ac_ei_04,LBR,0,No
ac_ei_concessions,Anti-Corruption,Extractives,NA,T-Index,European Research Centre for Anti-Corruption and State-Building (ERCAS),2024,Mining concessions are public,Comprehensive information on mining concessions is publicly available and up to date,"To meet this benchmark, information on mining concessions/licenses/titles must be fully available and up to date, specifying at least the location, beneficiary, and time frame of the concession. Where this information is partially available, out of date, or access is paid, countries receive a Partial score.",Europe,Albania,ac_ei_05,ALB,2,Yes
ac_ei_concessions,Anti-Corruption,Extractives,NA,T-Index,European Research Centre for Anti-Corruption and State-Building (ERCAS),2024,Mining concessions are public,Comprehensive information on mining concessions is publicly available and up to date,"To meet this benchmark, information on mining concessions/licenses/titles must be fully available and up to date, specifying at least the location, beneficiary, and time frame of the concession. Where this information is partially available, out of date, or access is paid, countries receive a Partial score.",Americas,Argentina,ac_ei_05,ARG,2,Yes
ac_ei_concessions,Anti-Corruption,Extractives,NA,T-Index,European Research Centre for Anti-Corruption and State-Building (ERCAS),2024,Mining concessions are public,Comprehensive information on mining concessions is publicly available and up to date,"To meet this benchmark, information on mining concessions/licenses/titles must be fully available and up to date, specifying at least the location, beneficiary, and time frame of the concession. Where this information is partially available, out of date, or access is paid, countries receive a Partial score.",Asia and the Pacific,Armenia,ac_ei_05,ARM,2,Yes
ac_ei_concessions,Anti-Corruption,Extractives,NA,T-Index,European Research Centre for Anti-Corruption and State-Building (ERCAS),2024,Mining concessions are public,Comprehensive information on mining concessions is publicly available and up to date,"To meet this benchmark, information on mining concessions/licenses/titles must be fully available and up to date, specifying at least the location, beneficiary, and time frame of the concession. Where this information is partially available, out of date, or access is paid, countries receive a Partial score.",Asia and the Pacific,Australia,ac_ei_05,AUS,1,Partial
ac_ei_concessions,Anti-Corruption,Extractives,NA,T-Index,European Research Centre for Anti-Corruption and State-Building (ERCAS),2024,Mining concessions are public,Comprehensive information on mining concessions is publicly available and up to date,"To meet this benchmark, information on mining concessions/licenses/titles must be fully available and up to date, specifying at least the location, beneficiary, and time frame of the concession. Where this information is partially available, out of date, or access is paid, countries receive a Partial score.",Africa and the Middle East,Benin,ac_ei_05,BEN,0,No
ac_ei_concessions,Anti-Corruption,Extractives,NA,T-Index,European Research Centre for Anti-Corruption and State-Building (ERCAS),2024,Mining concessions are public,Comprehensive information on mining concessions is publicly available and up to date,"To meet this benchmark, information on mining concessions/licenses/titles must be fully available and up to date, specifying at least the location, beneficiary, and time frame of the concession. Where this information is partially available, out of date, or access is paid, countries receive a Partial score.",Europe,Bosnia and Herzegovina,ac_ei_05,BIH,1,Partial
ac_ei_concessions,Anti-Corruption,Extractives,NA,T-Index,European Research Centre for Anti-Corruption and State-Building (ERCAS),2024,Mining concessions are public,Comprehensive information on mining concessions is publicly available and up to date,"To meet this benchmark, information on mining concessions/licenses/titles must be fully available and up to date, specifying at least the location, beneficiary, and time frame of the concession. Where this information is partially available, out of date, or access is paid, countries receive a Partial score.",Americas,Brazil,ac_ei_05,BRA,2,Yes
ac_ei_concessions,Anti-Corruption,Extractives,NA,T-Index,European Research Centre for Anti-Corruption and State-Building (ERCAS),2024,Mining concessions are public,Comprehensive information on mining concessions is publicly available and up to date,"To meet this benchmark, information on mining concessions/licenses/titles must be fully available and up to date, specifying at least the location, beneficiary, and time frame of the concession. Where this information is partially available, out of date, or access is paid, countries receive a Partial score.",Europe,Bulgaria,ac_ei_05,BGR,2,Yes
ac_ei_concessions,Anti-Corruption,Extractives,NA,T-Index,European Research Centre for Anti-Corruption and State-Building (ERCAS),2024,Mining concessions are public,Comprehensive information on mining concessions is publicly available and up to date,"To meet this benchmark, information on mining concessions/licenses/titles must be fully available and up to date, specifying at least the location, beneficiary, and time frame of the concession. Where this information is partially available, out of date, or access is paid, countries receive a Partial score.",Africa and the Middle East,Burkina Faso,ac_ei_05,BFA,2,Yes
ac_ei_concessions,Anti-Corruption,Extractives,NA,T-Index,European Research Centre for Anti-Corruption and State-Building (ERCAS),2024,Mining concessions are public,Comprehensive information on mining concessions is publicly available and up to date,"To meet this benchmark, information on mining concessions/licenses/titles must be fully available and up to date, specifying at least the location, beneficiary, and time frame of the concession. Where this information is partially available, out of date, or access is paid, countries receive a Partial score.",Americas,Canada,ac_ei_05,CAN,1,Partial
ac_ei_concessions,Anti-Corruption,Extractives,NA,T-Index,European Research Centre for Anti-Corruption and State-Building (ERCAS),2024,Mining concessions are public,Comprehensive information on mining concessions is publicly available and up to date,"To meet this benchmark, information on mining concessions/licenses/titles must be fully available and up to date, specifying at least the location, beneficiary, and time frame of the concession. Where this information is partially available, out of date, or access is paid, countries receive a Partial score.",Americas,Chile,ac_ei_05,CHL,2,Yes
ac_ei_concessions,Anti-Corruption,Extractives,NA,T-Index,European Research Centre for Anti-Corruption and State-Building (ERCAS),2024,Mining concessions are public,Comprehensive information on mining concessions is publicly available and up to date,"To meet this benchmark, information on mining concessions/licenses/titles must be fully available and up to date, specifying at least the location, beneficiary, and time frame of the concession. Where this information is partially available, out of date, or access is paid, countries receive a Partial score.",Americas,Colombia,ac_ei_05,COL,1,Partial
ac_ei_concessions,Anti-Corruption,Extractives,NA,T-Index,European Research Centre for Anti-Corruption and State-Building (ERCAS),2024,Mining concessions are public,Comprehensive information on mining concessions is publicly available and up to date,"To meet this benchmark, information on mining concessions/licenses/titles must be fully available and up to date, specifying at least the location, beneficiary, and time frame of the concession. Where this information is partially available, out of date, or access is paid, countries receive a Partial score.",Americas,Costa Rica,ac_ei_05,CRI,2,Yes
ac_ei_concessions,Anti-Corruption,Extractives,NA,T-Index,European Research Centre for Anti-Corruption and State-Building (ERCAS),2024,Mining concessions are public,Comprehensive information on mining concessions is publicly available and up to date,"To meet this benchmark, information on mining concessions/licenses/titles must be fully available and up to date, specifying at least the location, beneficiary, and time frame of the concession. Where this information is partially available, out of date, or access is paid, countries receive a Partial score.",Africa and the Middle East,Cote d'Ivoire,ac_ei_05,CIV,2,Yes
ac_ei_concessions,Anti-Corruption,Extractives,NA,T-Index,European Research Centre for Anti-Corruption and State-Building (ERCAS),2024,Mining concessions are public,Comprehensive information on mining concessions is publicly available and up to date,"To meet this benchmark, information on mining concessions/licenses/titles must be fully available and up to date, specifying at least the location, beneficiary, and time frame of the concession. Where this information is partially available, out of date, or access is paid, countries receive a Partial score.",Europe,Croatia,ac_ei_05,HRV,2,Yes
ac_ei_concessions,Anti-Corruption,Extractives,NA,T-Index,European Research Centre for Anti-Corruption and State-Building (ERCAS),2024,Mining concessions are public,Comprehensive information on mining concessions is publicly available and up to date,"To meet this benchmark, information on mining concessions/licenses/titles must be fully available and up to date, specifying at least the location, beneficiary, and time frame of the concession. Where this information is partially available, out of date, or access is paid, countries receive a Partial score.",Europe,Czech Republic,ac_ei_05,CZE,2,Yes
ac_ei_concessions,Anti-Corruption,Extractives,NA,T-Index,European Research Centre for Anti-Corruption and State-Building (ERCAS),2024,Mining concessions are public,Comprehensive information on mining concessions is publicly available and up to date,"To meet this benchmark, information on mining concessions/licenses/titles must be fully available and up to date, specifying at least the location, beneficiary, and time frame of the concession. Where this information is partially available, out of date, or access is paid, countries receive a Partial score.",Americas,Dominican Republic,ac_ei_05,DOM,2,Yes
ac_ei_concessions,Anti-Corruption,Extractives,NA,T-Index,European Research Centre for Anti-Corruption and State-Building (ERCAS),2024,Mining concessions are public,Comprehensive information on mining concessions is publicly available and up to date,"To meet this benchmark, information on mining concessions/licenses/titles must be fully available and up to date, specifying at least the location, beneficiary, and time frame of the concession. Where this information is partially available, out of date, or access is paid, countries receive a Partial score.",Americas,Ecuador,ac_ei_05,ECU,2,Yes
ac_ei_concessions,Anti-Corruption,Extractives,NA,T-Index,European Research Centre for Anti-Corruption and State-Building (ERCAS),2024,Mining concessions are public,Comprehensive information on mining concessions is publicly available and up to date,"To meet this benchmark, information on mining concessions/licenses/titles must be fully available and up to date, specifying at least the location, beneficiary, and time frame of the concession. Where this information is partially available, out of date, or access is paid, countries receive a Partial score.",Europe,Estonia,ac_ei_05,EST,2,Yes
ac_ei_concessions,Anti-Corruption,Extractives,NA,T-Index,European Research Centre for Anti-Corruption and State-Building (ERCAS),2024,Mining concessions are public,Comprehensive information on mining concessions is publicly available and up to date,"To meet this benchmark, information on mining concessions/licenses/titles must be fully available and up to date, specifying at least the location, beneficiary, and time frame of the concession. Where this information is partially available, out of date, or access is paid, countries receive a Partial score.",Europe,Finland,ac_ei_05,FIN,2,Yes
ac_ei_concessions,Anti-Corruption,Extractives,NA,T-Index,European Research Centre for Anti-Corruption and State-Building (ERCAS),2024,Mining concessions are public,Comprehensive information on mining concessions is publicly available and up to date,"To meet this benchmark, information on mining concessions/licenses/titles must be fully available and up to date, specifying at least the location, beneficiary, and time frame of the concession. Where this information is partially available, out of date, or access is paid, countries receive a Partial score.",Europe,France,ac_ei_05,FRA,2,Yes
ac_ei_concessions,Anti-Corruption,Extractives,NA,T-Index,European Research Centre for Anti-Corruption and State-Building (ERCAS),2024,Mining concessions are public,Comprehensive information on mining concessions is publicly available and up to date,"To meet this benchmark, information on mining concessions/licenses/titles must be fully available and up to date, specifying at least the location, beneficiary, and time frame of the concession. Where this information is partially available, out of date, or access is paid, countries receive a Partial score.",Europe,Germany,ac_ei_05,DEU,2,Yes
ac_ei_concessions,Anti-Corruption,Extractives,NA,T-Index,European Research Centre for Anti-Corruption and State-Building (ERCAS),2024,Mining concessions are public,Comprehensive information on mining concessions is publicly available and up to date,"To meet this benchmark, information on mining concessions/licenses/titles must be fully available and up to date, specifying at least the location, beneficiary, and time frame of the concession. Where this information is partially available, out of date, or access is paid, countries receive a Partial score.",Africa and the Middle East,Ghana,ac_ei_05,GHA,2,Yes
ac_ei_concessions,Anti-Corruption,Extractives,NA,T-Index,European Research Centre for Anti-Corruption and State-Building (ERCAS),2024,Mining concessions are public,Comprehensive information on mining concessions is publicly available and up to date,"To meet this benchmark, information on mining concessions/licenses/titles must be fully available and up to date, specifying at least the location, beneficiary, and time frame of the concession. Where this information is partially available, out of date, or access is paid, countries receive a Partial score.",Europe,Greece,ac_ei_05,GRC,0,No
ac_ei_concessions,Anti-Corruption,Extractives,NA,T-Index,European Research Centre for Anti-Corruption and State-Building (ERCAS),2024,Mining concessions are public,Comprehensive information on mining concessions is publicly available and up to date,"To meet this benchmark, information on mining concessions/licenses/titles must be fully available and up to date, specifying at least the location, beneficiary, and time frame of the concession. Where this information is partially available, out of date, or access is paid, countries receive a Partial score.",Americas,Guatemala,ac_ei_05,GTM,2,Yes
ac_ei_concessions,Anti-Corruption,Extractives,NA,T-Index,European Research Centre for Anti-Corruption and State-Building (ERCAS),2024,Mining concessions are public,Comprehensive information on mining concessions is publicly available and up to date,"To meet this benchmark, information on mining concessions/licenses/titles must be fully available and up to date, specifying at least the location, beneficiary, and time frame of the concession. Where this information is partially available, out of date, or access is paid, countries receive a Partial score.",Americas,Honduras,ac_ei_05,HND,1,Partial
ac_ei_concessions,Anti-Corruption,Extractives,NA,T-Index,European Research Centre for Anti-Corruption and State-Building (ERCAS),2024,Mining concessions are public,Comprehensive information on mining concessions is publicly available and up to date,"To meet this benchmark, information on mining concessions/licenses/titles must be fully available and up to date, specifying at least the location, beneficiary, and time frame of the concession. Where this information is partially available, out of date, or access is paid, countries receive a Partial score.",Asia and the Pacific,Indonesia,ac_ei_05,IDN,2,Yes
ac_ei_concessions,Anti-Corruption,Extractives,NA,T-Index,European Research Centre for Anti-Corruption and State-Building (ERCAS),2024,Mining concessions are public,Comprehensive information on mining concessions is publicly available and up to date,"To meet this benchmark, information on mining concessions/licenses/titles must be fully available and up to date, specifying at least the location, beneficiary, and time frame of the concession. Where this information is partially available, out of date, or access is paid, countries receive a Partial score.",Europe,Ireland,ac_ei_05,IRL,2,Yes
ac_ei_concessions,Anti-Corruption,Extractives,NA,T-Index,European Research Centre for Anti-Corruption and State-Building (ERCAS),2024,Mining concessions are public,Comprehensive information on mining concessions is publicly available and up to date,"To meet this benchmark, information on mining concessions/licenses/titles must be fully available and up to date, specifying at least the location, beneficiary, and time frame of the concession. Where this information is partially available, out of date, or access is paid, countries receive a Partial score.",Europe,Italy,ac_ei_05,ITA,2,Yes
ac_ei_concessions,Anti-Corruption,Extractives,NA,T-Index,European Research Centre for Anti-Corruption and State-Building (ERCAS),2024,Mining concessions are public,Comprehensive information on mining concessions is publicly available and up to date,"To meet this benchmark, information on mining concessions/licenses/titles must be fully available and up to date, specifying at least the location, beneficiary, and time frame of the concession. Where this information is partially available, out of date, or access is paid, countries receive a Partial score.",Americas,Jamaica,ac_ei_05,JAM,0,No
ac_ei_concessions,Anti-Corruption,Extractives,NA,T-Index,European Research Centre for Anti-Corruption and State-Building (ERCAS),2024,Mining concessions are public,Comprehensive information on mining concessions is publicly available and up to date,"To meet this benchmark, information on mining concessions/licenses/titles must be fully available and up to date, specifying at least the location, beneficiary, and time frame of the concession. Where this information is partially available, out of date, or access is paid, countries receive a Partial score.",Africa and the Middle East,Jordan,ac_ei_05,JOR,0,No
ac_ei_concessions,Anti-Corruption,Extractives,NA,T-Index,European Research Centre for Anti-Corruption and State-Building (ERCAS),2024,Mining concessions are public,Comprehensive information on mining concessions is publicly available and up to date,"To meet this benchmark, information on mining concessions/licenses/titles must be fully available and up to date, specifying at least the location, beneficiary, and time frame of the concession. Where this information is partially available, out of date, or access is paid, countries receive a Partial score.",Africa and the Middle East,Kenya,ac_ei_05,KEN,1,Partial
ac_ei_concessions,Anti-Corruption,Extractives,NA,T-Index,European Research Centre for Anti-Corruption and State-Building (ERCAS),2024,Mining concessions are public,Comprehensive information on mining concessions is publicly available and up to date,"To meet this benchmark, information on mining concessions/licenses/titles must be fully available and up to date, specifying at least the location, beneficiary, and time frame of the concession. Where this information is partially available, out of date, or access is paid, countries receive a Partial score.",Asia and the Pacific,Republic of Korea,ac_ei_05,KOR,0,No
ac_ei_concessions,Anti-Corruption,Extractives,NA,T-Index,European Research Centre for Anti-Corruption and State-Building (ERCAS),2024,Mining concessions are public,Comprehensive information on mining concessions is publicly available and up to date,"To meet this benchmark, information on mining concessions/licenses/titles must be fully available and up to date, specifying at least the location, beneficiary, and time frame of the concession. Where this information is partially available, out of date, or access is paid, countries receive a Partial score.",Europe,Kosovo,ac_ei_05,XKX,2,Yes
ac_ei_concessions,Anti-Corruption,Extractives,NA,T-Index,European Research Centre for Anti-Corruption and State-Building (ERCAS),2024,Mining concessions are public,Comprehensive information on mining concessions is publicly available and up to date,"To meet this benchmark, information on mining concessions/licenses/titles must be fully available and up to date, specifying at least the location, beneficiary, and time frame of the concession. Where this information is partially available, out of date, or access is paid, countries receive a Partial score.",Europe,Latvia,ac_ei_05,LVA,0,No
ac_ei_concessions,Anti-Corruption,Extractives,NA,T-Index,European Research Centre for Anti-Corruption and State-Building (ERCAS),2024,Mining concessions are public,Comprehensive information on mining concessions is publicly available and up to date,"To meet this benchmark, information on mining concessions/licenses/titles must be fully available and up to date, specifying at least the location, beneficiary, and time frame of the concession. Where this information is partially available, out of date, or access is paid, countries receive a Partial score.",Africa and the Middle East,Liberia,ac_ei_05,LBR,2,Yes
ac_ei_concessions,Anti-Corruption,Extractives,NA,T-Index,European Research Centre for Anti-Corruption and State-Building (ERCAS),2024,Mining concessions are public,Comprehensive information on mining concessions is publicly available and up to date,"To meet this benchmark, information on mining concessions/licenses/titles must be fully available and up to date, specifying at least the location, beneficiary, and time frame of the concession. Where this information is partially available, out of date, or access is paid, countries receive a Partial score.",Europe,Lithuania,ac_ei_05,LTU,2,Yes
ac_ei_concessions,Anti-Corruption,Extractives,NA,T-Index,European Research Centre for Anti-Corruption and State-Building (ERCAS),2024,Mining concessions are public,Comprehensive information on mining concessions is publicly available and up to date,"To meet this benchmark, information on mining concessions/licenses/titles must be fully available and up to date, specifying at least the location, beneficiary, and time frame of the concession. Where this information is partially available, out of date, or access is paid, countries receive a Partial score.",Africa and the Middle East,Malawi,ac_ei_05,MWI,2,Yes
ac_ei_concessions,Anti-Corruption,Extractives,NA,T-Index,European Research Centre for Anti-Corruption and State-Building (ERCAS),2024,Mining concessions are public,Comprehensive information on mining concessions is publicly available and up to date,"To meet this benchmark, information on mining concessions/licenses/titles must be fully available and up to date, specifying at least the location, beneficiary, and time frame of the concession. Where this information is partially available, out of date, or access is paid, countries receive a Partial score.",Europe,Malta,ac_ei_05,MLT,0,No
ac_ei_concessions,Anti-Corruption,Extractives,NA,T-Index,European Research Centre for Anti-Corruption and State-Building (ERCAS),2024,Mining concessions are public,Comprehensive information on mining concessions is publicly available and up to date,"To meet this benchmark, information on mining concessions/licenses/titles must be fully available and up to date, specifying at least the location, beneficiary, and time frame of the concession. Where this information is partially available, out of date, or access is paid, countries receive a Partial score.",Americas,Mexico,ac_ei_05,MEX,1,Partial
ac_ei_concessions,Anti-Corruption,Extractives,NA,T-Index,European Research Centre for Anti-Corruption and State-Building (ERCAS),2024,Mining concessions are public,Comprehensive information on mining concessions is publicly available and up to date,"To meet this benchmark, information on mining concessions/licenses/titles must be fully available and up to date, specifying at least the location, beneficiary, and time frame of the concession. Where this information is partially available, out of date, or access is paid, countries receive a Partial score.",Europe,Republic of Moldova,ac_ei_05,MDA,0,No
ac_ei_concessions,Anti-Corruption,Extractives,NA,T-Index,European Research Centre for Anti-Corruption and State-Building (ERCAS),2024,Mining concessions are public,Comprehensive information on mining concessions is publicly available and up to date,"To meet this benchmark, information on mining concessions/licenses/titles must be fully available and up to date, specifying at least the location, beneficiary, and time frame of the concession. Where this information is partially available, out of date, or access is paid, countries receive a Partial score.",Asia and the Pacific,Mongolia,ac_ei_05,MNG,2,Yes
ac_ei_concessions,Anti-Corruption,Extractives,NA,T-Index,European Research Centre for Anti-Corruption and State-Building (ERCAS),2024,Mining concessions are public,Comprehensive information on mining concessions is publicly available and up to date,"To meet this benchmark, information on mining concessions/licenses/titles must be fully available and up to date, specifying at least the location, beneficiary, and time frame of the concession. Where this information is partially available, out of date, or access is paid, countries receive a Partial score.",Europe,Montenegro,ac_ei_05,MNE,2,Yes
ac_ei_concessions,Anti-Corruption,Extractives,NA,T-Index,European Research Centre for Anti-Corruption and State-Building (ERCAS),2024,Mining concessions are public,Comprehensive information on mining concessions is publicly available and up to date,"To meet this benchmark, information on mining concessions/licenses/titles must be fully available and up to date, specifying at least the location, beneficiary, and time frame of the concession. Where this information is partially available, out of date, or access is paid, countries receive a Partial score.",Africa and the Middle East,Morocco,ac_ei_05,MAR,0,No
ac_ei_concessions,Anti-Corruption,Extractives,NA,T-Index,European Research Centre for Anti-Corruption and State-Building (ERCAS),2024,Mining concessions are public,Comprehensive information on mining concessions is publicly available and up to date,"To meet this benchmark, information on mining concessions/licenses/titles must be fully available and up to date, specifying at least the location, beneficiary, and time frame of the concession. Where this information is partially available, out of date, or access is paid, countries receive a Partial score.",Europe,Netherlands,ac_ei_05,NLD,2,Yes
ac_ei_concessions,Anti-Corruption,Extractives,NA,T-Index,European Research Centre for Anti-Corruption and State-Building (ERCAS),2024,Mining concessions are public,Comprehensive information on mining concessions is publicly available and up to date,"To meet this benchmark, information on mining concessions/licenses/titles must be fully available and up to date, specifying at least the location, beneficiary, and time frame of the concession. Where this information is partially available, out of date, or access is paid, countries receive a Partial score.",Asia and the Pacific,New Zealand,ac_ei_05,NZL,2,Yes
ac_ei_concessions,Anti-Corruption,Extractives,NA,T-Index,European Research Centre for Anti-Corruption and State-Building (ERCAS),2024,Mining concessions are public,Comprehensive information on mining concessions is publicly available and up to date,"To meet this benchmark, information on mining concessions/licenses/titles must be fully available and up to date, specifying at least the location, beneficiary, and time frame of the concession. Where this information is partially available, out of date, or access is paid, countries receive a Partial score.",Africa and the Middle East,Nigeria,ac_ei_05,NGA,2,Yes
ac_ei_concessions,Anti-Corruption,Extractives,NA,T-Index,European Research Centre for Anti-Corruption and State-Building (ERCAS),2024,Mining concessions are public,Comprehensive information on mining concessions is publicly available and up to date,"To meet this benchmark, information on mining concessions/licenses/titles must be fully available and up to date, specifying at least the location, beneficiary, and time frame of the concession. Where this information is partially available, out of date, or access is paid, countries receive a Partial score.",Europe,North Macedonia,ac_ei_05,MKD,2,Yes
ac_ei_concessions,Anti-Corruption,Extractives,NA,T-Index,European Research Centre for Anti-Corruption and State-Building (ERCAS),2024,Mining concessions are public,Comprehensive information on mining concessions is publicly available and up to date,"To meet this benchmark, information on mining concessions/licenses/titles must be fully available and up to date, specifying at least the location, beneficiary, and time frame of the concession. Where this information is partially available, out of date, or access is paid, countries receive a Partial score.",Europe,Norway,ac_ei_05,NOR,2,Yes
ac_ei_concessions,Anti-Corruption,Extractives,NA,T-Index,European Research Centre for Anti-Corruption and State-Building (ERCAS),2024,Mining concessions are public,Comprehensive information on mining concessions is publicly available and up to date,"To meet this benchmark, information on mining concessions/licenses/titles must be fully available and up to date, specifying at least the location, beneficiary, and time frame of the concession. Where this information is partially available, out of date, or access is paid, countries receive a Partial score.",Americas,Panama,ac_ei_05,PAN,2,Yes
ac_ei_concessions,Anti-Corruption,Extractives,NA,T-Index,European Research Centre for Anti-Corruption and State-Building (ERCAS),2024,Mining concessions are public,Comprehensive information on mining concessions is publicly available and up to date,"To meet this benchmark, information on mining concessions/licenses/titles must be fully available and up to date, specifying at least the location, beneficiary, and time frame of the concession. Where this information is partially available, out of date, or access is paid, countries receive a Partial score.",Americas,Paraguay,ac_ei_05,PRY,2,Yes
ac_ei_concessions,Anti-Corruption,Extractives,NA,T-Index,European Research Centre for Anti-Corruption and State-Building (ERCAS),2024,Mining concessions are public,Comprehensive information on mining concessions is publicly available and up to date,"To meet this benchmark, information on mining concessions/licenses/titles must be fully available and up to date, specifying at least the location, beneficiary, and time frame of the concession. Where this information is partially available, out of date, or access is paid, countries receive a Partial score.",Americas,Peru,ac_ei_05,PER,2,Yes
ac_ei_concessions,Anti-Corruption,Extractives,NA,T-Index,European Research Centre for Anti-Corruption and State-Building (ERCAS),2024,Mining concessions are public,Comprehensive information on mining concessions is publicly available and up to date,"To meet this benchmark, information on mining concessions/licenses/titles must be fully available and up to date, specifying at least the location, beneficiary, and time frame of the concession. Where this information is partially available, out of date, or access is paid, countries receive a Partial score.",Asia and the Pacific,Philippines,ac_ei_05,PHL,2,Yes
ac_ei_concessions,Anti-Corruption,Extractives,NA,T-Index,European Research Centre for Anti-Corruption and State-Building (ERCAS),2024,Mining concessions are public,Comprehensive information on mining concessions is publicly available and up to date,"To meet this benchmark, information on mining concessions/licenses/titles must be fully available and up to date, specifying at least the location, beneficiary, and time frame of the concession. Where this information is partially available, out of date, or access is paid, countries receive a Partial score.",Europe,Portugal,ac_ei_05,PRT,2,Yes
ac_ei_concessions,Anti-Corruption,Extractives,NA,T-Index,European Research Centre for Anti-Corruption and State-Building (ERCAS),2024,Mining concessions are public,Comprehensive information on mining concessions is publicly available and up to date,"To meet this benchmark, information on mining concessions/licenses/titles must be fully available and up to date, specifying at least the location, beneficiary, and time frame of the concession. Where this information is partially available, out of date, or access is paid, countries receive a Partial score.",Europe,Romania,ac_ei_05,ROU,2,Yes
ac_ei_concessions,Anti-Corruption,Extractives,NA,T-Index,European Research Centre for Anti-Corruption and State-Building (ERCAS),2024,Mining concessions are public,Comprehensive information on mining concessions is publicly available and up to date,"To meet this benchmark, information on mining concessions/licenses/titles must be fully available and up to date, specifying at least the location, beneficiary, and time frame of the concession. Where this information is partially available, out of date, or access is paid, countries receive a Partial score.",Africa and the Middle East,Senegal,ac_ei_05,SEN,2,Yes
ac_ei_concessions,Anti-Corruption,Extractives,NA,T-Index,European Research Centre for Anti-Corruption and State-Building (ERCAS),2024,Mining concessions are public,Comprehensive information on mining concessions is publicly available and up to date,"To meet this benchmark, information on mining concessions/licenses/titles must be fully available and up to date, specifying at least the location, beneficiary, and time frame of the concession. Where this information is partially available, out of date, or access is paid, countries receive a Partial score.",Europe,Serbia,ac_ei_05,SRB,0,No
ac_ei_concessions,Anti-Corruption,Extractives,NA,T-Index,European Research Centre for Anti-Corruption and State-Building (ERCAS),2024,Mining concessions are public,Comprehensive information on mining concessions is publicly available and up to date,"To meet this benchmark, information on mining concessions/licenses/titles must be fully available and up to date, specifying at least the location, beneficiary, and time frame of the concession. Where this information is partially available, out of date, or access is paid, countries receive a Partial score.",Africa and the Middle East,Sierra Leone,ac_ei_05,SLE,2,Yes
ac_ei_concessions,Anti-Corruption,Extractives,NA,T-Index,European Research Centre for Anti-Corruption and State-Building (ERCAS),2024,Mining concessions are public,Comprehensive information on mining concessions is publicly available and up to date,"To meet this benchmark, information on mining concessions/licenses/titles must be fully available and up to date, specifying at least the location, beneficiary, and time frame of the concession. Where this information is partially available, out of date, or access is paid, countries receive a Partial score.",Europe,Slovak Republic,ac_ei_05,SVK,2,Yes
ac_ei_concessions,Anti-Corruption,Extractives,NA,T-Index,European Research Centre for Anti-Corruption and State-Building (ERCAS),2024,Mining concessions are public,Comprehensive information on mining concessions is publicly available and up to date,"To meet this benchmark, information on mining concessions/licenses/titles must be fully available and up to date, specifying at least the location, beneficiary, and time frame of the concession. Where this information is partially available, out of date, or access is paid, countries receive a Partial score.",Africa and the Middle East,South Africa,ac_ei_05,ZAF,1,Partial
ac_ei_concessions,Anti-Corruption,Extractives,NA,T-Index,European Research Centre for Anti-Corruption and State-Building (ERCAS),2024,Mining concessions are public,Comprehensive information on mining concessions is publicly available and up to date,"To meet this benchmark, information on mining concessions/licenses/titles must be fully available and up to date, specifying at least the location, beneficiary, and time frame of the concession. Where this information is partially available, out of date, or access is paid, countries receive a Partial score.",Europe,Spain,ac_ei_05,ESP,2,Yes
ac_ei_concessions,Anti-Corruption,Extractives,NA,T-Index,European Research Centre for Anti-Corruption and State-Building (ERCAS),2024,Mining concessions are public,Comprehensive information on mining concessions is publicly available and up to date,"To meet this benchmark, information on mining concessions/licenses/titles must be fully available and up to date, specifying at least the location, beneficiary, and time frame of the concession. Where this information is partially available, out of date, or access is paid, countries receive a Partial score.",Europe,Sweden,ac_ei_05,SWE,2,Yes
ac_ei_concessions,Anti-Corruption,Extractives,NA,T-Index,European Research Centre for Anti-Corruption and State-Building (ERCAS),2024,Mining concessions are public,Comprehensive information on mining concessions is publicly available and up to date,"To meet this benchmark, information on mining concessions/licenses/titles must be fully available and up to date, specifying at least the location, beneficiary, and time frame of the concession. Where this information is partially available, out of date, or access is paid, countries receive a Partial score.",Asia and the Pacific,Thailand,ac_ei_05,THA,0,No
ac_ei_concessions,Anti-Corruption,Extractives,NA,T-Index,European Research Centre for Anti-Corruption and State-Building (ERCAS),2024,Mining concessions are public,Comprehensive information on mining concessions is publicly available and up to date,"To meet this benchmark, information on mining concessions/licenses/titles must be fully available and up to date, specifying at least the location, beneficiary, and time frame of the concession. Where this information is partially available, out of date, or access is paid, countries receive a Partial score.",Asia and the Pacific,Timor-Leste,ac_ei_05,TLS,2,Yes
ac_ei_concessions,Anti-Corruption,Extractives,NA,T-Index,European Research Centre for Anti-Corruption and State-Building (ERCAS),2024,Mining concessions are public,Comprehensive information on mining concessions is publicly available and up to date,"To meet this benchmark, information on mining concessions/licenses/titles must be fully available and up to date, specifying at least the location, beneficiary, and time frame of the concession. Where this information is partially available, out of date, or access is paid, countries receive a Partial score.",Africa and the Middle East,Tunisia,ac_ei_05,TUN,0,No
ac_ei_concessions,Anti-Corruption,Extractives,NA,T-Index,European Research Centre for Anti-Corruption and State-Building (ERCAS),2024,Mining concessions are public,Comprehensive information on mining concessions is publicly available and up to date,"To meet this benchmark, information on mining concessions/licenses/titles must be fully available and up to date, specifying at least the location, beneficiary, and time frame of the concession. Where this information is partially available, out of date, or access is paid, countries receive a Partial score.",Europe,Ukraine,ac_ei_05,UKR,2,Yes
ac_ei_concessions,Anti-Corruption,Extractives,NA,T-Index,European Research Centre for Anti-Corruption and State-Building (ERCAS),2024,Mining concessions are public,Comprehensive information on mining concessions is publicly available and up to date,"To meet this benchmark, information on mining concessions/licenses/titles must be fully available and up to date, specifying at least the location, beneficiary, and time frame of the concession. Where this information is partially available, out of date, or access is paid, countries receive a Partial score.",Europe,United Kingdom,ac_ei_05,GBR,1,Partial
ac_ei_concessions,Anti-Corruption,Extractives,NA,T-Index,European Research Centre for Anti-Corruption and State-Building (ERCAS),2024,Mining concessions are public,Comprehensive information on mining concessions is publicly available and up to date,"To meet this benchmark, information on mining concessions/licenses/titles must be fully available and up to date, specifying at least the location, beneficiary, and time frame of the concession. Where this information is partially available, out of date, or access is paid, countries receive a Partial score.",Americas,Uruguay,ac_ei_05,URY,2,Yes
ac_ei_concessions,Anti-Corruption,Extractives,NA,T-Index,European Research Centre for Anti-Corruption and State-Building (ERCAS),2024,Mining concessions are public,Comprehensive information on mining concessions is publicly available and up to date,"To meet this benchmark, information on mining concessions/licenses/titles must be fully available and up to date, specifying at least the location, beneficiary, and time frame of the concession. Where this information is partially available, out of date, or access is paid, countries receive a Partial score.",Africa and the Middle East,Zambia,ac_ei_05,ZMB,2,Yes