Indicator ID,Challenge Area,Challenge Sub-Area,Challenge Component,Dataset,Data Producer,Year,Indicator Title,Indicator Question,Indicator Desription,Region,Country Name,Country ISO,Benchmark ID,Response Num,Response Text
ati_data_stat,Access to Information,Performance Data,Transparency,OECD Public Integrity Indicators,OECD,2023,ATI performance data is published continuously,Statistical data on requests for access to information and decisions have been aggregated and published by a relevant public body for the past three years.,,Americas,Argentina,ARG,ati_data_09,2,Yes
ati_data_stat,Access to Information,Performance Data,Transparency,OECD Public Integrity Indicators,OECD,2023,ATI performance data is published continuously,Statistical data on requests for access to information and decisions have been aggregated and published by a relevant public body for the past three years.,,Asia and the Pacific,Australia,AUS,ati_data_09,2,Yes
ati_data_stat,Access to Information,Performance Data,Transparency,OECD Public Integrity Indicators,OECD,2023,ATI performance data is published continuously,Statistical data on requests for access to information and decisions have been aggregated and published by a relevant public body for the past three years.,,Americas,Brazil,BRA,ati_data_09,2,Yes
ati_data_stat,Access to Information,Performance Data,Transparency,OECD Public Integrity Indicators,OECD,2023,ATI performance data is published continuously,Statistical data on requests for access to information and decisions have been aggregated and published by a relevant public body for the past three years.,,Europe,Bulgaria,BGR,ati_data_09,2,Yes
ati_data_stat,Access to Information,Performance Data,Transparency,OECD Public Integrity Indicators,OECD,2023,ATI performance data is published continuously,Statistical data on requests for access to information and decisions have been aggregated and published by a relevant public body for the past three years.,,Americas,Canada,CAN,ati_data_09,2,Yes
ati_data_stat,Access to Information,Performance Data,Transparency,OECD Public Integrity Indicators,OECD,2023,ATI performance data is published continuously,Statistical data on requests for access to information and decisions have been aggregated and published by a relevant public body for the past three years.,,Americas,Chile,CHL,ati_data_09,2,Yes
ati_data_stat,Access to Information,Performance Data,Transparency,OECD Public Integrity Indicators,OECD,2023,ATI performance data is published continuously,Statistical data on requests for access to information and decisions have been aggregated and published by a relevant public body for the past three years.,,Europe,Croatia,HRV,ati_data_09,2,Yes
ati_data_stat,Access to Information,Performance Data,Transparency,OECD Public Integrity Indicators,OECD,2023,ATI performance data is published continuously,Statistical data on requests for access to information and decisions have been aggregated and published by a relevant public body for the past three years.,,Europe,France,FRA,ati_data_09,2,Yes
ati_data_stat,Access to Information,Performance Data,Transparency,OECD Public Integrity Indicators,OECD,2023,ATI performance data is published continuously,Statistical data on requests for access to information and decisions have been aggregated and published by a relevant public body for the past three years.,,Americas,Guatemala,GTM,ati_data_09,2,Yes
ati_data_stat,Access to Information,Performance Data,Transparency,OECD Public Integrity Indicators,OECD,2023,ATI performance data is published continuously,Statistical data on requests for access to information and decisions have been aggregated and published by a relevant public body for the past three years.,,Americas,Honduras,HND,ati_data_09,2,Yes
ati_data_stat,Access to Information,Performance Data,Transparency,OECD Public Integrity Indicators,OECD,2023,ATI performance data is published continuously,Statistical data on requests for access to information and decisions have been aggregated and published by a relevant public body for the past three years.,,Asia and the Pacific,Indonesia,IDN,ati_data_09,2,Yes
ati_data_stat,Access to Information,Performance Data,Transparency,OECD Public Integrity Indicators,OECD,2023,ATI performance data is published continuously,Statistical data on requests for access to information and decisions have been aggregated and published by a relevant public body for the past three years.,,Europe,Ireland,IRL,ati_data_09,2,Yes
ati_data_stat,Access to Information,Performance Data,Transparency,OECD Public Integrity Indicators,OECD,2023,ATI performance data is published continuously,Statistical data on requests for access to information and decisions have been aggregated and published by a relevant public body for the past three years.,,Asia and the Pacific,Republic of Korea,KOR,ati_data_09,2,Yes
ati_data_stat,Access to Information,Performance Data,Transparency,OECD Public Integrity Indicators,OECD,2023,ATI performance data is published continuously,Statistical data on requests for access to information and decisions have been aggregated and published by a relevant public body for the past three years.,,Europe,Kosovo,XKX,ati_data_09,2,Yes
ati_data_stat,Access to Information,Performance Data,Transparency,OECD Public Integrity Indicators,OECD,2023,ATI performance data is published continuously,Statistical data on requests for access to information and decisions have been aggregated and published by a relevant public body for the past three years.,,Americas,Mexico,MEX,ati_data_09,2,Yes
ati_data_stat,Access to Information,Performance Data,Transparency,OECD Public Integrity Indicators,OECD,2023,ATI performance data is published continuously,Statistical data on requests for access to information and decisions have been aggregated and published by a relevant public body for the past three years.,,Europe,Netherlands,NLD,ati_data_09,2,Yes
ati_data_stat,Access to Information,Performance Data,Transparency,OECD Public Integrity Indicators,OECD,2023,ATI performance data is published continuously,Statistical data on requests for access to information and decisions have been aggregated and published by a relevant public body for the past three years.,,Asia and the Pacific,New Zealand,NZL,ati_data_09,2,Yes
ati_data_stat,Access to Information,Performance Data,Transparency,OECD Public Integrity Indicators,OECD,2023,ATI performance data is published continuously,Statistical data on requests for access to information and decisions have been aggregated and published by a relevant public body for the past three years.,,Europe,Norway,NOR,ati_data_09,2,Yes
ati_data_stat,Access to Information,Performance Data,Transparency,OECD Public Integrity Indicators,OECD,2023,ATI performance data is published continuously,Statistical data on requests for access to information and decisions have been aggregated and published by a relevant public body for the past three years.,,Americas,Panama,PAN,ati_data_09,2,Yes
ati_data_stat,Access to Information,Performance Data,Transparency,OECD Public Integrity Indicators,OECD,2023,ATI performance data is published continuously,Statistical data on requests for access to information and decisions have been aggregated and published by a relevant public body for the past three years.,,Americas,Paraguay,PRY,ati_data_09,2,Yes
ati_data_stat,Access to Information,Performance Data,Transparency,OECD Public Integrity Indicators,OECD,2023,ATI performance data is published continuously,Statistical data on requests for access to information and decisions have been aggregated and published by a relevant public body for the past three years.,,Americas,Peru,PER,ati_data_09,2,Yes
ati_data_stat,Access to Information,Performance Data,Transparency,OECD Public Integrity Indicators,OECD,2023,ATI performance data is published continuously,Statistical data on requests for access to information and decisions have been aggregated and published by a relevant public body for the past three years.,,Europe,Portugal,PRT,ati_data_09,2,Yes
ati_data_stat,Access to Information,Performance Data,Transparency,OECD Public Integrity Indicators,OECD,2023,ATI performance data is published continuously,Statistical data on requests for access to information and decisions have been aggregated and published by a relevant public body for the past three years.,,Europe,Serbia,SRB,ati_data_09,2,Yes
ati_data_stat,Access to Information,Performance Data,Transparency,OECD Public Integrity Indicators,OECD,2023,ATI performance data is published continuously,Statistical data on requests for access to information and decisions have been aggregated and published by a relevant public body for the past three years.,,Africa and the Middle East,Seychelles,SYC,ati_data_09,2,Yes
ati_data_stat,Access to Information,Performance Data,Transparency,OECD Public Integrity Indicators,OECD,2023,ATI performance data is published continuously,Statistical data on requests for access to information and decisions have been aggregated and published by a relevant public body for the past three years.,,Europe,Spain,ESP,ati_data_09,2,Yes
ati_data_stat,Access to Information,Performance Data,Transparency,OECD Public Integrity Indicators,OECD,2023,ATI performance data is published continuously,Statistical data on requests for access to information and decisions have been aggregated and published by a relevant public body for the past three years.,,Europe,United Kingdom,GBR,ati_data_09,2,Yes
ati_data_stat,Access to Information,Performance Data,Transparency,OECD Public Integrity Indicators,OECD,2023,ATI performance data is published continuously,Statistical data on requests for access to information and decisions have been aggregated and published by a relevant public body for the past three years.,,Europe,Armenia,ARM,ati_data_09,0,No
ati_data_stat,Access to Information,Performance Data,Transparency,OECD Public Integrity Indicators,OECD,2023,ATI performance data is published continuously,Statistical data on requests for access to information and decisions have been aggregated and published by a relevant public body for the past three years.,,Europe,Bosnia and Herzegovina,BIH,ati_data_09,0,No
ati_data_stat,Access to Information,Performance Data,Transparency,OECD Public Integrity Indicators,OECD,2023,ATI performance data is published continuously,Statistical data on requests for access to information and decisions have been aggregated and published by a relevant public body for the past three years.,,Americas,Colombia,COL,ati_data_09,0,No
ati_data_stat,Access to Information,Performance Data,Transparency,OECD Public Integrity Indicators,OECD,2023,ATI performance data is published continuously,Statistical data on requests for access to information and decisions have been aggregated and published by a relevant public body for the past three years.,,Americas,Costa Rica,CRI,ati_data_09,0,No
ati_data_stat,Access to Information,Performance Data,Transparency,OECD Public Integrity Indicators,OECD,2023,ATI performance data is published continuously,Statistical data on requests for access to information and decisions have been aggregated and published by a relevant public body for the past three years.,,Europe,Czech Republic,CZE,ati_data_09,0,No
ati_data_stat,Access to Information,Performance Data,Transparency,OECD Public Integrity Indicators,OECD,2023,ATI performance data is published continuously,Statistical data on requests for access to information and decisions have been aggregated and published by a relevant public body for the past three years.,,Americas,Dominican Republic,DOM,ati_data_09,0,No
ati_data_stat,Access to Information,Performance Data,Transparency,OECD Public Integrity Indicators,OECD,2023,ATI performance data is published continuously,Statistical data on requests for access to information and decisions have been aggregated and published by a relevant public body for the past three years.,,Americas,Ecuador,ECU,ati_data_09,0,No
ati_data_stat,Access to Information,Performance Data,Transparency,OECD Public Integrity Indicators,OECD,2023,ATI performance data is published continuously,Statistical data on requests for access to information and decisions have been aggregated and published by a relevant public body for the past three years.,,Europe,Finland,FIN,ati_data_09,0,No
ati_data_stat,Access to Information,Performance Data,Transparency,OECD Public Integrity Indicators,OECD,2023,ATI performance data is published continuously,Statistical data on requests for access to information and decisions have been aggregated and published by a relevant public body for the past three years.,,Europe,Germany,DEU,ati_data_09,0,No
ati_data_stat,Access to Information,Performance Data,Transparency,OECD Public Integrity Indicators,OECD,2023,ATI performance data is published continuously,Statistical data on requests for access to information and decisions have been aggregated and published by a relevant public body for the past three years.,,Europe,Greece,GRC,ati_data_09,0,No
ati_data_stat,Access to Information,Performance Data,Transparency,OECD Public Integrity Indicators,OECD,2023,ATI performance data is published continuously,Statistical data on requests for access to information and decisions have been aggregated and published by a relevant public body for the past three years.,,Europe,Italy,ITA,ati_data_09,0,No
ati_data_stat,Access to Information,Performance Data,Transparency,OECD Public Integrity Indicators,OECD,2023,ATI performance data is published continuously,Statistical data on requests for access to information and decisions have been aggregated and published by a relevant public body for the past three years.,,Africa and the Middle East,Jordan,JOR,ati_data_09,0,No
ati_data_stat,Access to Information,Performance Data,Transparency,OECD Public Integrity Indicators,OECD,2023,ATI performance data is published continuously,Statistical data on requests for access to information and decisions have been aggregated and published by a relevant public body for the past three years.,,Europe,Latvia,LVA,ati_data_09,0,No
ati_data_stat,Access to Information,Performance Data,Transparency,OECD Public Integrity Indicators,OECD,2023,ATI performance data is published continuously,Statistical data on requests for access to information and decisions have been aggregated and published by a relevant public body for the past three years.,,Europe,Lithuania,LTU,ati_data_09,0,No
ati_data_stat,Access to Information,Performance Data,Transparency,OECD Public Integrity Indicators,OECD,2023,ATI performance data is published continuously,Statistical data on requests for access to information and decisions have been aggregated and published by a relevant public body for the past three years.,,Europe,Republic of Moldova,MDA,ati_data_09,0,No
ati_data_stat,Access to Information,Performance Data,Transparency,OECD Public Integrity Indicators,OECD,2023,ATI performance data is published continuously,Statistical data on requests for access to information and decisions have been aggregated and published by a relevant public body for the past three years.,,Africa and the Middle East,Morocco,MAR,ati_data_09,0,No
ati_data_stat,Access to Information,Performance Data,Transparency,OECD Public Integrity Indicators,OECD,2023,ATI performance data is published continuously,Statistical data on requests for access to information and decisions have been aggregated and published by a relevant public body for the past three years.,,Europe,Romania,ROU,ati_data_09,0,No
ati_data_stat,Access to Information,Performance Data,Transparency,OECD Public Integrity Indicators,OECD,2023,ATI performance data is published continuously,Statistical data on requests for access to information and decisions have been aggregated and published by a relevant public body for the past three years.,,Europe,Slovakia,SVK,ati_data_09,0,No
ati_data_stat,Access to Information,Performance Data,Transparency,OECD Public Integrity Indicators,OECD,2023,ATI performance data is published continuously,Statistical data on requests for access to information and decisions have been aggregated and published by a relevant public body for the past three years.,,Europe,Sweden,SWE,ati_data_09,0,No
ati_data_stat,Access to Information,Performance Data,Transparency,OECD Public Integrity Indicators,OECD,2023,ATI performance data is published continuously,Statistical data on requests for access to information and decisions have been aggregated and published by a relevant public body for the past three years.,,Asia and the Pacific,Thailand,THA,ati_data_09,0,No
ati_data_stat,Access to Information,Performance Data,Transparency,OECD Public Integrity Indicators,OECD,2023,ATI performance data is published continuously,Statistical data on requests for access to information and decisions have been aggregated and published by a relevant public body for the past three years.,,Europe,Ukraine,UKR,ati_data_09,0,No
ati_law_proactive,Access to Information,Legal Frameworks,NA,OECD Public Integrity Indicators,OECD,2023,"Government data is ""open by default""",Primary legislation specifies that Government data are “open by default” (except for specific cases defined in the regulatory framework).,,Americas,Argentina,ARG,ati_law_08,2,Yes
ati_law_proactive,Access to Information,Legal Frameworks,NA,OECD Public Integrity Indicators,OECD,2023,"Government data is ""open by default""",Primary legislation specifies that Government data are “open by default” (except for specific cases defined in the regulatory framework).,,Europe,Bosnia and Herzegovina,BIH,ati_law_08,2,Yes
ati_law_proactive,Access to Information,Legal Frameworks,NA,OECD Public Integrity Indicators,OECD,2023,"Government data is ""open by default""",Primary legislation specifies that Government data are “open by default” (except for specific cases defined in the regulatory framework).,,Americas,Brazil,BRA,ati_law_08,2,Yes
ati_law_proactive,Access to Information,Legal Frameworks,NA,OECD Public Integrity Indicators,OECD,2023,"Government data is ""open by default""",Primary legislation specifies that Government data are “open by default” (except for specific cases defined in the regulatory framework).,,Europe,Bulgaria,BGR,ati_law_08,2,Yes
ati_law_proactive,Access to Information,Legal Frameworks,NA,OECD Public Integrity Indicators,OECD,2023,"Government data is ""open by default""",Primary legislation specifies that Government data are “open by default” (except for specific cases defined in the regulatory framework).,,Americas,Colombia,COL,ati_law_08,2,Yes
ati_law_proactive,Access to Information,Legal Frameworks,NA,OECD Public Integrity Indicators,OECD,2023,"Government data is ""open by default""",Primary legislation specifies that Government data are “open by default” (except for specific cases defined in the regulatory framework).,,Europe,Croatia,HRV,ati_law_08,2,Yes
ati_law_proactive,Access to Information,Legal Frameworks,NA,OECD Public Integrity Indicators,OECD,2023,"Government data is ""open by default""",Primary legislation specifies that Government data are “open by default” (except for specific cases defined in the regulatory framework).,,Europe,Czech Republic,CZE,ati_law_08,2,Yes
ati_law_proactive,Access to Information,Legal Frameworks,NA,OECD Public Integrity Indicators,OECD,2023,"Government data is ""open by default""",Primary legislation specifies that Government data are “open by default” (except for specific cases defined in the regulatory framework).,,Americas,Ecuador,ECU,ati_law_08,2,Yes
ati_law_proactive,Access to Information,Legal Frameworks,NA,OECD Public Integrity Indicators,OECD,2023,"Government data is ""open by default""",Primary legislation specifies that Government data are “open by default” (except for specific cases defined in the regulatory framework).,,Europe,Estonia,EST,ati_law_08,2,Yes
ati_law_proactive,Access to Information,Legal Frameworks,NA,OECD Public Integrity Indicators,OECD,2023,"Government data is ""open by default""",Primary legislation specifies that Government data are “open by default” (except for specific cases defined in the regulatory framework).,,Europe,Finland,FIN,ati_law_08,2,Yes
ati_law_proactive,Access to Information,Legal Frameworks,NA,OECD Public Integrity Indicators,OECD,2023,"Government data is ""open by default""",Primary legislation specifies that Government data are “open by default” (except for specific cases defined in the regulatory framework).,,Europe,France,FRA,ati_law_08,2,Yes
ati_law_proactive,Access to Information,Legal Frameworks,NA,OECD Public Integrity Indicators,OECD,2023,"Government data is ""open by default""",Primary legislation specifies that Government data are “open by default” (except for specific cases defined in the regulatory framework).,,Europe,Germany,DEU,ati_law_08,2,Yes
ati_law_proactive,Access to Information,Legal Frameworks,NA,OECD Public Integrity Indicators,OECD,2023,"Government data is ""open by default""",Primary legislation specifies that Government data are “open by default” (except for specific cases defined in the regulatory framework).,,Europe,Greece,GRC,ati_law_08,2,Yes
ati_law_proactive,Access to Information,Legal Frameworks,NA,OECD Public Integrity Indicators,OECD,2023,"Government data is ""open by default""",Primary legislation specifies that Government data are “open by default” (except for specific cases defined in the regulatory framework).,,Europe,Ireland,IRL,ati_law_08,2,Yes
ati_law_proactive,Access to Information,Legal Frameworks,NA,OECD Public Integrity Indicators,OECD,2023,"Government data is ""open by default""",Primary legislation specifies that Government data are “open by default” (except for specific cases defined in the regulatory framework).,,Europe,Italy,ITA,ati_law_08,2,Yes
ati_law_proactive,Access to Information,Legal Frameworks,NA,OECD Public Integrity Indicators,OECD,2023,"Government data is ""open by default""",Primary legislation specifies that Government data are “open by default” (except for specific cases defined in the regulatory framework).,,Europe,Latvia,LVA,ati_law_08,2,Yes
ati_law_proactive,Access to Information,Legal Frameworks,NA,OECD Public Integrity Indicators,OECD,2023,"Government data is ""open by default""",Primary legislation specifies that Government data are “open by default” (except for specific cases defined in the regulatory framework).,,Europe,Lithuania,LTU,ati_law_08,2,Yes
ati_law_proactive,Access to Information,Legal Frameworks,NA,OECD Public Integrity Indicators,OECD,2023,"Government data is ""open by default""",Primary legislation specifies that Government data are “open by default” (except for specific cases defined in the regulatory framework).,,Europe,Republic of Moldova,MDA,ati_law_08,2,Yes
ati_law_proactive,Access to Information,Legal Frameworks,NA,OECD Public Integrity Indicators,OECD,2023,"Government data is ""open by default""",Primary legislation specifies that Government data are “open by default” (except for specific cases defined in the regulatory framework).,,Europe,Netherlands,NLD,ati_law_08,2,Yes
ati_law_proactive,Access to Information,Legal Frameworks,NA,OECD Public Integrity Indicators,OECD,2023,"Government data is ""open by default""",Primary legislation specifies that Government data are “open by default” (except for specific cases defined in the regulatory framework).,,Americas,Peru,PER,ati_law_08,2,Yes
ati_law_proactive,Access to Information,Legal Frameworks,NA,OECD Public Integrity Indicators,OECD,2023,"Government data is ""open by default""",Primary legislation specifies that Government data are “open by default” (except for specific cases defined in the regulatory framework).,,Europe,Portugal,PRT,ati_law_08,2,Yes
ati_law_proactive,Access to Information,Legal Frameworks,NA,OECD Public Integrity Indicators,OECD,2023,"Government data is ""open by default""",Primary legislation specifies that Government data are “open by default” (except for specific cases defined in the regulatory framework).,,Europe,Slovakia,SVK,ati_law_08,2,Yes
ati_law_proactive,Access to Information,Legal Frameworks,NA,OECD Public Integrity Indicators,OECD,2023,"Government data is ""open by default""",Primary legislation specifies that Government data are “open by default” (except for specific cases defined in the regulatory framework).,,Europe,Spain,ESP,ati_law_08,2,Yes
ati_law_proactive,Access to Information,Legal Frameworks,NA,OECD Public Integrity Indicators,OECD,2023,"Government data is ""open by default""",Primary legislation specifies that Government data are “open by default” (except for specific cases defined in the regulatory framework).,,Asia and the Pacific,Thailand,THA,ati_law_08,2,Yes
ati_law_proactive,Access to Information,Legal Frameworks,NA,OECD Public Integrity Indicators,OECD,2023,"Government data is ""open by default""",Primary legislation specifies that Government data are “open by default” (except for specific cases defined in the regulatory framework).,,Europe,Ukraine,UKR,ati_law_08,2,Yes
ati_law_proactive,Access to Information,Legal Frameworks,NA,OECD Public Integrity Indicators,OECD,2023,"Government data is ""open by default""",Primary legislation specifies that Government data are “open by default” (except for specific cases defined in the regulatory framework).,,Europe,Armenia,ARM,ati_law_08,0,No
ati_law_proactive,Access to Information,Legal Frameworks,NA,OECD Public Integrity Indicators,OECD,2023,"Government data is ""open by default""",Primary legislation specifies that Government data are “open by default” (except for specific cases defined in the regulatory framework).,,Asia and the Pacific,Australia,AUS,ati_law_08,0,No
ati_law_proactive,Access to Information,Legal Frameworks,NA,OECD Public Integrity Indicators,OECD,2023,"Government data is ""open by default""",Primary legislation specifies that Government data are “open by default” (except for specific cases defined in the regulatory framework).,,Americas,Canada,CAN,ati_law_08,0,No
ati_law_proactive,Access to Information,Legal Frameworks,NA,OECD Public Integrity Indicators,OECD,2023,"Government data is ""open by default""",Primary legislation specifies that Government data are “open by default” (except for specific cases defined in the regulatory framework).,,Americas,Chile,CHL,ati_law_08,0,No
ati_law_proactive,Access to Information,Legal Frameworks,NA,OECD Public Integrity Indicators,OECD,2023,"Government data is ""open by default""",Primary legislation specifies that Government data are “open by default” (except for specific cases defined in the regulatory framework).,,Americas,Costa Rica,CRI,ati_law_08,0,No
ati_law_proactive,Access to Information,Legal Frameworks,NA,OECD Public Integrity Indicators,OECD,2023,"Government data is ""open by default""",Primary legislation specifies that Government data are “open by default” (except for specific cases defined in the regulatory framework).,,Americas,Dominican Republic,DOM,ati_law_08,0,No
ati_law_proactive,Access to Information,Legal Frameworks,NA,OECD Public Integrity Indicators,OECD,2023,"Government data is ""open by default""",Primary legislation specifies that Government data are “open by default” (except for specific cases defined in the regulatory framework).,,Americas,Guatemala,GTM,ati_law_08,0,No
ati_law_proactive,Access to Information,Legal Frameworks,NA,OECD Public Integrity Indicators,OECD,2023,"Government data is ""open by default""",Primary legislation specifies that Government data are “open by default” (except for specific cases defined in the regulatory framework).,,Americas,Honduras,HND,ati_law_08,0,No
ati_law_proactive,Access to Information,Legal Frameworks,NA,OECD Public Integrity Indicators,OECD,2023,"Government data is ""open by default""",Primary legislation specifies that Government data are “open by default” (except for specific cases defined in the regulatory framework).,,Asia and the Pacific,Indonesia,IDN,ati_law_08,0,No
ati_law_proactive,Access to Information,Legal Frameworks,NA,OECD Public Integrity Indicators,OECD,2023,"Government data is ""open by default""",Primary legislation specifies that Government data are “open by default” (except for specific cases defined in the regulatory framework).,,Africa and the Middle East,Jordan,JOR,ati_law_08,0,No
ati_law_proactive,Access to Information,Legal Frameworks,NA,OECD Public Integrity Indicators,OECD,2023,"Government data is ""open by default""",Primary legislation specifies that Government data are “open by default” (except for specific cases defined in the regulatory framework).,,Asia and the Pacific,Republic of Korea,KOR,ati_law_08,0,No
ati_law_proactive,Access to Information,Legal Frameworks,NA,OECD Public Integrity Indicators,OECD,2023,"Government data is ""open by default""",Primary legislation specifies that Government data are “open by default” (except for specific cases defined in the regulatory framework).,,Europe,Kosovo,XKX,ati_law_08,0,No
ati_law_proactive,Access to Information,Legal Frameworks,NA,OECD Public Integrity Indicators,OECD,2023,"Government data is ""open by default""",Primary legislation specifies that Government data are “open by default” (except for specific cases defined in the regulatory framework).,,Americas,Mexico,MEX,ati_law_08,0,No
ati_law_proactive,Access to Information,Legal Frameworks,NA,OECD Public Integrity Indicators,OECD,2023,"Government data is ""open by default""",Primary legislation specifies that Government data are “open by default” (except for specific cases defined in the regulatory framework).,,Africa and the Middle East,Morocco,MAR,ati_law_08,0,No
ati_law_proactive,Access to Information,Legal Frameworks,NA,OECD Public Integrity Indicators,OECD,2023,"Government data is ""open by default""",Primary legislation specifies that Government data are “open by default” (except for specific cases defined in the regulatory framework).,,Europe,Norway,NOR,ati_law_08,0,No
ati_law_proactive,Access to Information,Legal Frameworks,NA,OECD Public Integrity Indicators,OECD,2023,"Government data is ""open by default""",Primary legislation specifies that Government data are “open by default” (except for specific cases defined in the regulatory framework).,,Americas,Panama,PAN,ati_law_08,0,No
ati_law_proactive,Access to Information,Legal Frameworks,NA,OECD Public Integrity Indicators,OECD,2023,"Government data is ""open by default""",Primary legislation specifies that Government data are “open by default” (except for specific cases defined in the regulatory framework).,,Americas,Paraguay,PRY,ati_law_08,0,No
ati_law_proactive,Access to Information,Legal Frameworks,NA,OECD Public Integrity Indicators,OECD,2023,"Government data is ""open by default""",Primary legislation specifies that Government data are “open by default” (except for specific cases defined in the regulatory framework).,,Europe,Romania,ROU,ati_law_08,0,No
ati_law_proactive,Access to Information,Legal Frameworks,NA,OECD Public Integrity Indicators,OECD,2023,"Government data is ""open by default""",Primary legislation specifies that Government data are “open by default” (except for specific cases defined in the regulatory framework).,,Europe,Serbia,SRB,ati_law_08,0,No
ati_law_proactive,Access to Information,Legal Frameworks,NA,OECD Public Integrity Indicators,OECD,2023,"Government data is ""open by default""",Primary legislation specifies that Government data are “open by default” (except for specific cases defined in the regulatory framework).,,Africa and the Middle East,Seychelles,SYC,ati_law_08,0,No
ati_law_proactive,Access to Information,Legal Frameworks,NA,OECD Public Integrity Indicators,OECD,2023,"Government data is ""open by default""",Primary legislation specifies that Government data are “open by default” (except for specific cases defined in the regulatory framework).,,Europe,Sweden,SWE,ati_law_08,0,No
ati_law_proactive,Access to Information,Legal Frameworks,NA,OECD Public Integrity Indicators,OECD,2023,"Government data is ""open by default""",Primary legislation specifies that Government data are “open by default” (except for specific cases defined in the regulatory framework).,,Europe,United Kingdom,GBR,ati_law_08,0,No
ati_data_pubreq,Access to Information,Performance Data,Legal Requirements,Global Data Barometer 2nd Edition,Global Data Barometer,2025,ATI performance data must be published,"Operational laws, policies, or regulations require publication of ATI performance data in any form","ATI performance data refers to information regarding the number of requests submitted and filled, agency response times, denials and reasons for withholding, or appeals and their results",Americas,Argentina,ARG,ati_data_02,2,Yes
ati_data_pubreq,Access to Information,Performance Data,Legal Requirements,Global Data Barometer 2nd Edition,Global Data Barometer,2025,ATI performance data must be published,"Operational laws, policies, or regulations require publication of ATI performance data in any form","ATI performance data refers to information regarding the number of requests submitted and filled, agency response times, denials and reasons for withholding, or appeals and their results",Africa and the Middle East,Benin,BEN,ati_data_02,0,No
ati_data_pubreq,Access to Information,Performance Data,Legal Requirements,Global Data Barometer 2nd Edition,Global Data Barometer,2025,ATI performance data must be published,"Operational laws, policies, or regulations require publication of ATI performance data in any form","ATI performance data refers to information regarding the number of requests submitted and filled, agency response times, denials and reasons for withholding, or appeals and their results",Americas,Brazil,BRA,ati_data_02,2,Yes
ati_data_pubreq,Access to Information,Performance Data,Legal Requirements,Global Data Barometer 2nd Edition,Global Data Barometer,2025,ATI performance data must be published,"Operational laws, policies, or regulations require publication of ATI performance data in any form","ATI performance data refers to information regarding the number of requests submitted and filled, agency response times, denials and reasons for withholding, or appeals and their results",Africa and the Middle East,Burkina Faso,BFA,ati_data_02,1,Partial
ati_data_pubreq,Access to Information,Performance Data,Legal Requirements,Global Data Barometer 2nd Edition,Global Data Barometer,2025,ATI performance data must be published,"Operational laws, policies, or regulations require publication of ATI performance data in any form","ATI performance data refers to information regarding the number of requests submitted and filled, agency response times, denials and reasons for withholding, or appeals and their results",Americas,Chile,CHL,ati_data_02,2,Yes
ati_data_pubreq,Access to Information,Performance Data,Legal Requirements,Global Data Barometer 2nd Edition,Global Data Barometer,2025,ATI performance data must be published,"Operational laws, policies, or regulations require publication of ATI performance data in any form","ATI performance data refers to information regarding the number of requests submitted and filled, agency response times, denials and reasons for withholding, or appeals and their results",Americas,Colombia,COL,ati_data_02,2,Yes
ati_data_pubreq,Access to Information,Performance Data,Legal Requirements,Global Data Barometer 2nd Edition,Global Data Barometer,2025,ATI performance data must be published,"Operational laws, policies, or regulations require publication of ATI performance data in any form","ATI performance data refers to information regarding the number of requests submitted and filled, agency response times, denials and reasons for withholding, or appeals and their results",Americas,Costa Rica,CRI,ati_data_02,2,Yes
ati_data_pubreq,Access to Information,Performance Data,Legal Requirements,Global Data Barometer 2nd Edition,Global Data Barometer,2025,ATI performance data must be published,"Operational laws, policies, or regulations require publication of ATI performance data in any form","ATI performance data refers to information regarding the number of requests submitted and filled, agency response times, denials and reasons for withholding, or appeals and their results",Africa and the Middle East,Cote d'Ivoire,CIV,ati_data_02,0,No
ati_data_pubreq,Access to Information,Performance Data,Legal Requirements,Global Data Barometer 2nd Edition,Global Data Barometer,2025,ATI performance data must be published,"Operational laws, policies, or regulations require publication of ATI performance data in any form","ATI performance data refers to information regarding the number of requests submitted and filled, agency response times, denials and reasons for withholding, or appeals and their results",Americas,Dominican Republic,DOM,ati_data_02,2,Yes
ati_data_pubreq,Access to Information,Performance Data,Legal Requirements,Global Data Barometer 2nd Edition,Global Data Barometer,2025,ATI performance data must be published,"Operational laws, policies, or regulations require publication of ATI performance data in any form","ATI performance data refers to information regarding the number of requests submitted and filled, agency response times, denials and reasons for withholding, or appeals and their results",Americas,Ecuador,ECU,ati_data_02,2,Yes
ati_data_pubreq,Access to Information,Performance Data,Legal Requirements,Global Data Barometer 2nd Edition,Global Data Barometer,2025,ATI performance data must be published,"Operational laws, policies, or regulations require publication of ATI performance data in any form","ATI performance data refers to information regarding the number of requests submitted and filled, agency response times, denials and reasons for withholding, or appeals and their results",Africa and the Middle East,Ghana,GHA,ati_data_02,2,Yes
ati_data_pubreq,Access to Information,Performance Data,Legal Requirements,Global Data Barometer 2nd Edition,Global Data Barometer,2025,ATI performance data must be published,"Operational laws, policies, or regulations require publication of ATI performance data in any form","ATI performance data refers to information regarding the number of requests submitted and filled, agency response times, denials and reasons for withholding, or appeals and their results",Americas,Guatemala,GTM,ati_data_02,2,Yes
ati_data_pubreq,Access to Information,Performance Data,Legal Requirements,Global Data Barometer 2nd Edition,Global Data Barometer,2025,ATI performance data must be published,"Operational laws, policies, or regulations require publication of ATI performance data in any form","ATI performance data refers to information regarding the number of requests submitted and filled, agency response times, denials and reasons for withholding, or appeals and their results",Americas,Honduras,HND,ati_data_02,2,Yes
ati_data_pubreq,Access to Information,Performance Data,Legal Requirements,Global Data Barometer 2nd Edition,Global Data Barometer,2025,ATI performance data must be published,"Operational laws, policies, or regulations require publication of ATI performance data in any form","ATI performance data refers to information regarding the number of requests submitted and filled, agency response times, denials and reasons for withholding, or appeals and their results",Americas,Jamaica,JAM,ati_data_02,0,No
ati_data_pubreq,Access to Information,Performance Data,Legal Requirements,Global Data Barometer 2nd Edition,Global Data Barometer,2025,ATI performance data must be published,"Operational laws, policies, or regulations require publication of ATI performance data in any form","ATI performance data refers to information regarding the number of requests submitted and filled, agency response times, denials and reasons for withholding, or appeals and their results",Africa and the Middle East,Kenya,KEN,ati_data_02,0,No
ati_data_pubreq,Access to Information,Performance Data,Legal Requirements,Global Data Barometer 2nd Edition,Global Data Barometer,2025,ATI performance data must be published,"Operational laws, policies, or regulations require publication of ATI performance data in any form","ATI performance data refers to information regarding the number of requests submitted and filled, agency response times, denials and reasons for withholding, or appeals and their results",Africa and the Middle East,Liberia,LBR,ati_data_02,0,No
ati_data_pubreq,Access to Information,Performance Data,Legal Requirements,Global Data Barometer 2nd Edition,Global Data Barometer,2025,ATI performance data must be published,"Operational laws, policies, or regulations require publication of ATI performance data in any form","ATI performance data refers to information regarding the number of requests submitted and filled, agency response times, denials and reasons for withholding, or appeals and their results",Africa and the Middle East,Malawi,MWI,ati_data_02,0,No
ati_data_pubreq,Access to Information,Performance Data,Legal Requirements,Global Data Barometer 2nd Edition,Global Data Barometer,2025,ATI performance data must be published,"Operational laws, policies, or regulations require publication of ATI performance data in any form","ATI performance data refers to information regarding the number of requests submitted and filled, agency response times, denials and reasons for withholding, or appeals and their results",Americas,Mexico,MEX,ati_data_02,2,Yes
ati_data_pubreq,Access to Information,Performance Data,Legal Requirements,Global Data Barometer 2nd Edition,Global Data Barometer,2025,ATI performance data must be published,"Operational laws, policies, or regulations require publication of ATI performance data in any form","ATI performance data refers to information regarding the number of requests submitted and filled, agency response times, denials and reasons for withholding, or appeals and their results",Africa and the Middle East,Morocco,MAR,ati_data_02,0,No
ati_data_pubreq,Access to Information,Performance Data,Legal Requirements,Global Data Barometer 2nd Edition,Global Data Barometer,2025,ATI performance data must be published,"Operational laws, policies, or regulations require publication of ATI performance data in any form","ATI performance data refers to information regarding the number of requests submitted and filled, agency response times, denials and reasons for withholding, or appeals and their results",Africa and the Middle East,Nigeria,NGA,ati_data_02,2,Yes
ati_data_pubreq,Access to Information,Performance Data,Legal Requirements,Global Data Barometer 2nd Edition,Global Data Barometer,2025,ATI performance data must be published,"Operational laws, policies, or regulations require publication of ATI performance data in any form","ATI performance data refers to information regarding the number of requests submitted and filled, agency response times, denials and reasons for withholding, or appeals and their results",Americas,Panama,PAN,ati_data_02,2,Yes
ati_data_pubreq,Access to Information,Performance Data,Legal Requirements,Global Data Barometer 2nd Edition,Global Data Barometer,2025,ATI performance data must be published,"Operational laws, policies, or regulations require publication of ATI performance data in any form","ATI performance data refers to information regarding the number of requests submitted and filled, agency response times, denials and reasons for withholding, or appeals and their results",Americas,Paraguay,PRY,ati_data_02,2,Yes
ati_data_pubreq,Access to Information,Performance Data,Legal Requirements,Global Data Barometer 2nd Edition,Global Data Barometer,2025,ATI performance data must be published,"Operational laws, policies, or regulations require publication of ATI performance data in any form","ATI performance data refers to information regarding the number of requests submitted and filled, agency response times, denials and reasons for withholding, or appeals and their results",Americas,Peru,PER,ati_data_02,2,Yes
ati_data_pubreq,Access to Information,Performance Data,Legal Requirements,Global Data Barometer 2nd Edition,Global Data Barometer,2025,ATI performance data must be published,"Operational laws, policies, or regulations require publication of ATI performance data in any form","ATI performance data refers to information regarding the number of requests submitted and filled, agency response times, denials and reasons for withholding, or appeals and their results",Africa and the Middle East,Senegal,SEN,ati_data_02,0,No
ati_data_pubreq,Access to Information,Performance Data,Legal Requirements,Global Data Barometer 2nd Edition,Global Data Barometer,2025,ATI performance data must be published,"Operational laws, policies, or regulations require publication of ATI performance data in any form","ATI performance data refers to information regarding the number of requests submitted and filled, agency response times, denials and reasons for withholding, or appeals and their results",Africa and the Middle East,Sierra Leone,SLE,ati_data_02,0,No
ati_data_pubreq,Access to Information,Performance Data,Legal Requirements,Global Data Barometer 2nd Edition,Global Data Barometer,2025,ATI performance data must be published,"Operational laws, policies, or regulations require publication of ATI performance data in any form","ATI performance data refers to information regarding the number of requests submitted and filled, agency response times, denials and reasons for withholding, or appeals and their results",Africa and the Middle East,South Africa,ZAF,ati_data_02,0,No
ati_data_pubreq,Access to Information,Performance Data,Legal Requirements,Global Data Barometer 2nd Edition,Global Data Barometer,2025,ATI performance data must be published,"Operational laws, policies, or regulations require publication of ATI performance data in any form","ATI performance data refers to information regarding the number of requests submitted and filled, agency response times, denials and reasons for withholding, or appeals and their results",Africa and the Middle East,Tunisia,TUN,ati_data_02,2,Yes
ati_data_pubreq,Access to Information,Performance Data,Legal Requirements,Global Data Barometer 2nd Edition,Global Data Barometer,2025,ATI performance data must be published,"Operational laws, policies, or regulations require publication of ATI performance data in any form","ATI performance data refers to information regarding the number of requests submitted and filled, agency response times, denials and reasons for withholding, or appeals and their results",Americas,Uruguay,URY,ati_data_02,2,Yes
ati_data_online,Access to Information,Performance Data,Transparency,Global Data Barometer 2nd Edition,Global Data Barometer,2025,Any ATI performance data is available online,ATI performance data is available online in any form,"ATI performance data refers to information regarding the number of requests submitted and filled, agency response times, denials and reasons for withholding, or appeals and their results",Americas,Argentina,ARG,ati_data_03,2,Yes
ati_data_online,Access to Information,Performance Data,Transparency,Global Data Barometer 2nd Edition,Global Data Barometer,2025,Any ATI performance data is available online,ATI performance data is available online in any form,"ATI performance data refers to information regarding the number of requests submitted and filled, agency response times, denials and reasons for withholding, or appeals and their results",Africa and the Middle East,Benin,BEN,ati_data_03,0,No
ati_data_online,Access to Information,Performance Data,Transparency,Global Data Barometer 2nd Edition,Global Data Barometer,2025,Any ATI performance data is available online,ATI performance data is available online in any form,"ATI performance data refers to information regarding the number of requests submitted and filled, agency response times, denials and reasons for withholding, or appeals and their results",Americas,Brazil,BRA,ati_data_03,2,Yes
ati_data_online,Access to Information,Performance Data,Transparency,Global Data Barometer 2nd Edition,Global Data Barometer,2025,Any ATI performance data is available online,ATI performance data is available online in any form,"ATI performance data refers to information regarding the number of requests submitted and filled, agency response times, denials and reasons for withholding, or appeals and their results",Africa and the Middle East,Burkina Faso,BFA,ati_data_03,0,No
ati_data_online,Access to Information,Performance Data,Transparency,Global Data Barometer 2nd Edition,Global Data Barometer,2025,Any ATI performance data is available online,ATI performance data is available online in any form,"ATI performance data refers to information regarding the number of requests submitted and filled, agency response times, denials and reasons for withholding, or appeals and their results",Americas,Chile,CHL,ati_data_03,2,Yes
ati_data_online,Access to Information,Performance Data,Transparency,Global Data Barometer 2nd Edition,Global Data Barometer,2025,Any ATI performance data is available online,ATI performance data is available online in any form,"ATI performance data refers to information regarding the number of requests submitted and filled, agency response times, denials and reasons for withholding, or appeals and their results",Americas,Colombia,COL,ati_data_03,2,Yes
ati_data_online,Access to Information,Performance Data,Transparency,Global Data Barometer 2nd Edition,Global Data Barometer,2025,Any ATI performance data is available online,ATI performance data is available online in any form,"ATI performance data refers to information regarding the number of requests submitted and filled, agency response times, denials and reasons for withholding, or appeals and their results",Americas,Costa Rica,CRI,ati_data_03,0,No
ati_data_online,Access to Information,Performance Data,Transparency,Global Data Barometer 2nd Edition,Global Data Barometer,2025,Any ATI performance data is available online,ATI performance data is available online in any form,"ATI performance data refers to information regarding the number of requests submitted and filled, agency response times, denials and reasons for withholding, or appeals and their results",Africa and the Middle East,Cote d'Ivoire,CIV,ati_data_03,0,No
ati_data_online,Access to Information,Performance Data,Transparency,Global Data Barometer 2nd Edition,Global Data Barometer,2025,Any ATI performance data is available online,ATI performance data is available online in any form,"ATI performance data refers to information regarding the number of requests submitted and filled, agency response times, denials and reasons for withholding, or appeals and their results",Americas,Dominican Republic,DOM,ati_data_03,2,Yes
ati_data_online,Access to Information,Performance Data,Transparency,Global Data Barometer 2nd Edition,Global Data Barometer,2025,Any ATI performance data is available online,ATI performance data is available online in any form,"ATI performance data refers to information regarding the number of requests submitted and filled, agency response times, denials and reasons for withholding, or appeals and their results",Americas,Ecuador,ECU,ati_data_03,2,Yes
ati_data_online,Access to Information,Performance Data,Transparency,Global Data Barometer 2nd Edition,Global Data Barometer,2025,Any ATI performance data is available online,ATI performance data is available online in any form,"ATI performance data refers to information regarding the number of requests submitted and filled, agency response times, denials and reasons for withholding, or appeals and their results",Africa and the Middle East,Ghana,GHA,ati_data_03,2,Yes
ati_data_online,Access to Information,Performance Data,Transparency,Global Data Barometer 2nd Edition,Global Data Barometer,2025,Any ATI performance data is available online,ATI performance data is available online in any form,"ATI performance data refers to information regarding the number of requests submitted and filled, agency response times, denials and reasons for withholding, or appeals and their results",Americas,Guatemala,GTM,ati_data_03,2,Yes
ati_data_online,Access to Information,Performance Data,Transparency,Global Data Barometer 2nd Edition,Global Data Barometer,2025,Any ATI performance data is available online,ATI performance data is available online in any form,"ATI performance data refers to information regarding the number of requests submitted and filled, agency response times, denials and reasons for withholding, or appeals and their results",Americas,Honduras,HND,ati_data_03,2,Yes
ati_data_online,Access to Information,Performance Data,Transparency,Global Data Barometer 2nd Edition,Global Data Barometer,2025,Any ATI performance data is available online,ATI performance data is available online in any form,"ATI performance data refers to information regarding the number of requests submitted and filled, agency response times, denials and reasons for withholding, or appeals and their results",Americas,Jamaica,JAM,ati_data_03,0,No
ati_data_online,Access to Information,Performance Data,Transparency,Global Data Barometer 2nd Edition,Global Data Barometer,2025,Any ATI performance data is available online,ATI performance data is available online in any form,"ATI performance data refers to information regarding the number of requests submitted and filled, agency response times, denials and reasons for withholding, or appeals and their results",Africa and the Middle East,Kenya,KEN,ati_data_03,2,Yes
ati_data_online,Access to Information,Performance Data,Transparency,Global Data Barometer 2nd Edition,Global Data Barometer,2025,Any ATI performance data is available online,ATI performance data is available online in any form,"ATI performance data refers to information regarding the number of requests submitted and filled, agency response times, denials and reasons for withholding, or appeals and their results",Africa and the Middle East,Liberia,LBR,ati_data_03,0,No
ati_data_online,Access to Information,Performance Data,Transparency,Global Data Barometer 2nd Edition,Global Data Barometer,2025,Any ATI performance data is available online,ATI performance data is available online in any form,"ATI performance data refers to information regarding the number of requests submitted and filled, agency response times, denials and reasons for withholding, or appeals and their results",Africa and the Middle East,Malawi,MWI,ati_data_03,0,No
ati_data_online,Access to Information,Performance Data,Transparency,Global Data Barometer 2nd Edition,Global Data Barometer,2025,Any ATI performance data is available online,ATI performance data is available online in any form,"ATI performance data refers to information regarding the number of requests submitted and filled, agency response times, denials and reasons for withholding, or appeals and their results",Americas,Mexico,MEX,ati_data_03,2,Yes
ati_data_online,Access to Information,Performance Data,Transparency,Global Data Barometer 2nd Edition,Global Data Barometer,2025,Any ATI performance data is available online,ATI performance data is available online in any form,"ATI performance data refers to information regarding the number of requests submitted and filled, agency response times, denials and reasons for withholding, or appeals and their results",Africa and the Middle East,Morocco,MAR,ati_data_03,2,Yes
ati_data_online,Access to Information,Performance Data,Transparency,Global Data Barometer 2nd Edition,Global Data Barometer,2025,Any ATI performance data is available online,ATI performance data is available online in any form,"ATI performance data refers to information regarding the number of requests submitted and filled, agency response times, denials and reasons for withholding, or appeals and their results",Africa and the Middle East,Nigeria,NGA,ati_data_03,0,No
ati_data_online,Access to Information,Performance Data,Transparency,Global Data Barometer 2nd Edition,Global Data Barometer,2025,Any ATI performance data is available online,ATI performance data is available online in any form,"ATI performance data refers to information regarding the number of requests submitted and filled, agency response times, denials and reasons for withholding, or appeals and their results",Americas,Panama,PAN,ati_data_03,2,Yes
ati_data_online,Access to Information,Performance Data,Transparency,Global Data Barometer 2nd Edition,Global Data Barometer,2025,Any ATI performance data is available online,ATI performance data is available online in any form,"ATI performance data refers to information regarding the number of requests submitted and filled, agency response times, denials and reasons for withholding, or appeals and their results",Americas,Paraguay,PRY,ati_data_03,2,Yes
ati_data_online,Access to Information,Performance Data,Transparency,Global Data Barometer 2nd Edition,Global Data Barometer,2025,Any ATI performance data is available online,ATI performance data is available online in any form,"ATI performance data refers to information regarding the number of requests submitted and filled, agency response times, denials and reasons for withholding, or appeals and their results",Americas,Peru,PER,ati_data_03,2,Yes
ati_data_online,Access to Information,Performance Data,Transparency,Global Data Barometer 2nd Edition,Global Data Barometer,2025,Any ATI performance data is available online,ATI performance data is available online in any form,"ATI performance data refers to information regarding the number of requests submitted and filled, agency response times, denials and reasons for withholding, or appeals and their results",Africa and the Middle East,Senegal,SEN,ati_data_03,0,No
ati_data_online,Access to Information,Performance Data,Transparency,Global Data Barometer 2nd Edition,Global Data Barometer,2025,Any ATI performance data is available online,ATI performance data is available online in any form,"ATI performance data refers to information regarding the number of requests submitted and filled, agency response times, denials and reasons for withholding, or appeals and their results",Africa and the Middle East,Sierra Leone,SLE,ati_data_03,0,No
ati_data_online,Access to Information,Performance Data,Transparency,Global Data Barometer 2nd Edition,Global Data Barometer,2025,Any ATI performance data is available online,ATI performance data is available online in any form,"ATI performance data refers to information regarding the number of requests submitted and filled, agency response times, denials and reasons for withholding, or appeals and their results",Africa and the Middle East,South Africa,ZAF,ati_data_03,2,Yes
ati_data_online,Access to Information,Performance Data,Transparency,Global Data Barometer 2nd Edition,Global Data Barometer,2025,Any ATI performance data is available online,ATI performance data is available online in any form,"ATI performance data refers to information regarding the number of requests submitted and filled, agency response times, denials and reasons for withholding, or appeals and their results",Africa and the Middle East,Tunisia,TUN,ati_data_03,0,No
ati_data_online,Access to Information,Performance Data,Transparency,Global Data Barometer 2nd Edition,Global Data Barometer,2025,Any ATI performance data is available online,ATI performance data is available online in any form,"ATI performance data refers to information regarding the number of requests submitted and filled, agency response times, denials and reasons for withholding, or appeals and their results",Americas,Uruguay,URY,ati_data_03,2,Yes
ati_data_requests,Access to Information,Performance Data,Transparency,Global Data Barometer 2nd Edition,Global Data Barometer,2025,Data on ATI requests is available online,Publicly available data includes details on the number of requests submitted and processed,,Americas,Argentina,ARG,ati_data_04,2,Yes
ati_data_requests,Access to Information,Performance Data,Transparency,Global Data Barometer 2nd Edition,Global Data Barometer,2025,Data on ATI requests is available online,Publicly available data includes details on the number of requests submitted and processed,,Africa and the Middle East,Benin,BEN,ati_data_04,0,No
ati_data_requests,Access to Information,Performance Data,Transparency,Global Data Barometer 2nd Edition,Global Data Barometer,2025,Data on ATI requests is available online,Publicly available data includes details on the number of requests submitted and processed,,Americas,Brazil,BRA,ati_data_04,2,Yes
ati_data_requests,Access to Information,Performance Data,Transparency,Global Data Barometer 2nd Edition,Global Data Barometer,2025,Data on ATI requests is available online,Publicly available data includes details on the number of requests submitted and processed,,Africa and the Middle East,Burkina Faso,BFA,ati_data_04,0,No
ati_data_requests,Access to Information,Performance Data,Transparency,Global Data Barometer 2nd Edition,Global Data Barometer,2025,Data on ATI requests is available online,Publicly available data includes details on the number of requests submitted and processed,,Americas,Chile,CHL,ati_data_04,2,Yes
ati_data_requests,Access to Information,Performance Data,Transparency,Global Data Barometer 2nd Edition,Global Data Barometer,2025,Data on ATI requests is available online,Publicly available data includes details on the number of requests submitted and processed,,Americas,Colombia,COL,ati_data_04,2,Yes
ati_data_requests,Access to Information,Performance Data,Transparency,Global Data Barometer 2nd Edition,Global Data Barometer,2025,Data on ATI requests is available online,Publicly available data includes details on the number of requests submitted and processed,,Americas,Costa Rica,CRI,ati_data_04,0,No
ati_data_requests,Access to Information,Performance Data,Transparency,Global Data Barometer 2nd Edition,Global Data Barometer,2025,Data on ATI requests is available online,Publicly available data includes details on the number of requests submitted and processed,,Africa and the Middle East,Cote d'Ivoire,CIV,ati_data_04,0,No
ati_data_requests,Access to Information,Performance Data,Transparency,Global Data Barometer 2nd Edition,Global Data Barometer,2025,Data on ATI requests is available online,Publicly available data includes details on the number of requests submitted and processed,,Americas,Dominican Republic,DOM,ati_data_04,2,Yes
ati_data_requests,Access to Information,Performance Data,Transparency,Global Data Barometer 2nd Edition,Global Data Barometer,2025,Data on ATI requests is available online,Publicly available data includes details on the number of requests submitted and processed,,Americas,Ecuador,ECU,ati_data_04,2,Yes
ati_data_requests,Access to Information,Performance Data,Transparency,Global Data Barometer 2nd Edition,Global Data Barometer,2025,Data on ATI requests is available online,Publicly available data includes details on the number of requests submitted and processed,,Africa and the Middle East,Ghana,GHA,ati_data_04,2,Yes
ati_data_requests,Access to Information,Performance Data,Transparency,Global Data Barometer 2nd Edition,Global Data Barometer,2025,Data on ATI requests is available online,Publicly available data includes details on the number of requests submitted and processed,,Americas,Guatemala,GTM,ati_data_04,2,Yes
ati_data_requests,Access to Information,Performance Data,Transparency,Global Data Barometer 2nd Edition,Global Data Barometer,2025,Data on ATI requests is available online,Publicly available data includes details on the number of requests submitted and processed,,Americas,Honduras,HND,ati_data_04,2,Yes
ati_data_requests,Access to Information,Performance Data,Transparency,Global Data Barometer 2nd Edition,Global Data Barometer,2025,Data on ATI requests is available online,Publicly available data includes details on the number of requests submitted and processed,,Americas,Jamaica,JAM,ati_data_04,0,No
ati_data_requests,Access to Information,Performance Data,Transparency,Global Data Barometer 2nd Edition,Global Data Barometer,2025,Data on ATI requests is available online,Publicly available data includes details on the number of requests submitted and processed,,Africa and the Middle East,Kenya,KEN,ati_data_04,2,Yes
ati_data_requests,Access to Information,Performance Data,Transparency,Global Data Barometer 2nd Edition,Global Data Barometer,2025,Data on ATI requests is available online,Publicly available data includes details on the number of requests submitted and processed,,Africa and the Middle East,Liberia,LBR,ati_data_04,0,No
ati_data_requests,Access to Information,Performance Data,Transparency,Global Data Barometer 2nd Edition,Global Data Barometer,2025,Data on ATI requests is available online,Publicly available data includes details on the number of requests submitted and processed,,Africa and the Middle East,Malawi,MWI,ati_data_04,0,No
ati_data_requests,Access to Information,Performance Data,Transparency,Global Data Barometer 2nd Edition,Global Data Barometer,2025,Data on ATI requests is available online,Publicly available data includes details on the number of requests submitted and processed,,Americas,Mexico,MEX,ati_data_04,2,Yes
ati_data_requests,Access to Information,Performance Data,Transparency,Global Data Barometer 2nd Edition,Global Data Barometer,2025,Data on ATI requests is available online,Publicly available data includes details on the number of requests submitted and processed,,Africa and the Middle East,Morocco,MAR,ati_data_04,2,Yes
ati_data_requests,Access to Information,Performance Data,Transparency,Global Data Barometer 2nd Edition,Global Data Barometer,2025,Data on ATI requests is available online,Publicly available data includes details on the number of requests submitted and processed,,Africa and the Middle East,Nigeria,NGA,ati_data_04,0,No
ati_data_requests,Access to Information,Performance Data,Transparency,Global Data Barometer 2nd Edition,Global Data Barometer,2025,Data on ATI requests is available online,Publicly available data includes details on the number of requests submitted and processed,,Americas,Panama,PAN,ati_data_04,2,Yes
ati_data_requests,Access to Information,Performance Data,Transparency,Global Data Barometer 2nd Edition,Global Data Barometer,2025,Data on ATI requests is available online,Publicly available data includes details on the number of requests submitted and processed,,Americas,Paraguay,PRY,ati_data_04,2,Yes
ati_data_requests,Access to Information,Performance Data,Transparency,Global Data Barometer 2nd Edition,Global Data Barometer,2025,Data on ATI requests is available online,Publicly available data includes details on the number of requests submitted and processed,,Americas,Peru,PER,ati_data_04,2,Yes
ati_data_requests,Access to Information,Performance Data,Transparency,Global Data Barometer 2nd Edition,Global Data Barometer,2025,Data on ATI requests is available online,Publicly available data includes details on the number of requests submitted and processed,,Africa and the Middle East,Senegal,SEN,ati_data_04,0,No
ati_data_requests,Access to Information,Performance Data,Transparency,Global Data Barometer 2nd Edition,Global Data Barometer,2025,Data on ATI requests is available online,Publicly available data includes details on the number of requests submitted and processed,,Africa and the Middle East,Sierra Leone,SLE,ati_data_04,0,No
ati_data_requests,Access to Information,Performance Data,Transparency,Global Data Barometer 2nd Edition,Global Data Barometer,2025,Data on ATI requests is available online,Publicly available data includes details on the number of requests submitted and processed,,Africa and the Middle East,South Africa,ZAF,ati_data_04,2,Yes
ati_data_requests,Access to Information,Performance Data,Transparency,Global Data Barometer 2nd Edition,Global Data Barometer,2025,Data on ATI requests is available online,Publicly available data includes details on the number of requests submitted and processed,,Africa and the Middle East,Tunisia,TUN,ati_data_04,0,No
ati_data_requests,Access to Information,Performance Data,Transparency,Global Data Barometer 2nd Edition,Global Data Barometer,2025,Data on ATI requests is available online,Publicly available data includes details on the number of requests submitted and processed,,Americas,Uruguay,URY,ati_data_04,2,Yes
ati_data_response,Access to Information,Performance Data,Transparency,Global Data Barometer 2nd Edition,Global Data Barometer,2025,Data on ATI response times is available online,Publicly available data includes details on how long it took the relevant government agency or agencies to fill requests,,Americas,Argentina,ARG,ati_data_05,1,Partial
ati_data_response,Access to Information,Performance Data,Transparency,Global Data Barometer 2nd Edition,Global Data Barometer,2025,Data on ATI response times is available online,Publicly available data includes details on how long it took the relevant government agency or agencies to fill requests,,Africa and the Middle East,Benin,BEN,ati_data_05,0,No
ati_data_response,Access to Information,Performance Data,Transparency,Global Data Barometer 2nd Edition,Global Data Barometer,2025,Data on ATI response times is available online,Publicly available data includes details on how long it took the relevant government agency or agencies to fill requests,,Americas,Brazil,BRA,ati_data_05,2,Yes
ati_data_response,Access to Information,Performance Data,Transparency,Global Data Barometer 2nd Edition,Global Data Barometer,2025,Data on ATI response times is available online,Publicly available data includes details on how long it took the relevant government agency or agencies to fill requests,,Africa and the Middle East,Burkina Faso,BFA,ati_data_05,0,No
ati_data_response,Access to Information,Performance Data,Transparency,Global Data Barometer 2nd Edition,Global Data Barometer,2025,Data on ATI response times is available online,Publicly available data includes details on how long it took the relevant government agency or agencies to fill requests,,Americas,Chile,CHL,ati_data_05,2,Yes
ati_data_response,Access to Information,Performance Data,Transparency,Global Data Barometer 2nd Edition,Global Data Barometer,2025,Data on ATI response times is available online,Publicly available data includes details on how long it took the relevant government agency or agencies to fill requests,,Americas,Colombia,COL,ati_data_05,2,Yes
ati_data_response,Access to Information,Performance Data,Transparency,Global Data Barometer 2nd Edition,Global Data Barometer,2025,Data on ATI response times is available online,Publicly available data includes details on how long it took the relevant government agency or agencies to fill requests,,Americas,Costa Rica,CRI,ati_data_05,0,No
ati_data_response,Access to Information,Performance Data,Transparency,Global Data Barometer 2nd Edition,Global Data Barometer,2025,Data on ATI response times is available online,Publicly available data includes details on how long it took the relevant government agency or agencies to fill requests,,Africa and the Middle East,Cote d'Ivoire,CIV,ati_data_05,0,No
ati_data_response,Access to Information,Performance Data,Transparency,Global Data Barometer 2nd Edition,Global Data Barometer,2025,Data on ATI response times is available online,Publicly available data includes details on how long it took the relevant government agency or agencies to fill requests,,Americas,Dominican Republic,DOM,ati_data_05,2,Yes
ati_data_response,Access to Information,Performance Data,Transparency,Global Data Barometer 2nd Edition,Global Data Barometer,2025,Data on ATI response times is available online,Publicly available data includes details on how long it took the relevant government agency or agencies to fill requests,,Americas,Ecuador,ECU,ati_data_05,0,No
ati_data_response,Access to Information,Performance Data,Transparency,Global Data Barometer 2nd Edition,Global Data Barometer,2025,Data on ATI response times is available online,Publicly available data includes details on how long it took the relevant government agency or agencies to fill requests,,Africa and the Middle East,Ghana,GHA,ati_data_05,0,No
ati_data_response,Access to Information,Performance Data,Transparency,Global Data Barometer 2nd Edition,Global Data Barometer,2025,Data on ATI response times is available online,Publicly available data includes details on how long it took the relevant government agency or agencies to fill requests,,Americas,Guatemala,GTM,ati_data_05,2,Yes
ati_data_response,Access to Information,Performance Data,Transparency,Global Data Barometer 2nd Edition,Global Data Barometer,2025,Data on ATI response times is available online,Publicly available data includes details on how long it took the relevant government agency or agencies to fill requests,,Americas,Honduras,HND,ati_data_05,2,Yes
ati_data_response,Access to Information,Performance Data,Transparency,Global Data Barometer 2nd Edition,Global Data Barometer,2025,Data on ATI response times is available online,Publicly available data includes details on how long it took the relevant government agency or agencies to fill requests,,Americas,Jamaica,JAM,ati_data_05,0,No
ati_data_response,Access to Information,Performance Data,Transparency,Global Data Barometer 2nd Edition,Global Data Barometer,2025,Data on ATI response times is available online,Publicly available data includes details on how long it took the relevant government agency or agencies to fill requests,,Africa and the Middle East,Kenya,KEN,ati_data_05,0,No
ati_data_response,Access to Information,Performance Data,Transparency,Global Data Barometer 2nd Edition,Global Data Barometer,2025,Data on ATI response times is available online,Publicly available data includes details on how long it took the relevant government agency or agencies to fill requests,,Africa and the Middle East,Liberia,LBR,ati_data_05,0,No
ati_data_response,Access to Information,Performance Data,Transparency,Global Data Barometer 2nd Edition,Global Data Barometer,2025,Data on ATI response times is available online,Publicly available data includes details on how long it took the relevant government agency or agencies to fill requests,,Africa and the Middle East,Malawi,MWI,ati_data_05,0,No
ati_data_response,Access to Information,Performance Data,Transparency,Global Data Barometer 2nd Edition,Global Data Barometer,2025,Data on ATI response times is available online,Publicly available data includes details on how long it took the relevant government agency or agencies to fill requests,,Americas,Mexico,MEX,ati_data_05,2,Yes
ati_data_response,Access to Information,Performance Data,Transparency,Global Data Barometer 2nd Edition,Global Data Barometer,2025,Data on ATI response times is available online,Publicly available data includes details on how long it took the relevant government agency or agencies to fill requests,,Africa and the Middle East,Morocco,MAR,ati_data_05,2,Yes
ati_data_response,Access to Information,Performance Data,Transparency,Global Data Barometer 2nd Edition,Global Data Barometer,2025,Data on ATI response times is available online,Publicly available data includes details on how long it took the relevant government agency or agencies to fill requests,,Africa and the Middle East,Nigeria,NGA,ati_data_05,0,No
ati_data_response,Access to Information,Performance Data,Transparency,Global Data Barometer 2nd Edition,Global Data Barometer,2025,Data on ATI response times is available online,Publicly available data includes details on how long it took the relevant government agency or agencies to fill requests,,Americas,Panama,PAN,ati_data_05,0,No
ati_data_response,Access to Information,Performance Data,Transparency,Global Data Barometer 2nd Edition,Global Data Barometer,2025,Data on ATI response times is available online,Publicly available data includes details on how long it took the relevant government agency or agencies to fill requests,,Americas,Paraguay,PRY,ati_data_05,1,Partial
ati_data_response,Access to Information,Performance Data,Transparency,Global Data Barometer 2nd Edition,Global Data Barometer,2025,Data on ATI response times is available online,Publicly available data includes details on how long it took the relevant government agency or agencies to fill requests,,Americas,Peru,PER,ati_data_05,2,Yes
ati_data_response,Access to Information,Performance Data,Transparency,Global Data Barometer 2nd Edition,Global Data Barometer,2025,Data on ATI response times is available online,Publicly available data includes details on how long it took the relevant government agency or agencies to fill requests,,Africa and the Middle East,Senegal,SEN,ati_data_05,0,No
ati_data_response,Access to Information,Performance Data,Transparency,Global Data Barometer 2nd Edition,Global Data Barometer,2025,Data on ATI response times is available online,Publicly available data includes details on how long it took the relevant government agency or agencies to fill requests,,Africa and the Middle East,Sierra Leone,SLE,ati_data_05,0,No
ati_data_response,Access to Information,Performance Data,Transparency,Global Data Barometer 2nd Edition,Global Data Barometer,2025,Data on ATI response times is available online,Publicly available data includes details on how long it took the relevant government agency or agencies to fill requests,,Africa and the Middle East,South Africa,ZAF,ati_data_05,0,No
ati_data_response,Access to Information,Performance Data,Transparency,Global Data Barometer 2nd Edition,Global Data Barometer,2025,Data on ATI response times is available online,Publicly available data includes details on how long it took the relevant government agency or agencies to fill requests,,Africa and the Middle East,Tunisia,TUN,ati_data_05,0,No
ati_data_response,Access to Information,Performance Data,Transparency,Global Data Barometer 2nd Edition,Global Data Barometer,2025,Data on ATI response times is available online,Publicly available data includes details on how long it took the relevant government agency or agencies to fill requests,,Americas,Uruguay,URY,ati_data_05,2,Yes
ati_data_withheld,Access to Information,Performance Data,Transparency,Global Data Barometer 2nd Edition,Global Data Barometer,2025,Data on ATI denials is available online,Publicly available data includes details about material withheld and the reasons for withholding it,,Americas,Argentina,ARG,ati_data_06,1,Partial
ati_data_withheld,Access to Information,Performance Data,Transparency,Global Data Barometer 2nd Edition,Global Data Barometer,2025,Data on ATI denials is available online,Publicly available data includes details about material withheld and the reasons for withholding it,,Africa and the Middle East,Benin,BEN,ati_data_06,0,No
ati_data_withheld,Access to Information,Performance Data,Transparency,Global Data Barometer 2nd Edition,Global Data Barometer,2025,Data on ATI denials is available online,Publicly available data includes details about material withheld and the reasons for withholding it,,Americas,Brazil,BRA,ati_data_06,2,Yes
ati_data_withheld,Access to Information,Performance Data,Transparency,Global Data Barometer 2nd Edition,Global Data Barometer,2025,Data on ATI denials is available online,Publicly available data includes details about material withheld and the reasons for withholding it,,Africa and the Middle East,Burkina Faso,BFA,ati_data_06,0,No
ati_data_withheld,Access to Information,Performance Data,Transparency,Global Data Barometer 2nd Edition,Global Data Barometer,2025,Data on ATI denials is available online,Publicly available data includes details about material withheld and the reasons for withholding it,,Americas,Chile,CHL,ati_data_06,2,Yes
ati_data_withheld,Access to Information,Performance Data,Transparency,Global Data Barometer 2nd Edition,Global Data Barometer,2025,Data on ATI denials is available online,Publicly available data includes details about material withheld and the reasons for withholding it,,Americas,Colombia,COL,ati_data_06,1,Partial
ati_data_withheld,Access to Information,Performance Data,Transparency,Global Data Barometer 2nd Edition,Global Data Barometer,2025,Data on ATI denials is available online,Publicly available data includes details about material withheld and the reasons for withholding it,,Americas,Costa Rica,CRI,ati_data_06,0,No
ati_data_withheld,Access to Information,Performance Data,Transparency,Global Data Barometer 2nd Edition,Global Data Barometer,2025,Data on ATI denials is available online,Publicly available data includes details about material withheld and the reasons for withholding it,,Africa and the Middle East,Cote d'Ivoire,CIV,ati_data_06,0,No
ati_data_withheld,Access to Information,Performance Data,Transparency,Global Data Barometer 2nd Edition,Global Data Barometer,2025,Data on ATI denials is available online,Publicly available data includes details about material withheld and the reasons for withholding it,,Americas,Dominican Republic,DOM,ati_data_06,1,Partial
ati_data_withheld,Access to Information,Performance Data,Transparency,Global Data Barometer 2nd Edition,Global Data Barometer,2025,Data on ATI denials is available online,Publicly available data includes details about material withheld and the reasons for withholding it,,Americas,Ecuador,ECU,ati_data_06,1,Partial
ati_data_withheld,Access to Information,Performance Data,Transparency,Global Data Barometer 2nd Edition,Global Data Barometer,2025,Data on ATI denials is available online,Publicly available data includes details about material withheld and the reasons for withholding it,,Africa and the Middle East,Ghana,GHA,ati_data_06,0,No
ati_data_withheld,Access to Information,Performance Data,Transparency,Global Data Barometer 2nd Edition,Global Data Barometer,2025,Data on ATI denials is available online,Publicly available data includes details about material withheld and the reasons for withholding it,,Americas,Guatemala,GTM,ati_data_06,2,Yes
ati_data_withheld,Access to Information,Performance Data,Transparency,Global Data Barometer 2nd Edition,Global Data Barometer,2025,Data on ATI denials is available online,Publicly available data includes details about material withheld and the reasons for withholding it,,Americas,Honduras,HND,ati_data_06,0,No
ati_data_withheld,Access to Information,Performance Data,Transparency,Global Data Barometer 2nd Edition,Global Data Barometer,2025,Data on ATI denials is available online,Publicly available data includes details about material withheld and the reasons for withholding it,,Americas,Jamaica,JAM,ati_data_06,0,No
ati_data_withheld,Access to Information,Performance Data,Transparency,Global Data Barometer 2nd Edition,Global Data Barometer,2025,Data on ATI denials is available online,Publicly available data includes details about material withheld and the reasons for withholding it,,Africa and the Middle East,Kenya,KEN,ati_data_06,2,Yes
ati_data_withheld,Access to Information,Performance Data,Transparency,Global Data Barometer 2nd Edition,Global Data Barometer,2025,Data on ATI denials is available online,Publicly available data includes details about material withheld and the reasons for withholding it,,Africa and the Middle East,Liberia,LBR,ati_data_06,0,No
ati_data_withheld,Access to Information,Performance Data,Transparency,Global Data Barometer 2nd Edition,Global Data Barometer,2025,Data on ATI denials is available online,Publicly available data includes details about material withheld and the reasons for withholding it,,Africa and the Middle East,Malawi,MWI,ati_data_06,0,No
ati_data_withheld,Access to Information,Performance Data,Transparency,Global Data Barometer 2nd Edition,Global Data Barometer,2025,Data on ATI denials is available online,Publicly available data includes details about material withheld and the reasons for withholding it,,Americas,Mexico,MEX,ati_data_06,1,Partial
ati_data_withheld,Access to Information,Performance Data,Transparency,Global Data Barometer 2nd Edition,Global Data Barometer,2025,Data on ATI denials is available online,Publicly available data includes details about material withheld and the reasons for withholding it,,Africa and the Middle East,Morocco,MAR,ati_data_06,0,No
ati_data_withheld,Access to Information,Performance Data,Transparency,Global Data Barometer 2nd Edition,Global Data Barometer,2025,Data on ATI denials is available online,Publicly available data includes details about material withheld and the reasons for withholding it,,Africa and the Middle East,Nigeria,NGA,ati_data_06,0,No
ati_data_withheld,Access to Information,Performance Data,Transparency,Global Data Barometer 2nd Edition,Global Data Barometer,2025,Data on ATI denials is available online,Publicly available data includes details about material withheld and the reasons for withholding it,,Americas,Panama,PAN,ati_data_06,0,No
ati_data_withheld,Access to Information,Performance Data,Transparency,Global Data Barometer 2nd Edition,Global Data Barometer,2025,Data on ATI denials is available online,Publicly available data includes details about material withheld and the reasons for withholding it,,Americas,Paraguay,PRY,ati_data_06,0,No
ati_data_withheld,Access to Information,Performance Data,Transparency,Global Data Barometer 2nd Edition,Global Data Barometer,2025,Data on ATI denials is available online,Publicly available data includes details about material withheld and the reasons for withholding it,,Americas,Peru,PER,ati_data_06,1,Partial
ati_data_withheld,Access to Information,Performance Data,Transparency,Global Data Barometer 2nd Edition,Global Data Barometer,2025,Data on ATI denials is available online,Publicly available data includes details about material withheld and the reasons for withholding it,,Africa and the Middle East,Senegal,SEN,ati_data_06,0,No
ati_data_withheld,Access to Information,Performance Data,Transparency,Global Data Barometer 2nd Edition,Global Data Barometer,2025,Data on ATI denials is available online,Publicly available data includes details about material withheld and the reasons for withholding it,,Africa and the Middle East,Sierra Leone,SLE,ati_data_06,0,No
ati_data_withheld,Access to Information,Performance Data,Transparency,Global Data Barometer 2nd Edition,Global Data Barometer,2025,Data on ATI denials is available online,Publicly available data includes details about material withheld and the reasons for withholding it,,Africa and the Middle East,South Africa,ZAF,ati_data_06,0,No
ati_data_withheld,Access to Information,Performance Data,Transparency,Global Data Barometer 2nd Edition,Global Data Barometer,2025,Data on ATI denials is available online,Publicly available data includes details about material withheld and the reasons for withholding it,,Africa and the Middle East,Tunisia,TUN,ati_data_06,0,No
ati_data_withheld,Access to Information,Performance Data,Transparency,Global Data Barometer 2nd Edition,Global Data Barometer,2025,Data on ATI denials is available online,Publicly available data includes details about material withheld and the reasons for withholding it,,Americas,Uruguay,URY,ati_data_06,2,Yes
ati_data_appeals,Access to Information,Performance Data,Transparency,Global Data Barometer 2nd Edition,Global Data Barometer,2025,Data on ATI appeals is available online,Publicly available data includes details about appeals to ATI determinations and their results,,Americas,Argentina,ARG,ati_data_07,2,Yes
ati_data_appeals,Access to Information,Performance Data,Transparency,Global Data Barometer 2nd Edition,Global Data Barometer,2025,Data on ATI appeals is available online,Publicly available data includes details about appeals to ATI determinations and their results,,Africa and the Middle East,Benin,BEN,ati_data_07,0,No
ati_data_appeals,Access to Information,Performance Data,Transparency,Global Data Barometer 2nd Edition,Global Data Barometer,2025,Data on ATI appeals is available online,Publicly available data includes details about appeals to ATI determinations and their results,,Americas,Brazil,BRA,ati_data_07,2,Yes
ati_data_appeals,Access to Information,Performance Data,Transparency,Global Data Barometer 2nd Edition,Global Data Barometer,2025,Data on ATI appeals is available online,Publicly available data includes details about appeals to ATI determinations and their results,,Africa and the Middle East,Burkina Faso,BFA,ati_data_07,0,No
ati_data_appeals,Access to Information,Performance Data,Transparency,Global Data Barometer 2nd Edition,Global Data Barometer,2025,Data on ATI appeals is available online,Publicly available data includes details about appeals to ATI determinations and their results,,Americas,Chile,CHL,ati_data_07,2,Yes
ati_data_appeals,Access to Information,Performance Data,Transparency,Global Data Barometer 2nd Edition,Global Data Barometer,2025,Data on ATI appeals is available online,Publicly available data includes details about appeals to ATI determinations and their results,,Americas,Colombia,COL,ati_data_07,0,No
ati_data_appeals,Access to Information,Performance Data,Transparency,Global Data Barometer 2nd Edition,Global Data Barometer,2025,Data on ATI appeals is available online,Publicly available data includes details about appeals to ATI determinations and their results,,Americas,Costa Rica,CRI,ati_data_07,0,No
ati_data_appeals,Access to Information,Performance Data,Transparency,Global Data Barometer 2nd Edition,Global Data Barometer,2025,Data on ATI appeals is available online,Publicly available data includes details about appeals to ATI determinations and their results,,Africa and the Middle East,Cote d'Ivoire,CIV,ati_data_07,0,No
ati_data_appeals,Access to Information,Performance Data,Transparency,Global Data Barometer 2nd Edition,Global Data Barometer,2025,Data on ATI appeals is available online,Publicly available data includes details about appeals to ATI determinations and their results,,Americas,Dominican Republic,DOM,ati_data_07,0,No
ati_data_appeals,Access to Information,Performance Data,Transparency,Global Data Barometer 2nd Edition,Global Data Barometer,2025,Data on ATI appeals is available online,Publicly available data includes details about appeals to ATI determinations and their results,,Americas,Ecuador,ECU,ati_data_07,0,No
ati_data_appeals,Access to Information,Performance Data,Transparency,Global Data Barometer 2nd Edition,Global Data Barometer,2025,Data on ATI appeals is available online,Publicly available data includes details about appeals to ATI determinations and their results,,Africa and the Middle East,Ghana,GHA,ati_data_07,2,Yes
ati_data_appeals,Access to Information,Performance Data,Transparency,Global Data Barometer 2nd Edition,Global Data Barometer,2025,Data on ATI appeals is available online,Publicly available data includes details about appeals to ATI determinations and their results,,Americas,Guatemala,GTM,ati_data_07,0,No
ati_data_appeals,Access to Information,Performance Data,Transparency,Global Data Barometer 2nd Edition,Global Data Barometer,2025,Data on ATI appeals is available online,Publicly available data includes details about appeals to ATI determinations and their results,,Americas,Honduras,HND,ati_data_07,0,No
ati_data_appeals,Access to Information,Performance Data,Transparency,Global Data Barometer 2nd Edition,Global Data Barometer,2025,Data on ATI appeals is available online,Publicly available data includes details about appeals to ATI determinations and their results,,Americas,Jamaica,JAM,ati_data_07,0,No
ati_data_appeals,Access to Information,Performance Data,Transparency,Global Data Barometer 2nd Edition,Global Data Barometer,2025,Data on ATI appeals is available online,Publicly available data includes details about appeals to ATI determinations and their results,,Africa and the Middle East,Kenya,KEN,ati_data_07,2,Yes
ati_data_appeals,Access to Information,Performance Data,Transparency,Global Data Barometer 2nd Edition,Global Data Barometer,2025,Data on ATI appeals is available online,Publicly available data includes details about appeals to ATI determinations and their results,,Africa and the Middle East,Liberia,LBR,ati_data_07,0,No
ati_data_appeals,Access to Information,Performance Data,Transparency,Global Data Barometer 2nd Edition,Global Data Barometer,2025,Data on ATI appeals is available online,Publicly available data includes details about appeals to ATI determinations and their results,,Africa and the Middle East,Malawi,MWI,ati_data_07,0,No
ati_data_appeals,Access to Information,Performance Data,Transparency,Global Data Barometer 2nd Edition,Global Data Barometer,2025,Data on ATI appeals is available online,Publicly available data includes details about appeals to ATI determinations and their results,,Americas,Mexico,MEX,ati_data_07,1,Partial
ati_data_appeals,Access to Information,Performance Data,Transparency,Global Data Barometer 2nd Edition,Global Data Barometer,2025,Data on ATI appeals is available online,Publicly available data includes details about appeals to ATI determinations and their results,,Africa and the Middle East,Morocco,MAR,ati_data_07,0,No
ati_data_appeals,Access to Information,Performance Data,Transparency,Global Data Barometer 2nd Edition,Global Data Barometer,2025,Data on ATI appeals is available online,Publicly available data includes details about appeals to ATI determinations and their results,,Africa and the Middle East,Nigeria,NGA,ati_data_07,0,No
ati_data_appeals,Access to Information,Performance Data,Transparency,Global Data Barometer 2nd Edition,Global Data Barometer,2025,Data on ATI appeals is available online,Publicly available data includes details about appeals to ATI determinations and their results,,Americas,Panama,PAN,ati_data_07,0,No
ati_data_appeals,Access to Information,Performance Data,Transparency,Global Data Barometer 2nd Edition,Global Data Barometer,2025,Data on ATI appeals is available online,Publicly available data includes details about appeals to ATI determinations and their results,,Americas,Paraguay,PRY,ati_data_07,1,Partial
ati_data_appeals,Access to Information,Performance Data,Transparency,Global Data Barometer 2nd Edition,Global Data Barometer,2025,Data on ATI appeals is available online,Publicly available data includes details about appeals to ATI determinations and their results,,Americas,Peru,PER,ati_data_07,0,No
ati_data_appeals,Access to Information,Performance Data,Transparency,Global Data Barometer 2nd Edition,Global Data Barometer,2025,Data on ATI appeals is available online,Publicly available data includes details about appeals to ATI determinations and their results,,Africa and the Middle East,Senegal,SEN,ati_data_07,0,No
ati_data_appeals,Access to Information,Performance Data,Transparency,Global Data Barometer 2nd Edition,Global Data Barometer,2025,Data on ATI appeals is available online,Publicly available data includes details about appeals to ATI determinations and their results,,Africa and the Middle East,Sierra Leone,SLE,ati_data_07,0,No
ati_data_appeals,Access to Information,Performance Data,Transparency,Global Data Barometer 2nd Edition,Global Data Barometer,2025,Data on ATI appeals is available online,Publicly available data includes details about appeals to ATI determinations and their results,,Africa and the Middle East,South Africa,ZAF,ati_data_07,0,No
ati_data_appeals,Access to Information,Performance Data,Transparency,Global Data Barometer 2nd Edition,Global Data Barometer,2025,Data on ATI appeals is available online,Publicly available data includes details about appeals to ATI determinations and their results,,Africa and the Middle East,Tunisia,TUN,ati_data_07,0,No
ati_data_appeals,Access to Information,Performance Data,Transparency,Global Data Barometer 2nd Edition,Global Data Barometer,2025,Data on ATI appeals is available online,Publicly available data includes details about appeals to ATI determinations and their results,,Americas,Uruguay,URY,ati_data_07,0,No
ati_data_agency,Access to Information,Performance Data,Transparency,Global Data Barometer 2nd Edition,Global Data Barometer,2025,Online ATI performance data is disaggregated by agency,ATI performance data is linked to the relevant agency department or other governmental entity,,Americas,Argentina,ARG,ati_data_08,2,Yes
ati_data_agency,Access to Information,Performance Data,Transparency,Global Data Barometer 2nd Edition,Global Data Barometer,2025,Online ATI performance data is disaggregated by agency,ATI performance data is linked to the relevant agency department or other governmental entity,,Africa and the Middle East,Benin,BEN,ati_data_08,0,No
ati_data_agency,Access to Information,Performance Data,Transparency,Global Data Barometer 2nd Edition,Global Data Barometer,2025,Online ATI performance data is disaggregated by agency,ATI performance data is linked to the relevant agency department or other governmental entity,,Americas,Brazil,BRA,ati_data_08,2,Yes
ati_data_agency,Access to Information,Performance Data,Transparency,Global Data Barometer 2nd Edition,Global Data Barometer,2025,Online ATI performance data is disaggregated by agency,ATI performance data is linked to the relevant agency department or other governmental entity,,Africa and the Middle East,Burkina Faso,BFA,ati_data_08,0,No
ati_data_agency,Access to Information,Performance Data,Transparency,Global Data Barometer 2nd Edition,Global Data Barometer,2025,Online ATI performance data is disaggregated by agency,ATI performance data is linked to the relevant agency department or other governmental entity,,Americas,Chile,CHL,ati_data_08,2,Yes
ati_data_agency,Access to Information,Performance Data,Transparency,Global Data Barometer 2nd Edition,Global Data Barometer,2025,Online ATI performance data is disaggregated by agency,ATI performance data is linked to the relevant agency department or other governmental entity,,Americas,Colombia,COL,ati_data_08,2,Yes
ati_data_agency,Access to Information,Performance Data,Transparency,Global Data Barometer 2nd Edition,Global Data Barometer,2025,Online ATI performance data is disaggregated by agency,ATI performance data is linked to the relevant agency department or other governmental entity,,Americas,Costa Rica,CRI,ati_data_08,0,No
ati_data_agency,Access to Information,Performance Data,Transparency,Global Data Barometer 2nd Edition,Global Data Barometer,2025,Online ATI performance data is disaggregated by agency,ATI performance data is linked to the relevant agency department or other governmental entity,,Africa and the Middle East,Cote d'Ivoire,CIV,ati_data_08,0,No
ati_data_agency,Access to Information,Performance Data,Transparency,Global Data Barometer 2nd Edition,Global Data Barometer,2025,Online ATI performance data is disaggregated by agency,ATI performance data is linked to the relevant agency department or other governmental entity,,Americas,Dominican Republic,DOM,ati_data_08,2,Yes
ati_data_agency,Access to Information,Performance Data,Transparency,Global Data Barometer 2nd Edition,Global Data Barometer,2025,Online ATI performance data is disaggregated by agency,ATI performance data is linked to the relevant agency department or other governmental entity,,Americas,Ecuador,ECU,ati_data_08,2,Yes
ati_data_agency,Access to Information,Performance Data,Transparency,Global Data Barometer 2nd Edition,Global Data Barometer,2025,Online ATI performance data is disaggregated by agency,ATI performance data is linked to the relevant agency department or other governmental entity,,Africa and the Middle East,Ghana,GHA,ati_data_08,0,No
ati_data_agency,Access to Information,Performance Data,Transparency,Global Data Barometer 2nd Edition,Global Data Barometer,2025,Online ATI performance data is disaggregated by agency,ATI performance data is linked to the relevant agency department or other governmental entity,,Americas,Guatemala,GTM,ati_data_08,2,Yes
ati_data_agency,Access to Information,Performance Data,Transparency,Global Data Barometer 2nd Edition,Global Data Barometer,2025,Online ATI performance data is disaggregated by agency,ATI performance data is linked to the relevant agency department or other governmental entity,,Americas,Honduras,HND,ati_data_08,2,Yes
ati_data_agency,Access to Information,Performance Data,Transparency,Global Data Barometer 2nd Edition,Global Data Barometer,2025,Online ATI performance data is disaggregated by agency,ATI performance data is linked to the relevant agency department or other governmental entity,,Americas,Jamaica,JAM,ati_data_08,0,No
ati_data_agency,Access to Information,Performance Data,Transparency,Global Data Barometer 2nd Edition,Global Data Barometer,2025,Online ATI performance data is disaggregated by agency,ATI performance data is linked to the relevant agency department or other governmental entity,,Africa and the Middle East,Kenya,KEN,ati_data_08,2,Yes
ati_data_agency,Access to Information,Performance Data,Transparency,Global Data Barometer 2nd Edition,Global Data Barometer,2025,Online ATI performance data is disaggregated by agency,ATI performance data is linked to the relevant agency department or other governmental entity,,Africa and the Middle East,Liberia,LBR,ati_data_08,0,No
ati_data_agency,Access to Information,Performance Data,Transparency,Global Data Barometer 2nd Edition,Global Data Barometer,2025,Online ATI performance data is disaggregated by agency,ATI performance data is linked to the relevant agency department or other governmental entity,,Africa and the Middle East,Malawi,MWI,ati_data_08,0,No
ati_data_agency,Access to Information,Performance Data,Transparency,Global Data Barometer 2nd Edition,Global Data Barometer,2025,Online ATI performance data is disaggregated by agency,ATI performance data is linked to the relevant agency department or other governmental entity,,Americas,Mexico,MEX,ati_data_08,1,Partial
ati_data_agency,Access to Information,Performance Data,Transparency,Global Data Barometer 2nd Edition,Global Data Barometer,2025,Online ATI performance data is disaggregated by agency,ATI performance data is linked to the relevant agency department or other governmental entity,,Africa and the Middle East,Morocco,MAR,ati_data_08,0,No
ati_data_agency,Access to Information,Performance Data,Transparency,Global Data Barometer 2nd Edition,Global Data Barometer,2025,Online ATI performance data is disaggregated by agency,ATI performance data is linked to the relevant agency department or other governmental entity,,Africa and the Middle East,Nigeria,NGA,ati_data_08,0,No
ati_data_agency,Access to Information,Performance Data,Transparency,Global Data Barometer 2nd Edition,Global Data Barometer,2025,Online ATI performance data is disaggregated by agency,ATI performance data is linked to the relevant agency department or other governmental entity,,Americas,Panama,PAN,ati_data_08,2,Yes
ati_data_agency,Access to Information,Performance Data,Transparency,Global Data Barometer 2nd Edition,Global Data Barometer,2025,Online ATI performance data is disaggregated by agency,ATI performance data is linked to the relevant agency department or other governmental entity,,Americas,Paraguay,PRY,ati_data_08,2,Yes
ati_data_agency,Access to Information,Performance Data,Transparency,Global Data Barometer 2nd Edition,Global Data Barometer,2025,Online ATI performance data is disaggregated by agency,ATI performance data is linked to the relevant agency department or other governmental entity,,Americas,Peru,PER,ati_data_08,2,Yes
ati_data_agency,Access to Information,Performance Data,Transparency,Global Data Barometer 2nd Edition,Global Data Barometer,2025,Online ATI performance data is disaggregated by agency,ATI performance data is linked to the relevant agency department or other governmental entity,,Africa and the Middle East,Senegal,SEN,ati_data_08,0,No
ati_data_agency,Access to Information,Performance Data,Transparency,Global Data Barometer 2nd Edition,Global Data Barometer,2025,Online ATI performance data is disaggregated by agency,ATI performance data is linked to the relevant agency department or other governmental entity,,Africa and the Middle East,Sierra Leone,SLE,ati_data_08,0,No
ati_data_agency,Access to Information,Performance Data,Transparency,Global Data Barometer 2nd Edition,Global Data Barometer,2025,Online ATI performance data is disaggregated by agency,ATI performance data is linked to the relevant agency department or other governmental entity,,Africa and the Middle East,South Africa,ZAF,ati_data_08,0,No
ati_data_agency,Access to Information,Performance Data,Transparency,Global Data Barometer 2nd Edition,Global Data Barometer,2025,Online ATI performance data is disaggregated by agency,ATI performance data is linked to the relevant agency department or other governmental entity,,Africa and the Middle East,Tunisia,TUN,ati_data_08,0,No
ati_data_agency,Access to Information,Performance Data,Transparency,Global Data Barometer 2nd Edition,Global Data Barometer,2025,Online ATI performance data is disaggregated by agency,ATI performance data is linked to the relevant agency department or other governmental entity,,Americas,Uruguay,URY,ati_data_08,2,Yes
ati_over_appeals,Access to Information,Independent Oversight,NA,Global Right to Information Rating,Centre for Law and Democracy; Access Info Europe,2025,Requesters can appeal to an independent oversight body,Requesters have the right to lodge an (external) appeal with an independent administrative oversight body (e.g. an information commission or ombudsman).,,Europe,Albania,ALB,ati_over_01,2,Yes
ati_over_appeals,Access to Information,Independent Oversight,NA,Global Right to Information Rating,Centre for Law and Democracy; Access Info Europe,2025,Requesters can appeal to an independent oversight body,Requesters have the right to lodge an (external) appeal with an independent administrative oversight body (e.g. an information commission or ombudsman).,,Americas,Argentina,ARG,ati_over_01,2,Yes
ati_over_appeals,Access to Information,Independent Oversight,NA,Global Right to Information Rating,Centre for Law and Democracy; Access Info Europe,2025,Requesters can appeal to an independent oversight body,Requesters have the right to lodge an (external) appeal with an independent administrative oversight body (e.g. an information commission or ombudsman).,,Europe,Armenia,ARM,ati_over_01,2,Yes
ati_over_appeals,Access to Information,Independent Oversight,NA,Global Right to Information Rating,Centre for Law and Democracy; Access Info Europe,2025,Requesters can appeal to an independent oversight body,Requesters have the right to lodge an (external) appeal with an independent administrative oversight body (e.g. an information commission or ombudsman).,,Asia and the Pacific,Australia,AUS,ati_over_01,2,Yes
ati_over_appeals,Access to Information,Independent Oversight,NA,Global Right to Information Rating,Centre for Law and Democracy; Access Info Europe,2025,Requesters can appeal to an independent oversight body,Requesters have the right to lodge an (external) appeal with an independent administrative oversight body (e.g. an information commission or ombudsman).,,Africa and the Middle East,Benin,BEN,ati_over_01,2,Yes
ati_over_appeals,Access to Information,Independent Oversight,NA,Global Right to Information Rating,Centre for Law and Democracy; Access Info Europe,2025,Requesters can appeal to an independent oversight body,Requesters have the right to lodge an (external) appeal with an independent administrative oversight body (e.g. an information commission or ombudsman).,,Europe,Bosnia and Herzegovina,BIH,ati_over_01,2,Yes
ati_over_appeals,Access to Information,Independent Oversight,NA,Global Right to Information Rating,Centre for Law and Democracy; Access Info Europe,2025,Requesters can appeal to an independent oversight body,Requesters have the right to lodge an (external) appeal with an independent administrative oversight body (e.g. an information commission or ombudsman).,,Americas,Brazil,BRA,ati_over_01,2,Yes
ati_over_appeals,Access to Information,Independent Oversight,NA,Global Right to Information Rating,Centre for Law and Democracy; Access Info Europe,2025,Requesters can appeal to an independent oversight body,Requesters have the right to lodge an (external) appeal with an independent administrative oversight body (e.g. an information commission or ombudsman).,,Europe,Bulgaria,BGR,ati_over_01,1,Partial
ati_over_appeals,Access to Information,Independent Oversight,NA,Global Right to Information Rating,Centre for Law and Democracy; Access Info Europe,2025,Requesters can appeal to an independent oversight body,Requesters have the right to lodge an (external) appeal with an independent administrative oversight body (e.g. an information commission or ombudsman).,,Africa and the Middle East,Burkina Faso,BFA,ati_over_01,2,Yes
ati_over_appeals,Access to Information,Independent Oversight,NA,Global Right to Information Rating,Centre for Law and Democracy; Access Info Europe,2025,Requesters can appeal to an independent oversight body,Requesters have the right to lodge an (external) appeal with an independent administrative oversight body (e.g. an information commission or ombudsman).,,Americas,Canada,CAN,ati_over_01,2,Yes
ati_over_appeals,Access to Information,Independent Oversight,NA,Global Right to Information Rating,Centre for Law and Democracy; Access Info Europe,2025,Requesters can appeal to an independent oversight body,Requesters have the right to lodge an (external) appeal with an independent administrative oversight body (e.g. an information commission or ombudsman).,,Africa and the Middle East,Cabo Verde,CPV,ati_over_01,0,No
ati_over_appeals,Access to Information,Independent Oversight,NA,Global Right to Information Rating,Centre for Law and Democracy; Access Info Europe,2025,Requesters can appeal to an independent oversight body,Requesters have the right to lodge an (external) appeal with an independent administrative oversight body (e.g. an information commission or ombudsman).,,Americas,Chile,CHL,ati_over_01,2,Yes
ati_over_appeals,Access to Information,Independent Oversight,NA,Global Right to Information Rating,Centre for Law and Democracy; Access Info Europe,2025,Requesters can appeal to an independent oversight body,Requesters have the right to lodge an (external) appeal with an independent administrative oversight body (e.g. an information commission or ombudsman).,,Americas,Colombia,COL,ati_over_01,1,Partial
ati_over_appeals,Access to Information,Independent Oversight,NA,Global Right to Information Rating,Centre for Law and Democracy; Access Info Europe,2025,Requesters can appeal to an independent oversight body,Requesters have the right to lodge an (external) appeal with an independent administrative oversight body (e.g. an information commission or ombudsman).,,Americas,Costa Rica,CRI,ati_over_01,0,No
ati_over_appeals,Access to Information,Independent Oversight,NA,Global Right to Information Rating,Centre for Law and Democracy; Access Info Europe,2025,Requesters can appeal to an independent oversight body,Requesters have the right to lodge an (external) appeal with an independent administrative oversight body (e.g. an information commission or ombudsman).,,Europe,Croatia,HRV,ati_over_01,2,Yes
ati_over_appeals,Access to Information,Independent Oversight,NA,Global Right to Information Rating,Centre for Law and Democracy; Access Info Europe,2025,Requesters can appeal to an independent oversight body,Requesters have the right to lodge an (external) appeal with an independent administrative oversight body (e.g. an information commission or ombudsman).,,Europe,Czech Republic,CZE,ati_over_01,0,No
ati_over_appeals,Access to Information,Independent Oversight,NA,Global Right to Information Rating,Centre for Law and Democracy; Access Info Europe,2025,Requesters can appeal to an independent oversight body,Requesters have the right to lodge an (external) appeal with an independent administrative oversight body (e.g. an information commission or ombudsman).,,Americas,Dominican Republic,DOM,ati_over_01,0,No
ati_over_appeals,Access to Information,Independent Oversight,NA,Global Right to Information Rating,Centre for Law and Democracy; Access Info Europe,2025,Requesters can appeal to an independent oversight body,Requesters have the right to lodge an (external) appeal with an independent administrative oversight body (e.g. an information commission or ombudsman).,,Asia and the Pacific,Timor-Leste,TLS,ati_over_01,0,No
ati_over_appeals,Access to Information,Independent Oversight,NA,Global Right to Information Rating,Centre for Law and Democracy; Access Info Europe,2025,Requesters can appeal to an independent oversight body,Requesters have the right to lodge an (external) appeal with an independent administrative oversight body (e.g. an information commission or ombudsman).,,Americas,Ecuador,ECU,ati_over_01,0,No
ati_over_appeals,Access to Information,Independent Oversight,NA,Global Right to Information Rating,Centre for Law and Democracy; Access Info Europe,2025,Requesters can appeal to an independent oversight body,Requesters have the right to lodge an (external) appeal with an independent administrative oversight body (e.g. an information commission or ombudsman).,,Europe,Estonia,EST,ati_over_01,2,Yes
ati_over_appeals,Access to Information,Independent Oversight,NA,Global Right to Information Rating,Centre for Law and Democracy; Access Info Europe,2025,Requesters can appeal to an independent oversight body,Requesters have the right to lodge an (external) appeal with an independent administrative oversight body (e.g. an information commission or ombudsman).,,Europe,Finland,FIN,ati_over_01,2,Yes
ati_over_appeals,Access to Information,Independent Oversight,NA,Global Right to Information Rating,Centre for Law and Democracy; Access Info Europe,2025,Requesters can appeal to an independent oversight body,Requesters have the right to lodge an (external) appeal with an independent administrative oversight body (e.g. an information commission or ombudsman).,,Europe,France,FRA,ati_over_01,2,Yes
ati_over_appeals,Access to Information,Independent Oversight,NA,Global Right to Information Rating,Centre for Law and Democracy; Access Info Europe,2025,Requesters can appeal to an independent oversight body,Requesters have the right to lodge an (external) appeal with an independent administrative oversight body (e.g. an information commission or ombudsman).,,Europe,Germany,DEU,ati_over_01,2,Yes
ati_over_appeals,Access to Information,Independent Oversight,NA,Global Right to Information Rating,Centre for Law and Democracy; Access Info Europe,2025,Requesters can appeal to an independent oversight body,Requesters have the right to lodge an (external) appeal with an independent administrative oversight body (e.g. an information commission or ombudsman).,,Africa and the Middle East,Ghana,GHA,ati_over_01,2,Yes
ati_over_appeals,Access to Information,Independent Oversight,NA,Global Right to Information Rating,Centre for Law and Democracy; Access Info Europe,2025,Requesters can appeal to an independent oversight body,Requesters have the right to lodge an (external) appeal with an independent administrative oversight body (e.g. an information commission or ombudsman).,,Europe,Greece,GRC,ati_over_01,1,Partial
ati_over_appeals,Access to Information,Independent Oversight,NA,Global Right to Information Rating,Centre for Law and Democracy; Access Info Europe,2025,Requesters can appeal to an independent oversight body,Requesters have the right to lodge an (external) appeal with an independent administrative oversight body (e.g. an information commission or ombudsman).,,Americas,Guatemala,GTM,ati_over_01,0,No
ati_over_appeals,Access to Information,Independent Oversight,NA,Global Right to Information Rating,Centre for Law and Democracy; Access Info Europe,2025,Requesters can appeal to an independent oversight body,Requesters have the right to lodge an (external) appeal with an independent administrative oversight body (e.g. an information commission or ombudsman).,,Americas,Honduras,HND,ati_over_01,2,Yes
ati_over_appeals,Access to Information,Independent Oversight,NA,Global Right to Information Rating,Centre for Law and Democracy; Access Info Europe,2025,Requesters can appeal to an independent oversight body,Requesters have the right to lodge an (external) appeal with an independent administrative oversight body (e.g. an information commission or ombudsman).,,Asia and the Pacific,Indonesia,IDN,ati_over_01,2,Yes
ati_over_appeals,Access to Information,Independent Oversight,NA,Global Right to Information Rating,Centre for Law and Democracy; Access Info Europe,2025,Requesters can appeal to an independent oversight body,Requesters have the right to lodge an (external) appeal with an independent administrative oversight body (e.g. an information commission or ombudsman).,,Europe,Ireland,IRL,ati_over_01,2,Yes
ati_over_appeals,Access to Information,Independent Oversight,NA,Global Right to Information Rating,Centre for Law and Democracy; Access Info Europe,2025,Requesters can appeal to an independent oversight body,Requesters have the right to lodge an (external) appeal with an independent administrative oversight body (e.g. an information commission or ombudsman).,,Europe,Italy,ITA,ati_over_01,1,Partial
ati_over_appeals,Access to Information,Independent Oversight,NA,Global Right to Information Rating,Centre for Law and Democracy; Access Info Europe,2025,Requesters can appeal to an independent oversight body,Requesters have the right to lodge an (external) appeal with an independent administrative oversight body (e.g. an information commission or ombudsman).,,Africa and the Middle East,Cote d'Ivoire,CIV,ati_over_01,2,Yes
ati_over_appeals,Access to Information,Independent Oversight,NA,Global Right to Information Rating,Centre for Law and Democracy; Access Info Europe,2025,Requesters can appeal to an independent oversight body,Requesters have the right to lodge an (external) appeal with an independent administrative oversight body (e.g. an information commission or ombudsman).,,Americas,Jamaica,JAM,ati_over_01,2,Yes
ati_over_appeals,Access to Information,Independent Oversight,NA,Global Right to Information Rating,Centre for Law and Democracy; Access Info Europe,2025,Requesters can appeal to an independent oversight body,Requesters have the right to lodge an (external) appeal with an independent administrative oversight body (e.g. an information commission or ombudsman).,,Africa and the Middle East,Jordan,JOR,ati_over_01,2,Yes
ati_over_appeals,Access to Information,Independent Oversight,NA,Global Right to Information Rating,Centre for Law and Democracy; Access Info Europe,2025,Requesters can appeal to an independent oversight body,Requesters have the right to lodge an (external) appeal with an independent administrative oversight body (e.g. an information commission or ombudsman).,,Africa and the Middle East,Kenya,KEN,ati_over_01,2,Yes
ati_over_appeals,Access to Information,Independent Oversight,NA,Global Right to Information Rating,Centre for Law and Democracy; Access Info Europe,2025,Requesters can appeal to an independent oversight body,Requesters have the right to lodge an (external) appeal with an independent administrative oversight body (e.g. an information commission or ombudsman).,,Europe,Kosovo,XKX,ati_over_01,2,Yes
ati_over_appeals,Access to Information,Independent Oversight,NA,Global Right to Information Rating,Centre for Law and Democracy; Access Info Europe,2025,Requesters can appeal to an independent oversight body,Requesters have the right to lodge an (external) appeal with an independent administrative oversight body (e.g. an information commission or ombudsman).,,Europe,Latvia,LVA,ati_over_01,0,No
ati_over_appeals,Access to Information,Independent Oversight,NA,Global Right to Information Rating,Centre for Law and Democracy; Access Info Europe,2025,Requesters can appeal to an independent oversight body,Requesters have the right to lodge an (external) appeal with an independent administrative oversight body (e.g. an information commission or ombudsman).,,Africa and the Middle East,Liberia,LBR,ati_over_01,2,Yes
ati_over_appeals,Access to Information,Independent Oversight,NA,Global Right to Information Rating,Centre for Law and Democracy; Access Info Europe,2025,Requesters can appeal to an independent oversight body,Requesters have the right to lodge an (external) appeal with an independent administrative oversight body (e.g. an information commission or ombudsman).,,Europe,Lithuania,LTU,ati_over_01,2,Yes
ati_over_appeals,Access to Information,Independent Oversight,NA,Global Right to Information Rating,Centre for Law and Democracy; Access Info Europe,2025,Requesters can appeal to an independent oversight body,Requesters have the right to lodge an (external) appeal with an independent administrative oversight body (e.g. an information commission or ombudsman).,,Africa and the Middle East,Malawi,MWI,ati_over_01,2,Yes
ati_over_appeals,Access to Information,Independent Oversight,NA,Global Right to Information Rating,Centre for Law and Democracy; Access Info Europe,2025,Requesters can appeal to an independent oversight body,Requesters have the right to lodge an (external) appeal with an independent administrative oversight body (e.g. an information commission or ombudsman).,,Asia and the Pacific,Maldives,MDV,ati_over_01,2,Yes
ati_over_appeals,Access to Information,Independent Oversight,NA,Global Right to Information Rating,Centre for Law and Democracy; Access Info Europe,2025,Requesters can appeal to an independent oversight body,Requesters have the right to lodge an (external) appeal with an independent administrative oversight body (e.g. an information commission or ombudsman).,,Europe,Malta,MLT,ati_over_01,2,Yes
ati_over_appeals,Access to Information,Independent Oversight,NA,Global Right to Information Rating,Centre for Law and Democracy; Access Info Europe,2025,Requesters can appeal to an independent oversight body,Requesters have the right to lodge an (external) appeal with an independent administrative oversight body (e.g. an information commission or ombudsman).,,Americas,Mexico,MEX,ati_over_01,2,Yes
ati_over_appeals,Access to Information,Independent Oversight,NA,Global Right to Information Rating,Centre for Law and Democracy; Access Info Europe,2025,Requesters can appeal to an independent oversight body,Requesters have the right to lodge an (external) appeal with an independent administrative oversight body (e.g. an information commission or ombudsman).,,Europe,Republic of Moldova,MDA,ati_over_01,2,Yes
ati_over_appeals,Access to Information,Independent Oversight,NA,Global Right to Information Rating,Centre for Law and Democracy; Access Info Europe,2025,Requesters can appeal to an independent oversight body,Requesters have the right to lodge an (external) appeal with an independent administrative oversight body (e.g. an information commission or ombudsman).,,Asia and the Pacific,Mongolia,MNG,ati_over_01,2,Yes
ati_over_appeals,Access to Information,Independent Oversight,NA,Global Right to Information Rating,Centre for Law and Democracy; Access Info Europe,2025,Requesters can appeal to an independent oversight body,Requesters have the right to lodge an (external) appeal with an independent administrative oversight body (e.g. an information commission or ombudsman).,,Europe,Montenegro,MNE,ati_over_01,0,No
ati_over_appeals,Access to Information,Independent Oversight,NA,Global Right to Information Rating,Centre for Law and Democracy; Access Info Europe,2025,Requesters can appeal to an independent oversight body,Requesters have the right to lodge an (external) appeal with an independent administrative oversight body (e.g. an information commission or ombudsman).,,Africa and the Middle East,Morocco,MAR,ati_over_01,2,Yes
ati_over_appeals,Access to Information,Independent Oversight,NA,Global Right to Information Rating,Centre for Law and Democracy; Access Info Europe,2025,Requesters can appeal to an independent oversight body,Requesters have the right to lodge an (external) appeal with an independent administrative oversight body (e.g. an information commission or ombudsman).,,Europe,Netherlands,NLD,ati_over_01,0,No
ati_over_appeals,Access to Information,Independent Oversight,NA,Global Right to Information Rating,Centre for Law and Democracy; Access Info Europe,2025,Requesters can appeal to an independent oversight body,Requesters have the right to lodge an (external) appeal with an independent administrative oversight body (e.g. an information commission or ombudsman).,,Asia and the Pacific,New Zealand,NZL,ati_over_01,2,Yes
ati_over_appeals,Access to Information,Independent Oversight,NA,Global Right to Information Rating,Centre for Law and Democracy; Access Info Europe,2025,Requesters can appeal to an independent oversight body,Requesters have the right to lodge an (external) appeal with an independent administrative oversight body (e.g. an information commission or ombudsman).,,Africa and the Middle East,Nigeria,NGA,ati_over_01,0,No
ati_over_appeals,Access to Information,Independent Oversight,NA,Global Right to Information Rating,Centre for Law and Democracy; Access Info Europe,2025,Requesters can appeal to an independent oversight body,Requesters have the right to lodge an (external) appeal with an independent administrative oversight body (e.g. an information commission or ombudsman).,,Europe,North Macedonia,MKD,ati_over_01,2,Yes
ati_over_appeals,Access to Information,Independent Oversight,NA,Global Right to Information Rating,Centre for Law and Democracy; Access Info Europe,2025,Requesters can appeal to an independent oversight body,Requesters have the right to lodge an (external) appeal with an independent administrative oversight body (e.g. an information commission or ombudsman).,,Europe,Norway,NOR,ati_over_01,2,Yes
ati_over_appeals,Access to Information,Independent Oversight,NA,Global Right to Information Rating,Centre for Law and Democracy; Access Info Europe,2025,Requesters can appeal to an independent oversight body,Requesters have the right to lodge an (external) appeal with an independent administrative oversight body (e.g. an information commission or ombudsman).,,Americas,Panama,PAN,ati_over_01,2,Yes
ati_over_appeals,Access to Information,Independent Oversight,NA,Global Right to Information Rating,Centre for Law and Democracy; Access Info Europe,2025,Requesters can appeal to an independent oversight body,Requesters have the right to lodge an (external) appeal with an independent administrative oversight body (e.g. an information commission or ombudsman).,,Americas,Paraguay,PRY,ati_over_01,0,No
ati_over_appeals,Access to Information,Independent Oversight,NA,Global Right to Information Rating,Centre for Law and Democracy; Access Info Europe,2025,Requesters can appeal to an independent oversight body,Requesters have the right to lodge an (external) appeal with an independent administrative oversight body (e.g. an information commission or ombudsman).,,Americas,Peru,PER,ati_over_01,0,No
ati_over_appeals,Access to Information,Independent Oversight,NA,Global Right to Information Rating,Centre for Law and Democracy; Access Info Europe,2025,Requesters can appeal to an independent oversight body,Requesters have the right to lodge an (external) appeal with an independent administrative oversight body (e.g. an information commission or ombudsman).,,Asia and the Pacific,Philippines,PHL,ati_over_01,0,No
ati_over_appeals,Access to Information,Independent Oversight,NA,Global Right to Information Rating,Centre for Law and Democracy; Access Info Europe,2025,Requesters can appeal to an independent oversight body,Requesters have the right to lodge an (external) appeal with an independent administrative oversight body (e.g. an information commission or ombudsman).,,Europe,Portugal,PRT,ati_over_01,2,Yes
ati_over_appeals,Access to Information,Independent Oversight,NA,Global Right to Information Rating,Centre for Law and Democracy; Access Info Europe,2025,Requesters can appeal to an independent oversight body,Requesters have the right to lodge an (external) appeal with an independent administrative oversight body (e.g. an information commission or ombudsman).,,Europe,Romania,ROU,ati_over_01,0,No
ati_over_appeals,Access to Information,Independent Oversight,NA,Global Right to Information Rating,Centre for Law and Democracy; Access Info Europe,2025,Requesters can appeal to an independent oversight body,Requesters have the right to lodge an (external) appeal with an independent administrative oversight body (e.g. an information commission or ombudsman).,,Africa and the Middle East,Senegal,SEN,ati_over_01,2,Yes
ati_over_appeals,Access to Information,Independent Oversight,NA,Global Right to Information Rating,Centre for Law and Democracy; Access Info Europe,2025,Requesters can appeal to an independent oversight body,Requesters have the right to lodge an (external) appeal with an independent administrative oversight body (e.g. an information commission or ombudsman).,,Europe,Serbia,SRB,ati_over_01,2,Yes
ati_over_appeals,Access to Information,Independent Oversight,NA,Global Right to Information Rating,Centre for Law and Democracy; Access Info Europe,2025,Requesters can appeal to an independent oversight body,Requesters have the right to lodge an (external) appeal with an independent administrative oversight body (e.g. an information commission or ombudsman).,,Africa and the Middle East,Seychelles,SYC,ati_over_01,2,Yes
ati_over_appeals,Access to Information,Independent Oversight,NA,Global Right to Information Rating,Centre for Law and Democracy; Access Info Europe,2025,Requesters can appeal to an independent oversight body,Requesters have the right to lodge an (external) appeal with an independent administrative oversight body (e.g. an information commission or ombudsman).,,Africa and the Middle East,Sierra Leone,SLE,ati_over_01,2,Yes
ati_over_appeals,Access to Information,Independent Oversight,NA,Global Right to Information Rating,Centre for Law and Democracy; Access Info Europe,2025,Requesters can appeal to an independent oversight body,Requesters have the right to lodge an (external) appeal with an independent administrative oversight body (e.g. an information commission or ombudsman).,,Europe,Slovakia,SVK,ati_over_01,0,No
ati_over_appeals,Access to Information,Independent Oversight,NA,Global Right to Information Rating,Centre for Law and Democracy; Access Info Europe,2025,Requesters can appeal to an independent oversight body,Requesters have the right to lodge an (external) appeal with an independent administrative oversight body (e.g. an information commission or ombudsman).,,Africa and the Middle East,South Africa,ZAF,ati_over_01,2,Yes
ati_over_appeals,Access to Information,Independent Oversight,NA,Global Right to Information Rating,Centre for Law and Democracy; Access Info Europe,2025,Requesters can appeal to an independent oversight body,Requesters have the right to lodge an (external) appeal with an independent administrative oversight body (e.g. an information commission or ombudsman).,,Asia and the Pacific,Republic of Korea,KOR,ati_over_01,2,Yes
ati_over_appeals,Access to Information,Independent Oversight,NA,Global Right to Information Rating,Centre for Law and Democracy; Access Info Europe,2025,Requesters can appeal to an independent oversight body,Requesters have the right to lodge an (external) appeal with an independent administrative oversight body (e.g. an information commission or ombudsman).,,Europe,Spain,ESP,ati_over_01,1,Partial
ati_over_appeals,Access to Information,Independent Oversight,NA,Global Right to Information Rating,Centre for Law and Democracy; Access Info Europe,2025,Requesters can appeal to an independent oversight body,Requesters have the right to lodge an (external) appeal with an independent administrative oversight body (e.g. an information commission or ombudsman).,,Europe,Sweden,SWE,ati_over_01,2,Yes
ati_over_appeals,Access to Information,Independent Oversight,NA,Global Right to Information Rating,Centre for Law and Democracy; Access Info Europe,2025,Requesters can appeal to an independent oversight body,Requesters have the right to lodge an (external) appeal with an independent administrative oversight body (e.g. an information commission or ombudsman).,,Asia and the Pacific,Thailand,THA,ati_over_01,1,Partial
ati_over_appeals,Access to Information,Independent Oversight,NA,Global Right to Information Rating,Centre for Law and Democracy; Access Info Europe,2025,Requesters can appeal to an independent oversight body,Requesters have the right to lodge an (external) appeal with an independent administrative oversight body (e.g. an information commission or ombudsman).,,Africa and the Middle East,Tunisia,TUN,ati_over_01,2,Yes
ati_over_appeals,Access to Information,Independent Oversight,NA,Global Right to Information Rating,Centre for Law and Democracy; Access Info Europe,2025,Requesters can appeal to an independent oversight body,Requesters have the right to lodge an (external) appeal with an independent administrative oversight body (e.g. an information commission or ombudsman).,,Europe,Ukraine,UKR,ati_over_01,2,Yes
ati_over_appeals,Access to Information,Independent Oversight,NA,Global Right to Information Rating,Centre for Law and Democracy; Access Info Europe,2025,Requesters can appeal to an independent oversight body,Requesters have the right to lodge an (external) appeal with an independent administrative oversight body (e.g. an information commission or ombudsman).,,Europe,United Kingdom,GBR,ati_over_01,2,Yes
ati_over_appeals,Access to Information,Independent Oversight,NA,Global Right to Information Rating,Centre for Law and Democracy; Access Info Europe,2025,Requesters can appeal to an independent oversight body,Requesters have the right to lodge an (external) appeal with an independent administrative oversight body (e.g. an information commission or ombudsman).,,Americas,Uruguay,URY,ati_over_01,2,Yes
ati_over_appeals,Access to Information,Independent Oversight,NA,Global Right to Information Rating,Centre for Law and Democracy; Access Info Europe,2025,Requesters can appeal to an independent oversight body,Requesters have the right to lodge an (external) appeal with an independent administrative oversight body (e.g. an information commission or ombudsman).,,Africa and the Middle East,Zambia,ZMB,ati_over_01,2,Yes
ati_over_appoint,Access to Information,Independent Oversight,NA,Global Right to Information Rating,Centre for Law and Democracy; Access Info Europe,2025,The oversight body is protected from political interference,"The oversight body reports to and has its budget approved by parliament, and its member(s) are protected from political interference and dismissal","To meet this benchmark, the oversight body must: 

1) report to the parliament;
2) have its budget approved by the parliament;
3) have its member(s) appointed in a manner that is protected against political interference;
4) have security of tenure for its member(s) so that they are protected against arbitrary dismissal (procedurally/substantively) once appointed.

Oversight bodies that meet only some of these criteria receive a Partial score.",Europe,Albania,ALB,ati_over_02,2,Yes
ati_over_appoint,Access to Information,Independent Oversight,NA,Global Right to Information Rating,Centre for Law and Democracy; Access Info Europe,2025,The oversight body is protected from political interference,"The oversight body reports to and has its budget approved by parliament, and its member(s) are protected from political interference and dismissal","To meet this benchmark, the oversight body must: 

1) report to the parliament;
2) have its budget approved by the parliament;
3) have its member(s) appointed in a manner that is protected against political interference;
4) have security of tenure for its member(s) so that they are protected against arbitrary dismissal (procedurally/substantively) once appointed.

Oversight bodies that meet only some of these criteria receive a Partial score.",Americas,Argentina,ARG,ati_over_02,1,Partial
ati_over_appoint,Access to Information,Independent Oversight,NA,Global Right to Information Rating,Centre for Law and Democracy; Access Info Europe,2025,The oversight body is protected from political interference,"The oversight body reports to and has its budget approved by parliament, and its member(s) are protected from political interference and dismissal","To meet this benchmark, the oversight body must: 

1) report to the parliament;
2) have its budget approved by the parliament;
3) have its member(s) appointed in a manner that is protected against political interference;
4) have security of tenure for its member(s) so that they are protected against arbitrary dismissal (procedurally/substantively) once appointed.

Oversight bodies that meet only some of these criteria receive a Partial score.",Europe,Armenia,ARM,ati_over_02,2,Yes
ati_over_appoint,Access to Information,Independent Oversight,NA,Global Right to Information Rating,Centre for Law and Democracy; Access Info Europe,2025,The oversight body is protected from political interference,"The oversight body reports to and has its budget approved by parliament, and its member(s) are protected from political interference and dismissal","To meet this benchmark, the oversight body must: 

1) report to the parliament;
2) have its budget approved by the parliament;
3) have its member(s) appointed in a manner that is protected against political interference;
4) have security of tenure for its member(s) so that they are protected against arbitrary dismissal (procedurally/substantively) once appointed.

Oversight bodies that meet only some of these criteria receive a Partial score.",Asia and the Pacific,Australia,AUS,ati_over_02,1,Partial
ati_over_appoint,Access to Information,Independent Oversight,NA,Global Right to Information Rating,Centre for Law and Democracy; Access Info Europe,2025,The oversight body is protected from political interference,"The oversight body reports to and has its budget approved by parliament, and its member(s) are protected from political interference and dismissal","To meet this benchmark, the oversight body must: 

1) report to the parliament;
2) have its budget approved by the parliament;
3) have its member(s) appointed in a manner that is protected against political interference;
4) have security of tenure for its member(s) so that they are protected against arbitrary dismissal (procedurally/substantively) once appointed.

Oversight bodies that meet only some of these criteria receive a Partial score.",Africa and the Middle East,Benin,BEN,ati_over_02,1,Partial
ati_over_appoint,Access to Information,Independent Oversight,NA,Global Right to Information Rating,Centre for Law and Democracy; Access Info Europe,2025,The oversight body is protected from political interference,"The oversight body reports to and has its budget approved by parliament, and its member(s) are protected from political interference and dismissal","To meet this benchmark, the oversight body must: 

1) report to the parliament;
2) have its budget approved by the parliament;
3) have its member(s) appointed in a manner that is protected against political interference;
4) have security of tenure for its member(s) so that they are protected against arbitrary dismissal (procedurally/substantively) once appointed.

Oversight bodies that meet only some of these criteria receive a Partial score.",Europe,Bosnia and Herzegovina,BIH,ati_over_02,1,Partial
ati_over_appoint,Access to Information,Independent Oversight,NA,Global Right to Information Rating,Centre for Law and Democracy; Access Info Europe,2025,The oversight body is protected from political interference,"The oversight body reports to and has its budget approved by parliament, and its member(s) are protected from political interference and dismissal","To meet this benchmark, the oversight body must: 

1) report to the parliament;
2) have its budget approved by the parliament;
3) have its member(s) appointed in a manner that is protected against political interference;
4) have security of tenure for its member(s) so that they are protected against arbitrary dismissal (procedurally/substantively) once appointed.

Oversight bodies that meet only some of these criteria receive a Partial score.",Americas,Brazil,BRA,ati_over_02,1,Partial
ati_over_appoint,Access to Information,Independent Oversight,NA,Global Right to Information Rating,Centre for Law and Democracy; Access Info Europe,2025,The oversight body is protected from political interference,"The oversight body reports to and has its budget approved by parliament, and its member(s) are protected from political interference and dismissal","To meet this benchmark, the oversight body must: 

1) report to the parliament;
2) have its budget approved by the parliament;
3) have its member(s) appointed in a manner that is protected against political interference;
4) have security of tenure for its member(s) so that they are protected against arbitrary dismissal (procedurally/substantively) once appointed.

Oversight bodies that meet only some of these criteria receive a Partial score.",Europe,Bulgaria,BGR,ati_over_02,0,No
ati_over_appoint,Access to Information,Independent Oversight,NA,Global Right to Information Rating,Centre for Law and Democracy; Access Info Europe,2025,The oversight body is protected from political interference,"The oversight body reports to and has its budget approved by parliament, and its member(s) are protected from political interference and dismissal","To meet this benchmark, the oversight body must: 

1) report to the parliament;
2) have its budget approved by the parliament;
3) have its member(s) appointed in a manner that is protected against political interference;
4) have security of tenure for its member(s) so that they are protected against arbitrary dismissal (procedurally/substantively) once appointed.

Oversight bodies that meet only some of these criteria receive a Partial score.",Africa and the Middle East,Burkina Faso,BFA,ati_over_02,1,Partial
ati_over_appoint,Access to Information,Independent Oversight,NA,Global Right to Information Rating,Centre for Law and Democracy; Access Info Europe,2025,The oversight body is protected from political interference,"The oversight body reports to and has its budget approved by parliament, and its member(s) are protected from political interference and dismissal","To meet this benchmark, the oversight body must: 

1) report to the parliament;
2) have its budget approved by the parliament;
3) have its member(s) appointed in a manner that is protected against political interference;
4) have security of tenure for its member(s) so that they are protected against arbitrary dismissal (procedurally/substantively) once appointed.

Oversight bodies that meet only some of these criteria receive a Partial score.",Americas,Canada,CAN,ati_over_02,2,Yes
ati_over_appoint,Access to Information,Independent Oversight,NA,Global Right to Information Rating,Centre for Law and Democracy; Access Info Europe,2025,The oversight body is protected from political interference,"The oversight body reports to and has its budget approved by parliament, and its member(s) are protected from political interference and dismissal","To meet this benchmark, the oversight body must: 

1) report to the parliament;
2) have its budget approved by the parliament;
3) have its member(s) appointed in a manner that is protected against political interference;
4) have security of tenure for its member(s) so that they are protected against arbitrary dismissal (procedurally/substantively) once appointed.

Oversight bodies that meet only some of these criteria receive a Partial score.",Africa and the Middle East,Cabo Verde,CPV,ati_over_02,0,No
ati_over_appoint,Access to Information,Independent Oversight,NA,Global Right to Information Rating,Centre for Law and Democracy; Access Info Europe,2025,The oversight body is protected from political interference,"The oversight body reports to and has its budget approved by parliament, and its member(s) are protected from political interference and dismissal","To meet this benchmark, the oversight body must: 

1) report to the parliament;
2) have its budget approved by the parliament;
3) have its member(s) appointed in a manner that is protected against political interference;
4) have security of tenure for its member(s) so that they are protected against arbitrary dismissal (procedurally/substantively) once appointed.

Oversight bodies that meet only some of these criteria receive a Partial score.",Americas,Chile,CHL,ati_over_02,1,Partial
ati_over_appoint,Access to Information,Independent Oversight,NA,Global Right to Information Rating,Centre for Law and Democracy; Access Info Europe,2025,The oversight body is protected from political interference,"The oversight body reports to and has its budget approved by parliament, and its member(s) are protected from political interference and dismissal","To meet this benchmark, the oversight body must: 

1) report to the parliament;
2) have its budget approved by the parliament;
3) have its member(s) appointed in a manner that is protected against political interference;
4) have security of tenure for its member(s) so that they are protected against arbitrary dismissal (procedurally/substantively) once appointed.

Oversight bodies that meet only some of these criteria receive a Partial score.",Americas,Colombia,COL,ati_over_02,0,No
ati_over_appoint,Access to Information,Independent Oversight,NA,Global Right to Information Rating,Centre for Law and Democracy; Access Info Europe,2025,The oversight body is protected from political interference,"The oversight body reports to and has its budget approved by parliament, and its member(s) are protected from political interference and dismissal","To meet this benchmark, the oversight body must: 

1) report to the parliament;
2) have its budget approved by the parliament;
3) have its member(s) appointed in a manner that is protected against political interference;
4) have security of tenure for its member(s) so that they are protected against arbitrary dismissal (procedurally/substantively) once appointed.

Oversight bodies that meet only some of these criteria receive a Partial score.",Americas,Costa Rica,CRI,ati_over_02,0,No
ati_over_appoint,Access to Information,Independent Oversight,NA,Global Right to Information Rating,Centre for Law and Democracy; Access Info Europe,2025,The oversight body is protected from political interference,"The oversight body reports to and has its budget approved by parliament, and its member(s) are protected from political interference and dismissal","To meet this benchmark, the oversight body must: 

1) report to the parliament;
2) have its budget approved by the parliament;
3) have its member(s) appointed in a manner that is protected against political interference;
4) have security of tenure for its member(s) so that they are protected against arbitrary dismissal (procedurally/substantively) once appointed.

Oversight bodies that meet only some of these criteria receive a Partial score.",Europe,Croatia,HRV,ati_over_02,2,Yes
ati_over_appoint,Access to Information,Independent Oversight,NA,Global Right to Information Rating,Centre for Law and Democracy; Access Info Europe,2025,The oversight body is protected from political interference,"The oversight body reports to and has its budget approved by parliament, and its member(s) are protected from political interference and dismissal","To meet this benchmark, the oversight body must: 

1) report to the parliament;
2) have its budget approved by the parliament;
3) have its member(s) appointed in a manner that is protected against political interference;
4) have security of tenure for its member(s) so that they are protected against arbitrary dismissal (procedurally/substantively) once appointed.

Oversight bodies that meet only some of these criteria receive a Partial score.",Europe,Czech Republic,CZE,ati_over_02,0,No
ati_over_appoint,Access to Information,Independent Oversight,NA,Global Right to Information Rating,Centre for Law and Democracy; Access Info Europe,2025,The oversight body is protected from political interference,"The oversight body reports to and has its budget approved by parliament, and its member(s) are protected from political interference and dismissal","To meet this benchmark, the oversight body must: 

1) report to the parliament;
2) have its budget approved by the parliament;
3) have its member(s) appointed in a manner that is protected against political interference;
4) have security of tenure for its member(s) so that they are protected against arbitrary dismissal (procedurally/substantively) once appointed.

Oversight bodies that meet only some of these criteria receive a Partial score.",Americas,Dominican Republic,DOM,ati_over_02,0,No
ati_over_appoint,Access to Information,Independent Oversight,NA,Global Right to Information Rating,Centre for Law and Democracy; Access Info Europe,2025,The oversight body is protected from political interference,"The oversight body reports to and has its budget approved by parliament, and its member(s) are protected from political interference and dismissal","To meet this benchmark, the oversight body must: 

1) report to the parliament;
2) have its budget approved by the parliament;
3) have its member(s) appointed in a manner that is protected against political interference;
4) have security of tenure for its member(s) so that they are protected against arbitrary dismissal (procedurally/substantively) once appointed.

Oversight bodies that meet only some of these criteria receive a Partial score.",Asia and the Pacific,Timor-Leste,TLS,ati_over_02,0,No
ati_over_appoint,Access to Information,Independent Oversight,NA,Global Right to Information Rating,Centre for Law and Democracy; Access Info Europe,2025,The oversight body is protected from political interference,"The oversight body reports to and has its budget approved by parliament, and its member(s) are protected from political interference and dismissal","To meet this benchmark, the oversight body must: 

1) report to the parliament;
2) have its budget approved by the parliament;
3) have its member(s) appointed in a manner that is protected against political interference;
4) have security of tenure for its member(s) so that they are protected against arbitrary dismissal (procedurally/substantively) once appointed.

Oversight bodies that meet only some of these criteria receive a Partial score.",Americas,Ecuador,ECU,ati_over_02,0,No
ati_over_appoint,Access to Information,Independent Oversight,NA,Global Right to Information Rating,Centre for Law and Democracy; Access Info Europe,2025,The oversight body is protected from political interference,"The oversight body reports to and has its budget approved by parliament, and its member(s) are protected from political interference and dismissal","To meet this benchmark, the oversight body must: 

1) report to the parliament;
2) have its budget approved by the parliament;
3) have its member(s) appointed in a manner that is protected against political interference;
4) have security of tenure for its member(s) so that they are protected against arbitrary dismissal (procedurally/substantively) once appointed.

Oversight bodies that meet only some of these criteria receive a Partial score.",Europe,Estonia,EST,ati_over_02,1,Partial
ati_over_appoint,Access to Information,Independent Oversight,NA,Global Right to Information Rating,Centre for Law and Democracy; Access Info Europe,2025,The oversight body is protected from political interference,"The oversight body reports to and has its budget approved by parliament, and its member(s) are protected from political interference and dismissal","To meet this benchmark, the oversight body must: 

1) report to the parliament;
2) have its budget approved by the parliament;
3) have its member(s) appointed in a manner that is protected against political interference;
4) have security of tenure for its member(s) so that they are protected against arbitrary dismissal (procedurally/substantively) once appointed.

Oversight bodies that meet only some of these criteria receive a Partial score.",Europe,Finland,FIN,ati_over_02,1,Partial
ati_over_appoint,Access to Information,Independent Oversight,NA,Global Right to Information Rating,Centre for Law and Democracy; Access Info Europe,2025,The oversight body is protected from political interference,"The oversight body reports to and has its budget approved by parliament, and its member(s) are protected from political interference and dismissal","To meet this benchmark, the oversight body must: 

1) report to the parliament;
2) have its budget approved by the parliament;
3) have its member(s) appointed in a manner that is protected against political interference;
4) have security of tenure for its member(s) so that they are protected against arbitrary dismissal (procedurally/substantively) once appointed.

Oversight bodies that meet only some of these criteria receive a Partial score.",Europe,France,FRA,ati_over_02,1,Partial
ati_over_appoint,Access to Information,Independent Oversight,NA,Global Right to Information Rating,Centre for Law and Democracy; Access Info Europe,2025,The oversight body is protected from political interference,"The oversight body reports to and has its budget approved by parliament, and its member(s) are protected from political interference and dismissal","To meet this benchmark, the oversight body must: 

1) report to the parliament;
2) have its budget approved by the parliament;
3) have its member(s) appointed in a manner that is protected against political interference;
4) have security of tenure for its member(s) so that they are protected against arbitrary dismissal (procedurally/substantively) once appointed.

Oversight bodies that meet only some of these criteria receive a Partial score.",Europe,Germany,DEU,ati_over_02,1,Partial
ati_over_appoint,Access to Information,Independent Oversight,NA,Global Right to Information Rating,Centre for Law and Democracy; Access Info Europe,2025,The oversight body is protected from political interference,"The oversight body reports to and has its budget approved by parliament, and its member(s) are protected from political interference and dismissal","To meet this benchmark, the oversight body must: 

1) report to the parliament;
2) have its budget approved by the parliament;
3) have its member(s) appointed in a manner that is protected against political interference;
4) have security of tenure for its member(s) so that they are protected against arbitrary dismissal (procedurally/substantively) once appointed.

Oversight bodies that meet only some of these criteria receive a Partial score.",Africa and the Middle East,Ghana,GHA,ati_over_02,1,Partial
ati_over_appoint,Access to Information,Independent Oversight,NA,Global Right to Information Rating,Centre for Law and Democracy; Access Info Europe,2025,The oversight body is protected from political interference,"The oversight body reports to and has its budget approved by parliament, and its member(s) are protected from political interference and dismissal","To meet this benchmark, the oversight body must: 

1) report to the parliament;
2) have its budget approved by the parliament;
3) have its member(s) appointed in a manner that is protected against political interference;
4) have security of tenure for its member(s) so that they are protected against arbitrary dismissal (procedurally/substantively) once appointed.

Oversight bodies that meet only some of these criteria receive a Partial score.",Europe,Greece,GRC,ati_over_02,2,Yes
ati_over_appoint,Access to Information,Independent Oversight,NA,Global Right to Information Rating,Centre for Law and Democracy; Access Info Europe,2025,The oversight body is protected from political interference,"The oversight body reports to and has its budget approved by parliament, and its member(s) are protected from political interference and dismissal","To meet this benchmark, the oversight body must: 

1) report to the parliament;
2) have its budget approved by the parliament;
3) have its member(s) appointed in a manner that is protected against political interference;
4) have security of tenure for its member(s) so that they are protected against arbitrary dismissal (procedurally/substantively) once appointed.

Oversight bodies that meet only some of these criteria receive a Partial score.",Americas,Guatemala,GTM,ati_over_02,0,No
ati_over_appoint,Access to Information,Independent Oversight,NA,Global Right to Information Rating,Centre for Law and Democracy; Access Info Europe,2025,The oversight body is protected from political interference,"The oversight body reports to and has its budget approved by parliament, and its member(s) are protected from political interference and dismissal","To meet this benchmark, the oversight body must: 

1) report to the parliament;
2) have its budget approved by the parliament;
3) have its member(s) appointed in a manner that is protected against political interference;
4) have security of tenure for its member(s) so that they are protected against arbitrary dismissal (procedurally/substantively) once appointed.

Oversight bodies that meet only some of these criteria receive a Partial score.",Americas,Honduras,HND,ati_over_02,2,Yes
ati_over_appoint,Access to Information,Independent Oversight,NA,Global Right to Information Rating,Centre for Law and Democracy; Access Info Europe,2025,The oversight body is protected from political interference,"The oversight body reports to and has its budget approved by parliament, and its member(s) are protected from political interference and dismissal","To meet this benchmark, the oversight body must: 

1) report to the parliament;
2) have its budget approved by the parliament;
3) have its member(s) appointed in a manner that is protected against political interference;
4) have security of tenure for its member(s) so that they are protected against arbitrary dismissal (procedurally/substantively) once appointed.

Oversight bodies that meet only some of these criteria receive a Partial score.",Asia and the Pacific,Indonesia,IDN,ati_over_02,1,Partial
ati_over_appoint,Access to Information,Independent Oversight,NA,Global Right to Information Rating,Centre for Law and Democracy; Access Info Europe,2025,The oversight body is protected from political interference,"The oversight body reports to and has its budget approved by parliament, and its member(s) are protected from political interference and dismissal","To meet this benchmark, the oversight body must: 

1) report to the parliament;
2) have its budget approved by the parliament;
3) have its member(s) appointed in a manner that is protected against political interference;
4) have security of tenure for its member(s) so that they are protected against arbitrary dismissal (procedurally/substantively) once appointed.

Oversight bodies that meet only some of these criteria receive a Partial score.",Europe,Ireland,IRL,ati_over_02,2,Yes
ati_over_appoint,Access to Information,Independent Oversight,NA,Global Right to Information Rating,Centre for Law and Democracy; Access Info Europe,2025,The oversight body is protected from political interference,"The oversight body reports to and has its budget approved by parliament, and its member(s) are protected from political interference and dismissal","To meet this benchmark, the oversight body must: 

1) report to the parliament;
2) have its budget approved by the parliament;
3) have its member(s) appointed in a manner that is protected against political interference;
4) have security of tenure for its member(s) so that they are protected against arbitrary dismissal (procedurally/substantively) once appointed.

Oversight bodies that meet only some of these criteria receive a Partial score.",Europe,Italy,ITA,ati_over_02,0,No
ati_over_appoint,Access to Information,Independent Oversight,NA,Global Right to Information Rating,Centre for Law and Democracy; Access Info Europe,2025,The oversight body is protected from political interference,"The oversight body reports to and has its budget approved by parliament, and its member(s) are protected from political interference and dismissal","To meet this benchmark, the oversight body must: 

1) report to the parliament;
2) have its budget approved by the parliament;
3) have its member(s) appointed in a manner that is protected against political interference;
4) have security of tenure for its member(s) so that they are protected against arbitrary dismissal (procedurally/substantively) once appointed.

Oversight bodies that meet only some of these criteria receive a Partial score.",Africa and the Middle East,Cote d'Ivoire,CIV,ati_over_02,1,Partial
ati_over_appoint,Access to Information,Independent Oversight,NA,Global Right to Information Rating,Centre for Law and Democracy; Access Info Europe,2025,The oversight body is protected from political interference,"The oversight body reports to and has its budget approved by parliament, and its member(s) are protected from political interference and dismissal","To meet this benchmark, the oversight body must: 

1) report to the parliament;
2) have its budget approved by the parliament;
3) have its member(s) appointed in a manner that is protected against political interference;
4) have security of tenure for its member(s) so that they are protected against arbitrary dismissal (procedurally/substantively) once appointed.

Oversight bodies that meet only some of these criteria receive a Partial score.",Americas,Jamaica,JAM,ati_over_02,0,No
ati_over_appoint,Access to Information,Independent Oversight,NA,Global Right to Information Rating,Centre for Law and Democracy; Access Info Europe,2025,The oversight body is protected from political interference,"The oversight body reports to and has its budget approved by parliament, and its member(s) are protected from political interference and dismissal","To meet this benchmark, the oversight body must: 

1) report to the parliament;
2) have its budget approved by the parliament;
3) have its member(s) appointed in a manner that is protected against political interference;
4) have security of tenure for its member(s) so that they are protected against arbitrary dismissal (procedurally/substantively) once appointed.

Oversight bodies that meet only some of these criteria receive a Partial score.",Africa and the Middle East,Jordan,JOR,ati_over_02,0,No
ati_over_appoint,Access to Information,Independent Oversight,NA,Global Right to Information Rating,Centre for Law and Democracy; Access Info Europe,2025,The oversight body is protected from political interference,"The oversight body reports to and has its budget approved by parliament, and its member(s) are protected from political interference and dismissal","To meet this benchmark, the oversight body must: 

1) report to the parliament;
2) have its budget approved by the parliament;
3) have its member(s) appointed in a manner that is protected against political interference;
4) have security of tenure for its member(s) so that they are protected against arbitrary dismissal (procedurally/substantively) once appointed.

Oversight bodies that meet only some of these criteria receive a Partial score.",Africa and the Middle East,Kenya,KEN,ati_over_02,2,Yes
ati_over_appoint,Access to Information,Independent Oversight,NA,Global Right to Information Rating,Centre for Law and Democracy; Access Info Europe,2025,The oversight body is protected from political interference,"The oversight body reports to and has its budget approved by parliament, and its member(s) are protected from political interference and dismissal","To meet this benchmark, the oversight body must: 

1) report to the parliament;
2) have its budget approved by the parliament;
3) have its member(s) appointed in a manner that is protected against political interference;
4) have security of tenure for its member(s) so that they are protected against arbitrary dismissal (procedurally/substantively) once appointed.

Oversight bodies that meet only some of these criteria receive a Partial score.",Europe,Kosovo,XKX,ati_over_02,2,Yes
ati_over_appoint,Access to Information,Independent Oversight,NA,Global Right to Information Rating,Centre for Law and Democracy; Access Info Europe,2025,The oversight body is protected from political interference,"The oversight body reports to and has its budget approved by parliament, and its member(s) are protected from political interference and dismissal","To meet this benchmark, the oversight body must: 

1) report to the parliament;
2) have its budget approved by the parliament;
3) have its member(s) appointed in a manner that is protected against political interference;
4) have security of tenure for its member(s) so that they are protected against arbitrary dismissal (procedurally/substantively) once appointed.

Oversight bodies that meet only some of these criteria receive a Partial score.",Europe,Latvia,LVA,ati_over_02,0,No
ati_over_appoint,Access to Information,Independent Oversight,NA,Global Right to Information Rating,Centre for Law and Democracy; Access Info Europe,2025,The oversight body is protected from political interference,"The oversight body reports to and has its budget approved by parliament, and its member(s) are protected from political interference and dismissal","To meet this benchmark, the oversight body must: 

1) report to the parliament;
2) have its budget approved by the parliament;
3) have its member(s) appointed in a manner that is protected against political interference;
4) have security of tenure for its member(s) so that they are protected against arbitrary dismissal (procedurally/substantively) once appointed.

Oversight bodies that meet only some of these criteria receive a Partial score.",Africa and the Middle East,Liberia,LBR,ati_over_02,1,Partial
ati_over_appoint,Access to Information,Independent Oversight,NA,Global Right to Information Rating,Centre for Law and Democracy; Access Info Europe,2025,The oversight body is protected from political interference,"The oversight body reports to and has its budget approved by parliament, and its member(s) are protected from political interference and dismissal","To meet this benchmark, the oversight body must: 

1) report to the parliament;
2) have its budget approved by the parliament;
3) have its member(s) appointed in a manner that is protected against political interference;
4) have security of tenure for its member(s) so that they are protected against arbitrary dismissal (procedurally/substantively) once appointed.

Oversight bodies that meet only some of these criteria receive a Partial score.",Europe,Lithuania,LTU,ati_over_02,0,No
ati_over_appoint,Access to Information,Independent Oversight,NA,Global Right to Information Rating,Centre for Law and Democracy; Access Info Europe,2025,The oversight body is protected from political interference,"The oversight body reports to and has its budget approved by parliament, and its member(s) are protected from political interference and dismissal","To meet this benchmark, the oversight body must: 

1) report to the parliament;
2) have its budget approved by the parliament;
3) have its member(s) appointed in a manner that is protected against political interference;
4) have security of tenure for its member(s) so that they are protected against arbitrary dismissal (procedurally/substantively) once appointed.

Oversight bodies that meet only some of these criteria receive a Partial score.",Africa and the Middle East,Malawi,MWI,ati_over_02,1,Partial
ati_over_appoint,Access to Information,Independent Oversight,NA,Global Right to Information Rating,Centre for Law and Democracy; Access Info Europe,2025,The oversight body is protected from political interference,"The oversight body reports to and has its budget approved by parliament, and its member(s) are protected from political interference and dismissal","To meet this benchmark, the oversight body must: 

1) report to the parliament;
2) have its budget approved by the parliament;
3) have its member(s) appointed in a manner that is protected against political interference;
4) have security of tenure for its member(s) so that they are protected against arbitrary dismissal (procedurally/substantively) once appointed.

Oversight bodies that meet only some of these criteria receive a Partial score.",Asia and the Pacific,Maldives,MDV,ati_over_02,2,Yes
ati_over_appoint,Access to Information,Independent Oversight,NA,Global Right to Information Rating,Centre for Law and Democracy; Access Info Europe,2025,The oversight body is protected from political interference,"The oversight body reports to and has its budget approved by parliament, and its member(s) are protected from political interference and dismissal","To meet this benchmark, the oversight body must: 

1) report to the parliament;
2) have its budget approved by the parliament;
3) have its member(s) appointed in a manner that is protected against political interference;
4) have security of tenure for its member(s) so that they are protected against arbitrary dismissal (procedurally/substantively) once appointed.

Oversight bodies that meet only some of these criteria receive a Partial score.",Europe,Malta,MLT,ati_over_02,1,Partial
ati_over_appoint,Access to Information,Independent Oversight,NA,Global Right to Information Rating,Centre for Law and Democracy; Access Info Europe,2025,The oversight body is protected from political interference,"The oversight body reports to and has its budget approved by parliament, and its member(s) are protected from political interference and dismissal","To meet this benchmark, the oversight body must: 

1) report to the parliament;
2) have its budget approved by the parliament;
3) have its member(s) appointed in a manner that is protected against political interference;
4) have security of tenure for its member(s) so that they are protected against arbitrary dismissal (procedurally/substantively) once appointed.

Oversight bodies that meet only some of these criteria receive a Partial score.",Americas,Mexico,MEX,ati_over_02,2,Yes
ati_over_appoint,Access to Information,Independent Oversight,NA,Global Right to Information Rating,Centre for Law and Democracy; Access Info Europe,2025,The oversight body is protected from political interference,"The oversight body reports to and has its budget approved by parliament, and its member(s) are protected from political interference and dismissal","To meet this benchmark, the oversight body must: 

1) report to the parliament;
2) have its budget approved by the parliament;
3) have its member(s) appointed in a manner that is protected against political interference;
4) have security of tenure for its member(s) so that they are protected against arbitrary dismissal (procedurally/substantively) once appointed.

Oversight bodies that meet only some of these criteria receive a Partial score.",Europe,Republic of Moldova,MDA,ati_over_02,1,Partial
ati_over_appoint,Access to Information,Independent Oversight,NA,Global Right to Information Rating,Centre for Law and Democracy; Access Info Europe,2025,The oversight body is protected from political interference,"The oversight body reports to and has its budget approved by parliament, and its member(s) are protected from political interference and dismissal","To meet this benchmark, the oversight body must: 

1) report to the parliament;
2) have its budget approved by the parliament;
3) have its member(s) appointed in a manner that is protected against political interference;
4) have security of tenure for its member(s) so that they are protected against arbitrary dismissal (procedurally/substantively) once appointed.

Oversight bodies that meet only some of these criteria receive a Partial score.",Asia and the Pacific,Mongolia,MNG,ati_over_02,2,Yes
ati_over_appoint,Access to Information,Independent Oversight,NA,Global Right to Information Rating,Centre for Law and Democracy; Access Info Europe,2025,The oversight body is protected from political interference,"The oversight body reports to and has its budget approved by parliament, and its member(s) are protected from political interference and dismissal","To meet this benchmark, the oversight body must: 

1) report to the parliament;
2) have its budget approved by the parliament;
3) have its member(s) appointed in a manner that is protected against political interference;
4) have security of tenure for its member(s) so that they are protected against arbitrary dismissal (procedurally/substantively) once appointed.

Oversight bodies that meet only some of these criteria receive a Partial score.",Europe,Montenegro,MNE,ati_over_02,0,No
ati_over_appoint,Access to Information,Independent Oversight,NA,Global Right to Information Rating,Centre for Law and Democracy; Access Info Europe,2025,The oversight body is protected from political interference,"The oversight body reports to and has its budget approved by parliament, and its member(s) are protected from political interference and dismissal","To meet this benchmark, the oversight body must: 

1) report to the parliament;
2) have its budget approved by the parliament;
3) have its member(s) appointed in a manner that is protected against political interference;
4) have security of tenure for its member(s) so that they are protected against arbitrary dismissal (procedurally/substantively) once appointed.

Oversight bodies that meet only some of these criteria receive a Partial score.",Africa and the Middle East,Morocco,MAR,ati_over_02,1,Partial
ati_over_appoint,Access to Information,Independent Oversight,NA,Global Right to Information Rating,Centre for Law and Democracy; Access Info Europe,2025,The oversight body is protected from political interference,"The oversight body reports to and has its budget approved by parliament, and its member(s) are protected from political interference and dismissal","To meet this benchmark, the oversight body must: 

1) report to the parliament;
2) have its budget approved by the parliament;
3) have its member(s) appointed in a manner that is protected against political interference;
4) have security of tenure for its member(s) so that they are protected against arbitrary dismissal (procedurally/substantively) once appointed.

Oversight bodies that meet only some of these criteria receive a Partial score.",Europe,Netherlands,NLD,ati_over_02,0,No
ati_over_appoint,Access to Information,Independent Oversight,NA,Global Right to Information Rating,Centre for Law and Democracy; Access Info Europe,2025,The oversight body is protected from political interference,"The oversight body reports to and has its budget approved by parliament, and its member(s) are protected from political interference and dismissal","To meet this benchmark, the oversight body must: 

1) report to the parliament;
2) have its budget approved by the parliament;
3) have its member(s) appointed in a manner that is protected against political interference;
4) have security of tenure for its member(s) so that they are protected against arbitrary dismissal (procedurally/substantively) once appointed.

Oversight bodies that meet only some of these criteria receive a Partial score.",Asia and the Pacific,New Zealand,NZL,ati_over_02,2,Yes
ati_over_appoint,Access to Information,Independent Oversight,NA,Global Right to Information Rating,Centre for Law and Democracy; Access Info Europe,2025,The oversight body is protected from political interference,"The oversight body reports to and has its budget approved by parliament, and its member(s) are protected from political interference and dismissal","To meet this benchmark, the oversight body must: 

1) report to the parliament;
2) have its budget approved by the parliament;
3) have its member(s) appointed in a manner that is protected against political interference;
4) have security of tenure for its member(s) so that they are protected against arbitrary dismissal (procedurally/substantively) once appointed.

Oversight bodies that meet only some of these criteria receive a Partial score.",Africa and the Middle East,Nigeria,NGA,ati_over_02,0,No
ati_over_appoint,Access to Information,Independent Oversight,NA,Global Right to Information Rating,Centre for Law and Democracy; Access Info Europe,2025,The oversight body is protected from political interference,"The oversight body reports to and has its budget approved by parliament, and its member(s) are protected from political interference and dismissal","To meet this benchmark, the oversight body must: 

1) report to the parliament;
2) have its budget approved by the parliament;
3) have its member(s) appointed in a manner that is protected against political interference;
4) have security of tenure for its member(s) so that they are protected against arbitrary dismissal (procedurally/substantively) once appointed.

Oversight bodies that meet only some of these criteria receive a Partial score.",Europe,North Macedonia,MKD,ati_over_02,2,Yes
ati_over_appoint,Access to Information,Independent Oversight,NA,Global Right to Information Rating,Centre for Law and Democracy; Access Info Europe,2025,The oversight body is protected from political interference,"The oversight body reports to and has its budget approved by parliament, and its member(s) are protected from political interference and dismissal","To meet this benchmark, the oversight body must: 

1) report to the parliament;
2) have its budget approved by the parliament;
3) have its member(s) appointed in a manner that is protected against political interference;
4) have security of tenure for its member(s) so that they are protected against arbitrary dismissal (procedurally/substantively) once appointed.

Oversight bodies that meet only some of these criteria receive a Partial score.",Europe,Norway,NOR,ati_over_02,2,Yes
ati_over_appoint,Access to Information,Independent Oversight,NA,Global Right to Information Rating,Centre for Law and Democracy; Access Info Europe,2025,The oversight body is protected from political interference,"The oversight body reports to and has its budget approved by parliament, and its member(s) are protected from political interference and dismissal","To meet this benchmark, the oversight body must: 

1) report to the parliament;
2) have its budget approved by the parliament;
3) have its member(s) appointed in a manner that is protected against political interference;
4) have security of tenure for its member(s) so that they are protected against arbitrary dismissal (procedurally/substantively) once appointed.

Oversight bodies that meet only some of these criteria receive a Partial score.",Americas,Panama,PAN,ati_over_02,1,Partial
ati_over_appoint,Access to Information,Independent Oversight,NA,Global Right to Information Rating,Centre for Law and Democracy; Access Info Europe,2025,The oversight body is protected from political interference,"The oversight body reports to and has its budget approved by parliament, and its member(s) are protected from political interference and dismissal","To meet this benchmark, the oversight body must: 

1) report to the parliament;
2) have its budget approved by the parliament;
3) have its member(s) appointed in a manner that is protected against political interference;
4) have security of tenure for its member(s) so that they are protected against arbitrary dismissal (procedurally/substantively) once appointed.

Oversight bodies that meet only some of these criteria receive a Partial score.",Americas,Paraguay,PRY,ati_over_02,0,No
ati_over_appoint,Access to Information,Independent Oversight,NA,Global Right to Information Rating,Centre for Law and Democracy; Access Info Europe,2025,The oversight body is protected from political interference,"The oversight body reports to and has its budget approved by parliament, and its member(s) are protected from political interference and dismissal","To meet this benchmark, the oversight body must: 

1) report to the parliament;
2) have its budget approved by the parliament;
3) have its member(s) appointed in a manner that is protected against political interference;
4) have security of tenure for its member(s) so that they are protected against arbitrary dismissal (procedurally/substantively) once appointed.

Oversight bodies that meet only some of these criteria receive a Partial score.",Americas,Peru,PER,ati_over_02,0,No
ati_over_appoint,Access to Information,Independent Oversight,NA,Global Right to Information Rating,Centre for Law and Democracy; Access Info Europe,2025,The oversight body is protected from political interference,"The oversight body reports to and has its budget approved by parliament, and its member(s) are protected from political interference and dismissal","To meet this benchmark, the oversight body must: 

1) report to the parliament;
2) have its budget approved by the parliament;
3) have its member(s) appointed in a manner that is protected against political interference;
4) have security of tenure for its member(s) so that they are protected against arbitrary dismissal (procedurally/substantively) once appointed.

Oversight bodies that meet only some of these criteria receive a Partial score.",Asia and the Pacific,Philippines,PHL,ati_over_02,0,No
ati_over_appoint,Access to Information,Independent Oversight,NA,Global Right to Information Rating,Centre for Law and Democracy; Access Info Europe,2025,The oversight body is protected from political interference,"The oversight body reports to and has its budget approved by parliament, and its member(s) are protected from political interference and dismissal","To meet this benchmark, the oversight body must: 

1) report to the parliament;
2) have its budget approved by the parliament;
3) have its member(s) appointed in a manner that is protected against political interference;
4) have security of tenure for its member(s) so that they are protected against arbitrary dismissal (procedurally/substantively) once appointed.

Oversight bodies that meet only some of these criteria receive a Partial score.",Europe,Portugal,PRT,ati_over_02,2,Yes
ati_over_appoint,Access to Information,Independent Oversight,NA,Global Right to Information Rating,Centre for Law and Democracy; Access Info Europe,2025,The oversight body is protected from political interference,"The oversight body reports to and has its budget approved by parliament, and its member(s) are protected from political interference and dismissal","To meet this benchmark, the oversight body must: 

1) report to the parliament;
2) have its budget approved by the parliament;
3) have its member(s) appointed in a manner that is protected against political interference;
4) have security of tenure for its member(s) so that they are protected against arbitrary dismissal (procedurally/substantively) once appointed.

Oversight bodies that meet only some of these criteria receive a Partial score.",Europe,Romania,ROU,ati_over_02,0,No
ati_over_appoint,Access to Information,Independent Oversight,NA,Global Right to Information Rating,Centre for Law and Democracy; Access Info Europe,2025,The oversight body is protected from political interference,"The oversight body reports to and has its budget approved by parliament, and its member(s) are protected from political interference and dismissal","To meet this benchmark, the oversight body must: 

1) report to the parliament;
2) have its budget approved by the parliament;
3) have its member(s) appointed in a manner that is protected against political interference;
4) have security of tenure for its member(s) so that they are protected against arbitrary dismissal (procedurally/substantively) once appointed.

Oversight bodies that meet only some of these criteria receive a Partial score.",Africa and the Middle East,Senegal,SEN,ati_over_02,1,Partial
ati_over_appoint,Access to Information,Independent Oversight,NA,Global Right to Information Rating,Centre for Law and Democracy; Access Info Europe,2025,The oversight body is protected from political interference,"The oversight body reports to and has its budget approved by parliament, and its member(s) are protected from political interference and dismissal","To meet this benchmark, the oversight body must: 

1) report to the parliament;
2) have its budget approved by the parliament;
3) have its member(s) appointed in a manner that is protected against political interference;
4) have security of tenure for its member(s) so that they are protected against arbitrary dismissal (procedurally/substantively) once appointed.

Oversight bodies that meet only some of these criteria receive a Partial score.",Europe,Serbia,SRB,ati_over_02,2,Yes
ati_over_appoint,Access to Information,Independent Oversight,NA,Global Right to Information Rating,Centre for Law and Democracy; Access Info Europe,2025,The oversight body is protected from political interference,"The oversight body reports to and has its budget approved by parliament, and its member(s) are protected from political interference and dismissal","To meet this benchmark, the oversight body must: 

1) report to the parliament;
2) have its budget approved by the parliament;
3) have its member(s) appointed in a manner that is protected against political interference;
4) have security of tenure for its member(s) so that they are protected against arbitrary dismissal (procedurally/substantively) once appointed.

Oversight bodies that meet only some of these criteria receive a Partial score.",Africa and the Middle East,Seychelles,SYC,ati_over_02,2,Yes
ati_over_appoint,Access to Information,Independent Oversight,NA,Global Right to Information Rating,Centre for Law and Democracy; Access Info Europe,2025,The oversight body is protected from political interference,"The oversight body reports to and has its budget approved by parliament, and its member(s) are protected from political interference and dismissal","To meet this benchmark, the oversight body must: 

1) report to the parliament;
2) have its budget approved by the parliament;
3) have its member(s) appointed in a manner that is protected against political interference;
4) have security of tenure for its member(s) so that they are protected against arbitrary dismissal (procedurally/substantively) once appointed.

Oversight bodies that meet only some of these criteria receive a Partial score.",Africa and the Middle East,Sierra Leone,SLE,ati_over_02,2,Yes
ati_over_appoint,Access to Information,Independent Oversight,NA,Global Right to Information Rating,Centre for Law and Democracy; Access Info Europe,2025,The oversight body is protected from political interference,"The oversight body reports to and has its budget approved by parliament, and its member(s) are protected from political interference and dismissal","To meet this benchmark, the oversight body must: 

1) report to the parliament;
2) have its budget approved by the parliament;
3) have its member(s) appointed in a manner that is protected against political interference;
4) have security of tenure for its member(s) so that they are protected against arbitrary dismissal (procedurally/substantively) once appointed.

Oversight bodies that meet only some of these criteria receive a Partial score.",Europe,Slovakia,SVK,ati_over_02,0,No
ati_over_appoint,Access to Information,Independent Oversight,NA,Global Right to Information Rating,Centre for Law and Democracy; Access Info Europe,2025,The oversight body is protected from political interference,"The oversight body reports to and has its budget approved by parliament, and its member(s) are protected from political interference and dismissal","To meet this benchmark, the oversight body must: 

1) report to the parliament;
2) have its budget approved by the parliament;
3) have its member(s) appointed in a manner that is protected against political interference;
4) have security of tenure for its member(s) so that they are protected against arbitrary dismissal (procedurally/substantively) once appointed.

Oversight bodies that meet only some of these criteria receive a Partial score.",Africa and the Middle East,South Africa,ZAF,ati_over_02,2,Yes
ati_over_appoint,Access to Information,Independent Oversight,NA,Global Right to Information Rating,Centre for Law and Democracy; Access Info Europe,2025,The oversight body is protected from political interference,"The oversight body reports to and has its budget approved by parliament, and its member(s) are protected from political interference and dismissal","To meet this benchmark, the oversight body must: 

1) report to the parliament;
2) have its budget approved by the parliament;
3) have its member(s) appointed in a manner that is protected against political interference;
4) have security of tenure for its member(s) so that they are protected against arbitrary dismissal (procedurally/substantively) once appointed.

Oversight bodies that meet only some of these criteria receive a Partial score.",Asia and the Pacific,Republic of Korea,KOR,ati_over_02,1,Partial
ati_over_appoint,Access to Information,Independent Oversight,NA,Global Right to Information Rating,Centre for Law and Democracy; Access Info Europe,2025,The oversight body is protected from political interference,"The oversight body reports to and has its budget approved by parliament, and its member(s) are protected from political interference and dismissal","To meet this benchmark, the oversight body must: 

1) report to the parliament;
2) have its budget approved by the parliament;
3) have its member(s) appointed in a manner that is protected against political interference;
4) have security of tenure for its member(s) so that they are protected against arbitrary dismissal (procedurally/substantively) once appointed.

Oversight bodies that meet only some of these criteria receive a Partial score.",Europe,Spain,ESP,ati_over_02,0,No
ati_over_appoint,Access to Information,Independent Oversight,NA,Global Right to Information Rating,Centre for Law and Democracy; Access Info Europe,2025,The oversight body is protected from political interference,"The oversight body reports to and has its budget approved by parliament, and its member(s) are protected from political interference and dismissal","To meet this benchmark, the oversight body must: 

1) report to the parliament;
2) have its budget approved by the parliament;
3) have its member(s) appointed in a manner that is protected against political interference;
4) have security of tenure for its member(s) so that they are protected against arbitrary dismissal (procedurally/substantively) once appointed.

Oversight bodies that meet only some of these criteria receive a Partial score.",Europe,Sweden,SWE,ati_over_02,2,Yes
ati_over_appoint,Access to Information,Independent Oversight,NA,Global Right to Information Rating,Centre for Law and Democracy; Access Info Europe,2025,The oversight body is protected from political interference,"The oversight body reports to and has its budget approved by parliament, and its member(s) are protected from political interference and dismissal","To meet this benchmark, the oversight body must: 

1) report to the parliament;
2) have its budget approved by the parliament;
3) have its member(s) appointed in a manner that is protected against political interference;
4) have security of tenure for its member(s) so that they are protected against arbitrary dismissal (procedurally/substantively) once appointed.

Oversight bodies that meet only some of these criteria receive a Partial score.",Asia and the Pacific,Thailand,THA,ati_over_02,0,No
ati_over_appoint,Access to Information,Independent Oversight,NA,Global Right to Information Rating,Centre for Law and Democracy; Access Info Europe,2025,The oversight body is protected from political interference,"The oversight body reports to and has its budget approved by parliament, and its member(s) are protected from political interference and dismissal","To meet this benchmark, the oversight body must: 

1) report to the parliament;
2) have its budget approved by the parliament;
3) have its member(s) appointed in a manner that is protected against political interference;
4) have security of tenure for its member(s) so that they are protected against arbitrary dismissal (procedurally/substantively) once appointed.

Oversight bodies that meet only some of these criteria receive a Partial score.",Africa and the Middle East,Tunisia,TUN,ati_over_02,1,Partial
ati_over_appoint,Access to Information,Independent Oversight,NA,Global Right to Information Rating,Centre for Law and Democracy; Access Info Europe,2025,The oversight body is protected from political interference,"The oversight body reports to and has its budget approved by parliament, and its member(s) are protected from political interference and dismissal","To meet this benchmark, the oversight body must: 

1) report to the parliament;
2) have its budget approved by the parliament;
3) have its member(s) appointed in a manner that is protected against political interference;
4) have security of tenure for its member(s) so that they are protected against arbitrary dismissal (procedurally/substantively) once appointed.

Oversight bodies that meet only some of these criteria receive a Partial score.",Europe,Ukraine,UKR,ati_over_02,1,Partial
ati_over_appoint,Access to Information,Independent Oversight,NA,Global Right to Information Rating,Centre for Law and Democracy; Access Info Europe,2025,The oversight body is protected from political interference,"The oversight body reports to and has its budget approved by parliament, and its member(s) are protected from political interference and dismissal","To meet this benchmark, the oversight body must: 

1) report to the parliament;
2) have its budget approved by the parliament;
3) have its member(s) appointed in a manner that is protected against political interference;
4) have security of tenure for its member(s) so that they are protected against arbitrary dismissal (procedurally/substantively) once appointed.

Oversight bodies that meet only some of these criteria receive a Partial score.",Europe,United Kingdom,GBR,ati_over_02,1,Partial
ati_over_appoint,Access to Information,Independent Oversight,NA,Global Right to Information Rating,Centre for Law and Democracy; Access Info Europe,2025,The oversight body is protected from political interference,"The oversight body reports to and has its budget approved by parliament, and its member(s) are protected from political interference and dismissal","To meet this benchmark, the oversight body must: 

1) report to the parliament;
2) have its budget approved by the parliament;
3) have its member(s) appointed in a manner that is protected against political interference;
4) have security of tenure for its member(s) so that they are protected against arbitrary dismissal (procedurally/substantively) once appointed.

Oversight bodies that meet only some of these criteria receive a Partial score.",Americas,Uruguay,URY,ati_over_02,0,No
ati_over_appoint,Access to Information,Independent Oversight,NA,Global Right to Information Rating,Centre for Law and Democracy; Access Info Europe,2025,The oversight body is protected from political interference,"The oversight body reports to and has its budget approved by parliament, and its member(s) are protected from political interference and dismissal","To meet this benchmark, the oversight body must: 

1) report to the parliament;
2) have its budget approved by the parliament;
3) have its member(s) appointed in a manner that is protected against political interference;
4) have security of tenure for its member(s) so that they are protected against arbitrary dismissal (procedurally/substantively) once appointed.

Oversight bodies that meet only some of these criteria receive a Partial score.",Africa and the Middle East,Zambia,ZMB,ati_over_02,1,Partial
ati_over_binding,Access to Information,Independent Oversight,NA,Global Right to Information Rating,Centre for Law and Democracy; Access Info Europe,2025,The oversight body's decisions are binding,The decisions of the independent oversight body are binding.,,Europe,Albania,ALB,ati_over_03,2,Yes
ati_over_binding,Access to Information,Independent Oversight,NA,Global Right to Information Rating,Centre for Law and Democracy; Access Info Europe,2025,The oversight body's decisions are binding,The decisions of the independent oversight body are binding.,,Americas,Argentina,ARG,ati_over_03,0,No
ati_over_binding,Access to Information,Independent Oversight,NA,Global Right to Information Rating,Centre for Law and Democracy; Access Info Europe,2025,The oversight body's decisions are binding,The decisions of the independent oversight body are binding.,,Europe,Armenia,ARM,ati_over_03,0,No
ati_over_binding,Access to Information,Independent Oversight,NA,Global Right to Information Rating,Centre for Law and Democracy; Access Info Europe,2025,The oversight body's decisions are binding,The decisions of the independent oversight body are binding.,,Asia and the Pacific,Australia,AUS,ati_over_03,2,Yes
ati_over_binding,Access to Information,Independent Oversight,NA,Global Right to Information Rating,Centre for Law and Democracy; Access Info Europe,2025,The oversight body's decisions are binding,The decisions of the independent oversight body are binding.,,Africa and the Middle East,Benin,BEN,ati_over_03,1,Partial
ati_over_binding,Access to Information,Independent Oversight,NA,Global Right to Information Rating,Centre for Law and Democracy; Access Info Europe,2025,The oversight body's decisions are binding,The decisions of the independent oversight body are binding.,,Europe,Bosnia and Herzegovina,BIH,ati_over_03,0,No
ati_over_binding,Access to Information,Independent Oversight,NA,Global Right to Information Rating,Centre for Law and Democracy; Access Info Europe,2025,The oversight body's decisions are binding,The decisions of the independent oversight body are binding.,,Americas,Brazil,BRA,ati_over_03,2,Yes
ati_over_binding,Access to Information,Independent Oversight,NA,Global Right to Information Rating,Centre for Law and Democracy; Access Info Europe,2025,The oversight body's decisions are binding,The decisions of the independent oversight body are binding.,,Europe,Bulgaria,BGR,ati_over_03,0,No
ati_over_binding,Access to Information,Independent Oversight,NA,Global Right to Information Rating,Centre for Law and Democracy; Access Info Europe,2025,The oversight body's decisions are binding,The decisions of the independent oversight body are binding.,,Africa and the Middle East,Burkina Faso,BFA,ati_over_03,0,No
ati_over_binding,Access to Information,Independent Oversight,NA,Global Right to Information Rating,Centre for Law and Democracy; Access Info Europe,2025,The oversight body's decisions are binding,The decisions of the independent oversight body are binding.,,Americas,Canada,CAN,ati_over_03,2,Yes
ati_over_binding,Access to Information,Independent Oversight,NA,Global Right to Information Rating,Centre for Law and Democracy; Access Info Europe,2025,The oversight body's decisions are binding,The decisions of the independent oversight body are binding.,,Africa and the Middle East,Cabo Verde,CPV,ati_over_03,0,No
ati_over_binding,Access to Information,Independent Oversight,NA,Global Right to Information Rating,Centre for Law and Democracy; Access Info Europe,2025,The oversight body's decisions are binding,The decisions of the independent oversight body are binding.,,Americas,Chile,CHL,ati_over_03,2,Yes
ati_over_binding,Access to Information,Independent Oversight,NA,Global Right to Information Rating,Centre for Law and Democracy; Access Info Europe,2025,The oversight body's decisions are binding,The decisions of the independent oversight body are binding.,,Americas,Colombia,COL,ati_over_03,0,No
ati_over_binding,Access to Information,Independent Oversight,NA,Global Right to Information Rating,Centre for Law and Democracy; Access Info Europe,2025,The oversight body's decisions are binding,The decisions of the independent oversight body are binding.,,Americas,Costa Rica,CRI,ati_over_03,0,No
ati_over_binding,Access to Information,Independent Oversight,NA,Global Right to Information Rating,Centre for Law and Democracy; Access Info Europe,2025,The oversight body's decisions are binding,The decisions of the independent oversight body are binding.,,Europe,Croatia,HRV,ati_over_03,2,Yes
ati_over_binding,Access to Information,Independent Oversight,NA,Global Right to Information Rating,Centre for Law and Democracy; Access Info Europe,2025,The oversight body's decisions are binding,The decisions of the independent oversight body are binding.,,Europe,Czech Republic,CZE,ati_over_03,0,No
ati_over_binding,Access to Information,Independent Oversight,NA,Global Right to Information Rating,Centre for Law and Democracy; Access Info Europe,2025,The oversight body's decisions are binding,The decisions of the independent oversight body are binding.,,Americas,Dominican Republic,DOM,ati_over_03,0,No
ati_over_binding,Access to Information,Independent Oversight,NA,Global Right to Information Rating,Centre for Law and Democracy; Access Info Europe,2025,The oversight body's decisions are binding,The decisions of the independent oversight body are binding.,,Asia and the Pacific,Timor-Leste,TLS,ati_over_03,0,No
ati_over_binding,Access to Information,Independent Oversight,NA,Global Right to Information Rating,Centre for Law and Democracy; Access Info Europe,2025,The oversight body's decisions are binding,The decisions of the independent oversight body are binding.,,Americas,Ecuador,ECU,ati_over_03,0,No
ati_over_binding,Access to Information,Independent Oversight,NA,Global Right to Information Rating,Centre for Law and Democracy; Access Info Europe,2025,The oversight body's decisions are binding,The decisions of the independent oversight body are binding.,,Europe,Estonia,EST,ati_over_03,2,Yes
ati_over_binding,Access to Information,Independent Oversight,NA,Global Right to Information Rating,Centre for Law and Democracy; Access Info Europe,2025,The oversight body's decisions are binding,The decisions of the independent oversight body are binding.,,Europe,Finland,FIN,ati_over_03,0,No
ati_over_binding,Access to Information,Independent Oversight,NA,Global Right to Information Rating,Centre for Law and Democracy; Access Info Europe,2025,The oversight body's decisions are binding,The decisions of the independent oversight body are binding.,,Europe,France,FRA,ati_over_03,0,No
ati_over_binding,Access to Information,Independent Oversight,NA,Global Right to Information Rating,Centre for Law and Democracy; Access Info Europe,2025,The oversight body's decisions are binding,The decisions of the independent oversight body are binding.,,Europe,Germany,DEU,ati_over_03,0,No
ati_over_binding,Access to Information,Independent Oversight,NA,Global Right to Information Rating,Centre for Law and Democracy; Access Info Europe,2025,The oversight body's decisions are binding,The decisions of the independent oversight body are binding.,,Africa and the Middle East,Ghana,GHA,ati_over_03,2,Yes
ati_over_binding,Access to Information,Independent Oversight,NA,Global Right to Information Rating,Centre for Law and Democracy; Access Info Europe,2025,The oversight body's decisions are binding,The decisions of the independent oversight body are binding.,,Europe,Greece,GRC,ati_over_03,0,No
ati_over_binding,Access to Information,Independent Oversight,NA,Global Right to Information Rating,Centre for Law and Democracy; Access Info Europe,2025,The oversight body's decisions are binding,The decisions of the independent oversight body are binding.,,Americas,Guatemala,GTM,ati_over_03,0,No
ati_over_binding,Access to Information,Independent Oversight,NA,Global Right to Information Rating,Centre for Law and Democracy; Access Info Europe,2025,The oversight body's decisions are binding,The decisions of the independent oversight body are binding.,,Americas,Honduras,HND,ati_over_03,2,Yes
ati_over_binding,Access to Information,Independent Oversight,NA,Global Right to Information Rating,Centre for Law and Democracy; Access Info Europe,2025,The oversight body's decisions are binding,The decisions of the independent oversight body are binding.,,Asia and the Pacific,Indonesia,IDN,ati_over_03,2,Yes
ati_over_binding,Access to Information,Independent Oversight,NA,Global Right to Information Rating,Centre for Law and Democracy; Access Info Europe,2025,The oversight body's decisions are binding,The decisions of the independent oversight body are binding.,,Europe,Ireland,IRL,ati_over_03,2,Yes
ati_over_binding,Access to Information,Independent Oversight,NA,Global Right to Information Rating,Centre for Law and Democracy; Access Info Europe,2025,The oversight body's decisions are binding,The decisions of the independent oversight body are binding.,,Europe,Italy,ITA,ati_over_03,0,No
ati_over_binding,Access to Information,Independent Oversight,NA,Global Right to Information Rating,Centre for Law and Democracy; Access Info Europe,2025,The oversight body's decisions are binding,The decisions of the independent oversight body are binding.,,Africa and the Middle East,Cote d'Ivoire,CIV,ati_over_03,2,Yes
ati_over_binding,Access to Information,Independent Oversight,NA,Global Right to Information Rating,Centre for Law and Democracy; Access Info Europe,2025,The oversight body's decisions are binding,The decisions of the independent oversight body are binding.,,Americas,Jamaica,JAM,ati_over_03,1,Partial
ati_over_binding,Access to Information,Independent Oversight,NA,Global Right to Information Rating,Centre for Law and Democracy; Access Info Europe,2025,The oversight body's decisions are binding,The decisions of the independent oversight body are binding.,,Africa and the Middle East,Jordan,JOR,ati_over_03,1,Partial
ati_over_binding,Access to Information,Independent Oversight,NA,Global Right to Information Rating,Centre for Law and Democracy; Access Info Europe,2025,The oversight body's decisions are binding,The decisions of the independent oversight body are binding.,,Africa and the Middle East,Kenya,KEN,ati_over_03,2,Yes
ati_over_binding,Access to Information,Independent Oversight,NA,Global Right to Information Rating,Centre for Law and Democracy; Access Info Europe,2025,The oversight body's decisions are binding,The decisions of the independent oversight body are binding.,,Europe,Kosovo,XKX,ati_over_03,2,Yes
ati_over_binding,Access to Information,Independent Oversight,NA,Global Right to Information Rating,Centre for Law and Democracy; Access Info Europe,2025,The oversight body's decisions are binding,The decisions of the independent oversight body are binding.,,Europe,Latvia,LVA,ati_over_03,0,No
ati_over_binding,Access to Information,Independent Oversight,NA,Global Right to Information Rating,Centre for Law and Democracy; Access Info Europe,2025,The oversight body's decisions are binding,The decisions of the independent oversight body are binding.,,Africa and the Middle East,Liberia,LBR,ati_over_03,2,Yes
ati_over_binding,Access to Information,Independent Oversight,NA,Global Right to Information Rating,Centre for Law and Democracy; Access Info Europe,2025,The oversight body's decisions are binding,The decisions of the independent oversight body are binding.,,Europe,Lithuania,LTU,ati_over_03,0,No
ati_over_binding,Access to Information,Independent Oversight,NA,Global Right to Information Rating,Centre for Law and Democracy; Access Info Europe,2025,The oversight body's decisions are binding,The decisions of the independent oversight body are binding.,,Africa and the Middle East,Malawi,MWI,ati_over_03,0,No
ati_over_binding,Access to Information,Independent Oversight,NA,Global Right to Information Rating,Centre for Law and Democracy; Access Info Europe,2025,The oversight body's decisions are binding,The decisions of the independent oversight body are binding.,,Asia and the Pacific,Maldives,MDV,ati_over_03,2,Yes
ati_over_binding,Access to Information,Independent Oversight,NA,Global Right to Information Rating,Centre for Law and Democracy; Access Info Europe,2025,The oversight body's decisions are binding,The decisions of the independent oversight body are binding.,,Europe,Malta,MLT,ati_over_03,1,Partial
ati_over_binding,Access to Information,Independent Oversight,NA,Global Right to Information Rating,Centre for Law and Democracy; Access Info Europe,2025,The oversight body's decisions are binding,The decisions of the independent oversight body are binding.,,Americas,Mexico,MEX,ati_over_03,2,Yes
ati_over_binding,Access to Information,Independent Oversight,NA,Global Right to Information Rating,Centre for Law and Democracy; Access Info Europe,2025,The oversight body's decisions are binding,The decisions of the independent oversight body are binding.,,Europe,Republic of Moldova,MDA,ati_over_03,0,No
ati_over_binding,Access to Information,Independent Oversight,NA,Global Right to Information Rating,Centre for Law and Democracy; Access Info Europe,2025,The oversight body's decisions are binding,The decisions of the independent oversight body are binding.,,Asia and the Pacific,Mongolia,MNG,ati_over_03,2,Yes
ati_over_binding,Access to Information,Independent Oversight,NA,Global Right to Information Rating,Centre for Law and Democracy; Access Info Europe,2025,The oversight body's decisions are binding,The decisions of the independent oversight body are binding.,,Europe,Montenegro,MNE,ati_over_03,0,No
ati_over_binding,Access to Information,Independent Oversight,NA,Global Right to Information Rating,Centre for Law and Democracy; Access Info Europe,2025,The oversight body's decisions are binding,The decisions of the independent oversight body are binding.,,Africa and the Middle East,Morocco,MAR,ati_over_03,0,No
ati_over_binding,Access to Information,Independent Oversight,NA,Global Right to Information Rating,Centre for Law and Democracy; Access Info Europe,2025,The oversight body's decisions are binding,The decisions of the independent oversight body are binding.,,Europe,Netherlands,NLD,ati_over_03,0,No
ati_over_binding,Access to Information,Independent Oversight,NA,Global Right to Information Rating,Centre for Law and Democracy; Access Info Europe,2025,The oversight body's decisions are binding,The decisions of the independent oversight body are binding.,,Asia and the Pacific,New Zealand,NZL,ati_over_03,1,Partial
ati_over_binding,Access to Information,Independent Oversight,NA,Global Right to Information Rating,Centre for Law and Democracy; Access Info Europe,2025,The oversight body's decisions are binding,The decisions of the independent oversight body are binding.,,Africa and the Middle East,Nigeria,NGA,ati_over_03,0,No
ati_over_binding,Access to Information,Independent Oversight,NA,Global Right to Information Rating,Centre for Law and Democracy; Access Info Europe,2025,The oversight body's decisions are binding,The decisions of the independent oversight body are binding.,,Europe,North Macedonia,MKD,ati_over_03,2,Yes
ati_over_binding,Access to Information,Independent Oversight,NA,Global Right to Information Rating,Centre for Law and Democracy; Access Info Europe,2025,The oversight body's decisions are binding,The decisions of the independent oversight body are binding.,,Europe,Norway,NOR,ati_over_03,2,Yes
ati_over_binding,Access to Information,Independent Oversight,NA,Global Right to Information Rating,Centre for Law and Democracy; Access Info Europe,2025,The oversight body's decisions are binding,The decisions of the independent oversight body are binding.,,Americas,Panama,PAN,ati_over_03,2,Yes
ati_over_binding,Access to Information,Independent Oversight,NA,Global Right to Information Rating,Centre for Law and Democracy; Access Info Europe,2025,The oversight body's decisions are binding,The decisions of the independent oversight body are binding.,,Americas,Paraguay,PRY,ati_over_03,0,No
ati_over_binding,Access to Information,Independent Oversight,NA,Global Right to Information Rating,Centre for Law and Democracy; Access Info Europe,2025,The oversight body's decisions are binding,The decisions of the independent oversight body are binding.,,Americas,Peru,PER,ati_over_03,0,No
ati_over_binding,Access to Information,Independent Oversight,NA,Global Right to Information Rating,Centre for Law and Democracy; Access Info Europe,2025,The oversight body's decisions are binding,The decisions of the independent oversight body are binding.,,Asia and the Pacific,Philippines,PHL,ati_over_03,0,No
ati_over_binding,Access to Information,Independent Oversight,NA,Global Right to Information Rating,Centre for Law and Democracy; Access Info Europe,2025,The oversight body's decisions are binding,The decisions of the independent oversight body are binding.,,Europe,Portugal,PRT,ati_over_03,0,No
ati_over_binding,Access to Information,Independent Oversight,NA,Global Right to Information Rating,Centre for Law and Democracy; Access Info Europe,2025,The oversight body's decisions are binding,The decisions of the independent oversight body are binding.,,Europe,Romania,ROU,ati_over_03,0,No
ati_over_binding,Access to Information,Independent Oversight,NA,Global Right to Information Rating,Centre for Law and Democracy; Access Info Europe,2025,The oversight body's decisions are binding,The decisions of the independent oversight body are binding.,,Africa and the Middle East,Senegal,SEN,ati_over_03,1,Partial
ati_over_binding,Access to Information,Independent Oversight,NA,Global Right to Information Rating,Centre for Law and Democracy; Access Info Europe,2025,The oversight body's decisions are binding,The decisions of the independent oversight body are binding.,,Europe,Serbia,SRB,ati_over_03,2,Yes
ati_over_binding,Access to Information,Independent Oversight,NA,Global Right to Information Rating,Centre for Law and Democracy; Access Info Europe,2025,The oversight body's decisions are binding,The decisions of the independent oversight body are binding.,,Africa and the Middle East,Seychelles,SYC,ati_over_03,2,Yes
ati_over_binding,Access to Information,Independent Oversight,NA,Global Right to Information Rating,Centre for Law and Democracy; Access Info Europe,2025,The oversight body's decisions are binding,The decisions of the independent oversight body are binding.,,Africa and the Middle East,Sierra Leone,SLE,ati_over_03,2,Yes
ati_over_binding,Access to Information,Independent Oversight,NA,Global Right to Information Rating,Centre for Law and Democracy; Access Info Europe,2025,The oversight body's decisions are binding,The decisions of the independent oversight body are binding.,,Europe,Slovakia,SVK,ati_over_03,0,No
ati_over_binding,Access to Information,Independent Oversight,NA,Global Right to Information Rating,Centre for Law and Democracy; Access Info Europe,2025,The oversight body's decisions are binding,The decisions of the independent oversight body are binding.,,Africa and the Middle East,South Africa,ZAF,ati_over_03,2,Yes
ati_over_binding,Access to Information,Independent Oversight,NA,Global Right to Information Rating,Centre for Law and Democracy; Access Info Europe,2025,The oversight body's decisions are binding,The decisions of the independent oversight body are binding.,,Asia and the Pacific,Republic of Korea,KOR,ati_over_03,2,Yes
ati_over_binding,Access to Information,Independent Oversight,NA,Global Right to Information Rating,Centre for Law and Democracy; Access Info Europe,2025,The oversight body's decisions are binding,The decisions of the independent oversight body are binding.,,Europe,Spain,ESP,ati_over_03,0,No
ati_over_binding,Access to Information,Independent Oversight,NA,Global Right to Information Rating,Centre for Law and Democracy; Access Info Europe,2025,The oversight body's decisions are binding,The decisions of the independent oversight body are binding.,,Europe,Sweden,SWE,ati_over_03,0,No
ati_over_binding,Access to Information,Independent Oversight,NA,Global Right to Information Rating,Centre for Law and Democracy; Access Info Europe,2025,The oversight body's decisions are binding,The decisions of the independent oversight body are binding.,,Asia and the Pacific,Thailand,THA,ati_over_03,0,No
ati_over_binding,Access to Information,Independent Oversight,NA,Global Right to Information Rating,Centre for Law and Democracy; Access Info Europe,2025,The oversight body's decisions are binding,The decisions of the independent oversight body are binding.,,Africa and the Middle East,Tunisia,TUN,ati_over_03,2,Yes
ati_over_binding,Access to Information,Independent Oversight,NA,Global Right to Information Rating,Centre for Law and Democracy; Access Info Europe,2025,The oversight body's decisions are binding,The decisions of the independent oversight body are binding.,,Europe,Ukraine,UKR,ati_over_03,0,No
ati_over_binding,Access to Information,Independent Oversight,NA,Global Right to Information Rating,Centre for Law and Democracy; Access Info Europe,2025,The oversight body's decisions are binding,The decisions of the independent oversight body are binding.,,Europe,United Kingdom,GBR,ati_over_03,2,Yes
ati_over_binding,Access to Information,Independent Oversight,NA,Global Right to Information Rating,Centre for Law and Democracy; Access Info Europe,2025,The oversight body's decisions are binding,The decisions of the independent oversight body are binding.,,Americas,Uruguay,URY,ati_over_03,0,No
ati_over_binding,Access to Information,Independent Oversight,NA,Global Right to Information Rating,Centre for Law and Democracy; Access Info Europe,2025,The oversight body's decisions are binding,The decisions of the independent oversight body are binding.,,Africa and the Middle East,Zambia,ZMB,ati_over_03,0,No
ati_over_mandate,Access to Information,Independent Oversight,NA,Global Right to Information Rating,Centre for Law and Democracy; Access Info Europe,2025,The oversight body has investigative powers,"The independent oversight body has the necessary mandate and power to perform its functions, including to review classified documents and inspect the premises of public bodies.","To meet this benchmark, the oversight body must have the mandate and power to:

1) review classified documents;
2) inspect the premises of public bodies.

Oversight bodies that meet only one of the two criteria receive a Partial score.",Europe,Albania,ALB,ati_over_04,2,Yes
ati_over_mandate,Access to Information,Independent Oversight,NA,Global Right to Information Rating,Centre for Law and Democracy; Access Info Europe,2025,The oversight body has investigative powers,"The independent oversight body has the necessary mandate and power to perform its functions, including to review classified documents and inspect the premises of public bodies.","To meet this benchmark, the oversight body must have the mandate and power to:

1) review classified documents;
2) inspect the premises of public bodies.

Oversight bodies that meet only one of the two criteria receive a Partial score.",Americas,Argentina,ARG,ati_over_04,1,Partial
ati_over_mandate,Access to Information,Independent Oversight,NA,Global Right to Information Rating,Centre for Law and Democracy; Access Info Europe,2025,The oversight body has investigative powers,"The independent oversight body has the necessary mandate and power to perform its functions, including to review classified documents and inspect the premises of public bodies.","To meet this benchmark, the oversight body must have the mandate and power to:

1) review classified documents;
2) inspect the premises of public bodies.

Oversight bodies that meet only one of the two criteria receive a Partial score.",Europe,Armenia,ARM,ati_over_04,1,Partial
ati_over_mandate,Access to Information,Independent Oversight,NA,Global Right to Information Rating,Centre for Law and Democracy; Access Info Europe,2025,The oversight body has investigative powers,"The independent oversight body has the necessary mandate and power to perform its functions, including to review classified documents and inspect the premises of public bodies.","To meet this benchmark, the oversight body must have the mandate and power to:

1) review classified documents;
2) inspect the premises of public bodies.

Oversight bodies that meet only one of the two criteria receive a Partial score.",Asia and the Pacific,Australia,AUS,ati_over_04,2,Yes
ati_over_mandate,Access to Information,Independent Oversight,NA,Global Right to Information Rating,Centre for Law and Democracy; Access Info Europe,2025,The oversight body has investigative powers,"The independent oversight body has the necessary mandate and power to perform its functions, including to review classified documents and inspect the premises of public bodies.","To meet this benchmark, the oversight body must have the mandate and power to:

1) review classified documents;
2) inspect the premises of public bodies.

Oversight bodies that meet only one of the two criteria receive a Partial score.",Africa and the Middle East,Benin,BEN,ati_over_04,2,Yes
ati_over_mandate,Access to Information,Independent Oversight,NA,Global Right to Information Rating,Centre for Law and Democracy; Access Info Europe,2025,The oversight body has investigative powers,"The independent oversight body has the necessary mandate and power to perform its functions, including to review classified documents and inspect the premises of public bodies.","To meet this benchmark, the oversight body must have the mandate and power to:

1) review classified documents;
2) inspect the premises of public bodies.

Oversight bodies that meet only one of the two criteria receive a Partial score.",Europe,Bosnia and Herzegovina,BIH,ati_over_04,2,Yes
ati_over_mandate,Access to Information,Independent Oversight,NA,Global Right to Information Rating,Centre for Law and Democracy; Access Info Europe,2025,The oversight body has investigative powers,"The independent oversight body has the necessary mandate and power to perform its functions, including to review classified documents and inspect the premises of public bodies.","To meet this benchmark, the oversight body must have the mandate and power to:

1) review classified documents;
2) inspect the premises of public bodies.

Oversight bodies that meet only one of the two criteria receive a Partial score.",Americas,Brazil,BRA,ati_over_04,1,Partial
ati_over_mandate,Access to Information,Independent Oversight,NA,Global Right to Information Rating,Centre for Law and Democracy; Access Info Europe,2025,The oversight body has investigative powers,"The independent oversight body has the necessary mandate and power to perform its functions, including to review classified documents and inspect the premises of public bodies.","To meet this benchmark, the oversight body must have the mandate and power to:

1) review classified documents;
2) inspect the premises of public bodies.

Oversight bodies that meet only one of the two criteria receive a Partial score.",Europe,Bulgaria,BGR,ati_over_04,0,No
ati_over_mandate,Access to Information,Independent Oversight,NA,Global Right to Information Rating,Centre for Law and Democracy; Access Info Europe,2025,The oversight body has investigative powers,"The independent oversight body has the necessary mandate and power to perform its functions, including to review classified documents and inspect the premises of public bodies.","To meet this benchmark, the oversight body must have the mandate and power to:

1) review classified documents;
2) inspect the premises of public bodies.

Oversight bodies that meet only one of the two criteria receive a Partial score.",Africa and the Middle East,Burkina Faso,BFA,ati_over_04,1,Partial
ati_over_mandate,Access to Information,Independent Oversight,NA,Global Right to Information Rating,Centre for Law and Democracy; Access Info Europe,2025,The oversight body has investigative powers,"The independent oversight body has the necessary mandate and power to perform its functions, including to review classified documents and inspect the premises of public bodies.","To meet this benchmark, the oversight body must have the mandate and power to:

1) review classified documents;
2) inspect the premises of public bodies.

Oversight bodies that meet only one of the two criteria receive a Partial score.",Americas,Canada,CAN,ati_over_04,2,Yes
ati_over_mandate,Access to Information,Independent Oversight,NA,Global Right to Information Rating,Centre for Law and Democracy; Access Info Europe,2025,The oversight body has investigative powers,"The independent oversight body has the necessary mandate and power to perform its functions, including to review classified documents and inspect the premises of public bodies.","To meet this benchmark, the oversight body must have the mandate and power to:

1) review classified documents;
2) inspect the premises of public bodies.

Oversight bodies that meet only one of the two criteria receive a Partial score.",Africa and the Middle East,Cabo Verde,CPV,ati_over_04,0,No
ati_over_mandate,Access to Information,Independent Oversight,NA,Global Right to Information Rating,Centre for Law and Democracy; Access Info Europe,2025,The oversight body has investigative powers,"The independent oversight body has the necessary mandate and power to perform its functions, including to review classified documents and inspect the premises of public bodies.","To meet this benchmark, the oversight body must have the mandate and power to:

1) review classified documents;
2) inspect the premises of public bodies.

Oversight bodies that meet only one of the two criteria receive a Partial score.",Americas,Chile,CHL,ati_over_04,1,Partial
ati_over_mandate,Access to Information,Independent Oversight,NA,Global Right to Information Rating,Centre for Law and Democracy; Access Info Europe,2025,The oversight body has investigative powers,"The independent oversight body has the necessary mandate and power to perform its functions, including to review classified documents and inspect the premises of public bodies.","To meet this benchmark, the oversight body must have the mandate and power to:

1) review classified documents;
2) inspect the premises of public bodies.

Oversight bodies that meet only one of the two criteria receive a Partial score.",Americas,Colombia,COL,ati_over_04,0,No
ati_over_mandate,Access to Information,Independent Oversight,NA,Global Right to Information Rating,Centre for Law and Democracy; Access Info Europe,2025,The oversight body has investigative powers,"The independent oversight body has the necessary mandate and power to perform its functions, including to review classified documents and inspect the premises of public bodies.","To meet this benchmark, the oversight body must have the mandate and power to:

1) review classified documents;
2) inspect the premises of public bodies.

Oversight bodies that meet only one of the two criteria receive a Partial score.",Americas,Costa Rica,CRI,ati_over_04,0,No
ati_over_mandate,Access to Information,Independent Oversight,NA,Global Right to Information Rating,Centre for Law and Democracy; Access Info Europe,2025,The oversight body has investigative powers,"The independent oversight body has the necessary mandate and power to perform its functions, including to review classified documents and inspect the premises of public bodies.","To meet this benchmark, the oversight body must have the mandate and power to:

1) review classified documents;
2) inspect the premises of public bodies.

Oversight bodies that meet only one of the two criteria receive a Partial score.",Europe,Croatia,HRV,ati_over_04,2,Yes
ati_over_mandate,Access to Information,Independent Oversight,NA,Global Right to Information Rating,Centre for Law and Democracy; Access Info Europe,2025,The oversight body has investigative powers,"The independent oversight body has the necessary mandate and power to perform its functions, including to review classified documents and inspect the premises of public bodies.","To meet this benchmark, the oversight body must have the mandate and power to:

1) review classified documents;
2) inspect the premises of public bodies.

Oversight bodies that meet only one of the two criteria receive a Partial score.",Europe,Czech Republic,CZE,ati_over_04,0,No
ati_over_mandate,Access to Information,Independent Oversight,NA,Global Right to Information Rating,Centre for Law and Democracy; Access Info Europe,2025,The oversight body has investigative powers,"The independent oversight body has the necessary mandate and power to perform its functions, including to review classified documents and inspect the premises of public bodies.","To meet this benchmark, the oversight body must have the mandate and power to:

1) review classified documents;
2) inspect the premises of public bodies.

Oversight bodies that meet only one of the two criteria receive a Partial score.",Americas,Dominican Republic,DOM,ati_over_04,0,No
ati_over_mandate,Access to Information,Independent Oversight,NA,Global Right to Information Rating,Centre for Law and Democracy; Access Info Europe,2025,The oversight body has investigative powers,"The independent oversight body has the necessary mandate and power to perform its functions, including to review classified documents and inspect the premises of public bodies.","To meet this benchmark, the oversight body must have the mandate and power to:

1) review classified documents;
2) inspect the premises of public bodies.

Oversight bodies that meet only one of the two criteria receive a Partial score.",Asia and the Pacific,Timor-Leste,TLS,ati_over_04,0,No
ati_over_mandate,Access to Information,Independent Oversight,NA,Global Right to Information Rating,Centre for Law and Democracy; Access Info Europe,2025,The oversight body has investigative powers,"The independent oversight body has the necessary mandate and power to perform its functions, including to review classified documents and inspect the premises of public bodies.","To meet this benchmark, the oversight body must have the mandate and power to:

1) review classified documents;
2) inspect the premises of public bodies.

Oversight bodies that meet only one of the two criteria receive a Partial score.",Americas,Ecuador,ECU,ati_over_04,0,No
ati_over_mandate,Access to Information,Independent Oversight,NA,Global Right to Information Rating,Centre for Law and Democracy; Access Info Europe,2025,The oversight body has investigative powers,"The independent oversight body has the necessary mandate and power to perform its functions, including to review classified documents and inspect the premises of public bodies.","To meet this benchmark, the oversight body must have the mandate and power to:

1) review classified documents;
2) inspect the premises of public bodies.

Oversight bodies that meet only one of the two criteria receive a Partial score.",Europe,Estonia,EST,ati_over_04,2,Yes
ati_over_mandate,Access to Information,Independent Oversight,NA,Global Right to Information Rating,Centre for Law and Democracy; Access Info Europe,2025,The oversight body has investigative powers,"The independent oversight body has the necessary mandate and power to perform its functions, including to review classified documents and inspect the premises of public bodies.","To meet this benchmark, the oversight body must have the mandate and power to:

1) review classified documents;
2) inspect the premises of public bodies.

Oversight bodies that meet only one of the two criteria receive a Partial score.",Europe,Finland,FIN,ati_over_04,0,No
ati_over_mandate,Access to Information,Independent Oversight,NA,Global Right to Information Rating,Centre for Law and Democracy; Access Info Europe,2025,The oversight body has investigative powers,"The independent oversight body has the necessary mandate and power to perform its functions, including to review classified documents and inspect the premises of public bodies.","To meet this benchmark, the oversight body must have the mandate and power to:

1) review classified documents;
2) inspect the premises of public bodies.

Oversight bodies that meet only one of the two criteria receive a Partial score.",Europe,France,FRA,ati_over_04,0,No
ati_over_mandate,Access to Information,Independent Oversight,NA,Global Right to Information Rating,Centre for Law and Democracy; Access Info Europe,2025,The oversight body has investigative powers,"The independent oversight body has the necessary mandate and power to perform its functions, including to review classified documents and inspect the premises of public bodies.","To meet this benchmark, the oversight body must have the mandate and power to:

1) review classified documents;
2) inspect the premises of public bodies.

Oversight bodies that meet only one of the two criteria receive a Partial score.",Europe,Germany,DEU,ati_over_04,0,No
ati_over_mandate,Access to Information,Independent Oversight,NA,Global Right to Information Rating,Centre for Law and Democracy; Access Info Europe,2025,The oversight body has investigative powers,"The independent oversight body has the necessary mandate and power to perform its functions, including to review classified documents and inspect the premises of public bodies.","To meet this benchmark, the oversight body must have the mandate and power to:

1) review classified documents;
2) inspect the premises of public bodies.

Oversight bodies that meet only one of the two criteria receive a Partial score.",Africa and the Middle East,Ghana,GHA,ati_over_04,1,Partial
ati_over_mandate,Access to Information,Independent Oversight,NA,Global Right to Information Rating,Centre for Law and Democracy; Access Info Europe,2025,The oversight body has investigative powers,"The independent oversight body has the necessary mandate and power to perform its functions, including to review classified documents and inspect the premises of public bodies.","To meet this benchmark, the oversight body must have the mandate and power to:

1) review classified documents;
2) inspect the premises of public bodies.

Oversight bodies that meet only one of the two criteria receive a Partial score.",Europe,Greece,GRC,ati_over_04,2,Yes
ati_over_mandate,Access to Information,Independent Oversight,NA,Global Right to Information Rating,Centre for Law and Democracy; Access Info Europe,2025,The oversight body has investigative powers,"The independent oversight body has the necessary mandate and power to perform its functions, including to review classified documents and inspect the premises of public bodies.","To meet this benchmark, the oversight body must have the mandate and power to:

1) review classified documents;
2) inspect the premises of public bodies.

Oversight bodies that meet only one of the two criteria receive a Partial score.",Americas,Guatemala,GTM,ati_over_04,0,No
ati_over_mandate,Access to Information,Independent Oversight,NA,Global Right to Information Rating,Centre for Law and Democracy; Access Info Europe,2025,The oversight body has investigative powers,"The independent oversight body has the necessary mandate and power to perform its functions, including to review classified documents and inspect the premises of public bodies.","To meet this benchmark, the oversight body must have the mandate and power to:

1) review classified documents;
2) inspect the premises of public bodies.

Oversight bodies that meet only one of the two criteria receive a Partial score.",Americas,Honduras,HND,ati_over_04,1,Partial
ati_over_mandate,Access to Information,Independent Oversight,NA,Global Right to Information Rating,Centre for Law and Democracy; Access Info Europe,2025,The oversight body has investigative powers,"The independent oversight body has the necessary mandate and power to perform its functions, including to review classified documents and inspect the premises of public bodies.","To meet this benchmark, the oversight body must have the mandate and power to:

1) review classified documents;
2) inspect the premises of public bodies.

Oversight bodies that meet only one of the two criteria receive a Partial score.",Asia and the Pacific,Indonesia,IDN,ati_over_04,1,Partial
ati_over_mandate,Access to Information,Independent Oversight,NA,Global Right to Information Rating,Centre for Law and Democracy; Access Info Europe,2025,The oversight body has investigative powers,"The independent oversight body has the necessary mandate and power to perform its functions, including to review classified documents and inspect the premises of public bodies.","To meet this benchmark, the oversight body must have the mandate and power to:

1) review classified documents;
2) inspect the premises of public bodies.

Oversight bodies that meet only one of the two criteria receive a Partial score.",Europe,Ireland,IRL,ati_over_04,2,Yes
ati_over_mandate,Access to Information,Independent Oversight,NA,Global Right to Information Rating,Centre for Law and Democracy; Access Info Europe,2025,The oversight body has investigative powers,"The independent oversight body has the necessary mandate and power to perform its functions, including to review classified documents and inspect the premises of public bodies.","To meet this benchmark, the oversight body must have the mandate and power to:

1) review classified documents;
2) inspect the premises of public bodies.

Oversight bodies that meet only one of the two criteria receive a Partial score.",Europe,Italy,ITA,ati_over_04,0,No
ati_over_mandate,Access to Information,Independent Oversight,NA,Global Right to Information Rating,Centre for Law and Democracy; Access Info Europe,2025,The oversight body has investigative powers,"The independent oversight body has the necessary mandate and power to perform its functions, including to review classified documents and inspect the premises of public bodies.","To meet this benchmark, the oversight body must have the mandate and power to:

1) review classified documents;
2) inspect the premises of public bodies.

Oversight bodies that meet only one of the two criteria receive a Partial score.",Africa and the Middle East,Cote d'Ivoire,CIV,ati_over_04,0,No
ati_over_mandate,Access to Information,Independent Oversight,NA,Global Right to Information Rating,Centre for Law and Democracy; Access Info Europe,2025,The oversight body has investigative powers,"The independent oversight body has the necessary mandate and power to perform its functions, including to review classified documents and inspect the premises of public bodies.","To meet this benchmark, the oversight body must have the mandate and power to:

1) review classified documents;
2) inspect the premises of public bodies.

Oversight bodies that meet only one of the two criteria receive a Partial score.",Americas,Jamaica,JAM,ati_over_04,1,Partial
ati_over_mandate,Access to Information,Independent Oversight,NA,Global Right to Information Rating,Centre for Law and Democracy; Access Info Europe,2025,The oversight body has investigative powers,"The independent oversight body has the necessary mandate and power to perform its functions, including to review classified documents and inspect the premises of public bodies.","To meet this benchmark, the oversight body must have the mandate and power to:

1) review classified documents;
2) inspect the premises of public bodies.

Oversight bodies that meet only one of the two criteria receive a Partial score.",Africa and the Middle East,Jordan,JOR,ati_over_04,0,No
ati_over_mandate,Access to Information,Independent Oversight,NA,Global Right to Information Rating,Centre for Law and Democracy; Access Info Europe,2025,The oversight body has investigative powers,"The independent oversight body has the necessary mandate and power to perform its functions, including to review classified documents and inspect the premises of public bodies.","To meet this benchmark, the oversight body must have the mandate and power to:

1) review classified documents;
2) inspect the premises of public bodies.

Oversight bodies that meet only one of the two criteria receive a Partial score.",Africa and the Middle East,Kenya,KEN,ati_over_04,2,Yes
ati_over_mandate,Access to Information,Independent Oversight,NA,Global Right to Information Rating,Centre for Law and Democracy; Access Info Europe,2025,The oversight body has investigative powers,"The independent oversight body has the necessary mandate and power to perform its functions, including to review classified documents and inspect the premises of public bodies.","To meet this benchmark, the oversight body must have the mandate and power to:

1) review classified documents;
2) inspect the premises of public bodies.

Oversight bodies that meet only one of the two criteria receive a Partial score.",Europe,Kosovo,XKX,ati_over_04,1,Partial
ati_over_mandate,Access to Information,Independent Oversight,NA,Global Right to Information Rating,Centre for Law and Democracy; Access Info Europe,2025,The oversight body has investigative powers,"The independent oversight body has the necessary mandate and power to perform its functions, including to review classified documents and inspect the premises of public bodies.","To meet this benchmark, the oversight body must have the mandate and power to:

1) review classified documents;
2) inspect the premises of public bodies.

Oversight bodies that meet only one of the two criteria receive a Partial score.",Europe,Latvia,LVA,ati_over_04,0,No
ati_over_mandate,Access to Information,Independent Oversight,NA,Global Right to Information Rating,Centre for Law and Democracy; Access Info Europe,2025,The oversight body has investigative powers,"The independent oversight body has the necessary mandate and power to perform its functions, including to review classified documents and inspect the premises of public bodies.","To meet this benchmark, the oversight body must have the mandate and power to:

1) review classified documents;
2) inspect the premises of public bodies.

Oversight bodies that meet only one of the two criteria receive a Partial score.",Africa and the Middle East,Liberia,LBR,ati_over_04,1,Partial
ati_over_mandate,Access to Information,Independent Oversight,NA,Global Right to Information Rating,Centre for Law and Democracy; Access Info Europe,2025,The oversight body has investigative powers,"The independent oversight body has the necessary mandate and power to perform its functions, including to review classified documents and inspect the premises of public bodies.","To meet this benchmark, the oversight body must have the mandate and power to:

1) review classified documents;
2) inspect the premises of public bodies.

Oversight bodies that meet only one of the two criteria receive a Partial score.",Europe,Lithuania,LTU,ati_over_04,0,No
ati_over_mandate,Access to Information,Independent Oversight,NA,Global Right to Information Rating,Centre for Law and Democracy; Access Info Europe,2025,The oversight body has investigative powers,"The independent oversight body has the necessary mandate and power to perform its functions, including to review classified documents and inspect the premises of public bodies.","To meet this benchmark, the oversight body must have the mandate and power to:

1) review classified documents;
2) inspect the premises of public bodies.

Oversight bodies that meet only one of the two criteria receive a Partial score.",Africa and the Middle East,Malawi,MWI,ati_over_04,2,Yes
ati_over_mandate,Access to Information,Independent Oversight,NA,Global Right to Information Rating,Centre for Law and Democracy; Access Info Europe,2025,The oversight body has investigative powers,"The independent oversight body has the necessary mandate and power to perform its functions, including to review classified documents and inspect the premises of public bodies.","To meet this benchmark, the oversight body must have the mandate and power to:

1) review classified documents;
2) inspect the premises of public bodies.

Oversight bodies that meet only one of the two criteria receive a Partial score.",Asia and the Pacific,Maldives,MDV,ati_over_04,2,Yes
ati_over_mandate,Access to Information,Independent Oversight,NA,Global Right to Information Rating,Centre for Law and Democracy; Access Info Europe,2025,The oversight body has investigative powers,"The independent oversight body has the necessary mandate and power to perform its functions, including to review classified documents and inspect the premises of public bodies.","To meet this benchmark, the oversight body must have the mandate and power to:

1) review classified documents;
2) inspect the premises of public bodies.

Oversight bodies that meet only one of the two criteria receive a Partial score.",Europe,Malta,MLT,ati_over_04,0,No
ati_over_mandate,Access to Information,Independent Oversight,NA,Global Right to Information Rating,Centre for Law and Democracy; Access Info Europe,2025,The oversight body has investigative powers,"The independent oversight body has the necessary mandate and power to perform its functions, including to review classified documents and inspect the premises of public bodies.","To meet this benchmark, the oversight body must have the mandate and power to:

1) review classified documents;
2) inspect the premises of public bodies.

Oversight bodies that meet only one of the two criteria receive a Partial score.",Americas,Mexico,MEX,ati_over_04,1,Partial
ati_over_mandate,Access to Information,Independent Oversight,NA,Global Right to Information Rating,Centre for Law and Democracy; Access Info Europe,2025,The oversight body has investigative powers,"The independent oversight body has the necessary mandate and power to perform its functions, including to review classified documents and inspect the premises of public bodies.","To meet this benchmark, the oversight body must have the mandate and power to:

1) review classified documents;
2) inspect the premises of public bodies.

Oversight bodies that meet only one of the two criteria receive a Partial score.",Europe,Republic of Moldova,MDA,ati_over_04,1,Partial
ati_over_mandate,Access to Information,Independent Oversight,NA,Global Right to Information Rating,Centre for Law and Democracy; Access Info Europe,2025,The oversight body has investigative powers,"The independent oversight body has the necessary mandate and power to perform its functions, including to review classified documents and inspect the premises of public bodies.","To meet this benchmark, the oversight body must have the mandate and power to:

1) review classified documents;
2) inspect the premises of public bodies.

Oversight bodies that meet only one of the two criteria receive a Partial score.",Asia and the Pacific,Mongolia,MNG,ati_over_04,2,Yes
ati_over_mandate,Access to Information,Independent Oversight,NA,Global Right to Information Rating,Centre for Law and Democracy; Access Info Europe,2025,The oversight body has investigative powers,"The independent oversight body has the necessary mandate and power to perform its functions, including to review classified documents and inspect the premises of public bodies.","To meet this benchmark, the oversight body must have the mandate and power to:

1) review classified documents;
2) inspect the premises of public bodies.

Oversight bodies that meet only one of the two criteria receive a Partial score.",Europe,Montenegro,MNE,ati_over_04,0,No
ati_over_mandate,Access to Information,Independent Oversight,NA,Global Right to Information Rating,Centre for Law and Democracy; Access Info Europe,2025,The oversight body has investigative powers,"The independent oversight body has the necessary mandate and power to perform its functions, including to review classified documents and inspect the premises of public bodies.","To meet this benchmark, the oversight body must have the mandate and power to:

1) review classified documents;
2) inspect the premises of public bodies.

Oversight bodies that meet only one of the two criteria receive a Partial score.",Africa and the Middle East,Morocco,MAR,ati_over_04,0,No
ati_over_mandate,Access to Information,Independent Oversight,NA,Global Right to Information Rating,Centre for Law and Democracy; Access Info Europe,2025,The oversight body has investigative powers,"The independent oversight body has the necessary mandate and power to perform its functions, including to review classified documents and inspect the premises of public bodies.","To meet this benchmark, the oversight body must have the mandate and power to:

1) review classified documents;
2) inspect the premises of public bodies.

Oversight bodies that meet only one of the two criteria receive a Partial score.",Europe,Netherlands,NLD,ati_over_04,0,No
ati_over_mandate,Access to Information,Independent Oversight,NA,Global Right to Information Rating,Centre for Law and Democracy; Access Info Europe,2025,The oversight body has investigative powers,"The independent oversight body has the necessary mandate and power to perform its functions, including to review classified documents and inspect the premises of public bodies.","To meet this benchmark, the oversight body must have the mandate and power to:

1) review classified documents;
2) inspect the premises of public bodies.

Oversight bodies that meet only one of the two criteria receive a Partial score.",Asia and the Pacific,New Zealand,NZL,ati_over_04,2,Yes
ati_over_mandate,Access to Information,Independent Oversight,NA,Global Right to Information Rating,Centre for Law and Democracy; Access Info Europe,2025,The oversight body has investigative powers,"The independent oversight body has the necessary mandate and power to perform its functions, including to review classified documents and inspect the premises of public bodies.","To meet this benchmark, the oversight body must have the mandate and power to:

1) review classified documents;
2) inspect the premises of public bodies.

Oversight bodies that meet only one of the two criteria receive a Partial score.",Africa and the Middle East,Nigeria,NGA,ati_over_04,0,No
ati_over_mandate,Access to Information,Independent Oversight,NA,Global Right to Information Rating,Centre for Law and Democracy; Access Info Europe,2025,The oversight body has investigative powers,"The independent oversight body has the necessary mandate and power to perform its functions, including to review classified documents and inspect the premises of public bodies.","To meet this benchmark, the oversight body must have the mandate and power to:

1) review classified documents;
2) inspect the premises of public bodies.

Oversight bodies that meet only one of the two criteria receive a Partial score.",Europe,North Macedonia,MKD,ati_over_04,0,No
ati_over_mandate,Access to Information,Independent Oversight,NA,Global Right to Information Rating,Centre for Law and Democracy; Access Info Europe,2025,The oversight body has investigative powers,"The independent oversight body has the necessary mandate and power to perform its functions, including to review classified documents and inspect the premises of public bodies.","To meet this benchmark, the oversight body must have the mandate and power to:

1) review classified documents;
2) inspect the premises of public bodies.

Oversight bodies that meet only one of the two criteria receive a Partial score.",Europe,Norway,NOR,ati_over_04,2,Yes
ati_over_mandate,Access to Information,Independent Oversight,NA,Global Right to Information Rating,Centre for Law and Democracy; Access Info Europe,2025,The oversight body has investigative powers,"The independent oversight body has the necessary mandate and power to perform its functions, including to review classified documents and inspect the premises of public bodies.","To meet this benchmark, the oversight body must have the mandate and power to:

1) review classified documents;
2) inspect the premises of public bodies.

Oversight bodies that meet only one of the two criteria receive a Partial score.",Americas,Panama,PAN,ati_over_04,0,No
ati_over_mandate,Access to Information,Independent Oversight,NA,Global Right to Information Rating,Centre for Law and Democracy; Access Info Europe,2025,The oversight body has investigative powers,"The independent oversight body has the necessary mandate and power to perform its functions, including to review classified documents and inspect the premises of public bodies.","To meet this benchmark, the oversight body must have the mandate and power to:

1) review classified documents;
2) inspect the premises of public bodies.

Oversight bodies that meet only one of the two criteria receive a Partial score.",Americas,Paraguay,PRY,ati_over_04,0,No
ati_over_mandate,Access to Information,Independent Oversight,NA,Global Right to Information Rating,Centre for Law and Democracy; Access Info Europe,2025,The oversight body has investigative powers,"The independent oversight body has the necessary mandate and power to perform its functions, including to review classified documents and inspect the premises of public bodies.","To meet this benchmark, the oversight body must have the mandate and power to:

1) review classified documents;
2) inspect the premises of public bodies.

Oversight bodies that meet only one of the two criteria receive a Partial score.",Americas,Peru,PER,ati_over_04,0,No
ati_over_mandate,Access to Information,Independent Oversight,NA,Global Right to Information Rating,Centre for Law and Democracy; Access Info Europe,2025,The oversight body has investigative powers,"The independent oversight body has the necessary mandate and power to perform its functions, including to review classified documents and inspect the premises of public bodies.","To meet this benchmark, the oversight body must have the mandate and power to:

1) review classified documents;
2) inspect the premises of public bodies.

Oversight bodies that meet only one of the two criteria receive a Partial score.",Asia and the Pacific,Philippines,PHL,ati_over_04,0,No
ati_over_mandate,Access to Information,Independent Oversight,NA,Global Right to Information Rating,Centre for Law and Democracy; Access Info Europe,2025,The oversight body has investigative powers,"The independent oversight body has the necessary mandate and power to perform its functions, including to review classified documents and inspect the premises of public bodies.","To meet this benchmark, the oversight body must have the mandate and power to:

1) review classified documents;
2) inspect the premises of public bodies.

Oversight bodies that meet only one of the two criteria receive a Partial score.",Europe,Portugal,PRT,ati_over_04,0,No
ati_over_mandate,Access to Information,Independent Oversight,NA,Global Right to Information Rating,Centre for Law and Democracy; Access Info Europe,2025,The oversight body has investigative powers,"The independent oversight body has the necessary mandate and power to perform its functions, including to review classified documents and inspect the premises of public bodies.","To meet this benchmark, the oversight body must have the mandate and power to:

1) review classified documents;
2) inspect the premises of public bodies.

Oversight bodies that meet only one of the two criteria receive a Partial score.",Europe,Romania,ROU,ati_over_04,0,No
ati_over_mandate,Access to Information,Independent Oversight,NA,Global Right to Information Rating,Centre for Law and Democracy; Access Info Europe,2025,The oversight body has investigative powers,"The independent oversight body has the necessary mandate and power to perform its functions, including to review classified documents and inspect the premises of public bodies.","To meet this benchmark, the oversight body must have the mandate and power to:

1) review classified documents;
2) inspect the premises of public bodies.

Oversight bodies that meet only one of the two criteria receive a Partial score.",Africa and the Middle East,Senegal,SEN,ati_over_04,0,No
ati_over_mandate,Access to Information,Independent Oversight,NA,Global Right to Information Rating,Centre for Law and Democracy; Access Info Europe,2025,The oversight body has investigative powers,"The independent oversight body has the necessary mandate and power to perform its functions, including to review classified documents and inspect the premises of public bodies.","To meet this benchmark, the oversight body must have the mandate and power to:

1) review classified documents;
2) inspect the premises of public bodies.

Oversight bodies that meet only one of the two criteria receive a Partial score.",Europe,Serbia,SRB,ati_over_04,2,Yes
ati_over_mandate,Access to Information,Independent Oversight,NA,Global Right to Information Rating,Centre for Law and Democracy; Access Info Europe,2025,The oversight body has investigative powers,"The independent oversight body has the necessary mandate and power to perform its functions, including to review classified documents and inspect the premises of public bodies.","To meet this benchmark, the oversight body must have the mandate and power to:

1) review classified documents;
2) inspect the premises of public bodies.

Oversight bodies that meet only one of the two criteria receive a Partial score.",Africa and the Middle East,Seychelles,SYC,ati_over_04,1,Partial
ati_over_mandate,Access to Information,Independent Oversight,NA,Global Right to Information Rating,Centre for Law and Democracy; Access Info Europe,2025,The oversight body has investigative powers,"The independent oversight body has the necessary mandate and power to perform its functions, including to review classified documents and inspect the premises of public bodies.","To meet this benchmark, the oversight body must have the mandate and power to:

1) review classified documents;
2) inspect the premises of public bodies.

Oversight bodies that meet only one of the two criteria receive a Partial score.",Africa and the Middle East,Sierra Leone,SLE,ati_over_04,2,Yes
ati_over_mandate,Access to Information,Independent Oversight,NA,Global Right to Information Rating,Centre for Law and Democracy; Access Info Europe,2025,The oversight body has investigative powers,"The independent oversight body has the necessary mandate and power to perform its functions, including to review classified documents and inspect the premises of public bodies.","To meet this benchmark, the oversight body must have the mandate and power to:

1) review classified documents;
2) inspect the premises of public bodies.

Oversight bodies that meet only one of the two criteria receive a Partial score.",Europe,Slovakia,SVK,ati_over_04,0,No
ati_over_mandate,Access to Information,Independent Oversight,NA,Global Right to Information Rating,Centre for Law and Democracy; Access Info Europe,2025,The oversight body has investigative powers,"The independent oversight body has the necessary mandate and power to perform its functions, including to review classified documents and inspect the premises of public bodies.","To meet this benchmark, the oversight body must have the mandate and power to:

1) review classified documents;
2) inspect the premises of public bodies.

Oversight bodies that meet only one of the two criteria receive a Partial score.",Africa and the Middle East,South Africa,ZAF,ati_over_04,2,Yes
ati_over_mandate,Access to Information,Independent Oversight,NA,Global Right to Information Rating,Centre for Law and Democracy; Access Info Europe,2025,The oversight body has investigative powers,"The independent oversight body has the necessary mandate and power to perform its functions, including to review classified documents and inspect the premises of public bodies.","To meet this benchmark, the oversight body must have the mandate and power to:

1) review classified documents;
2) inspect the premises of public bodies.

Oversight bodies that meet only one of the two criteria receive a Partial score.",Asia and the Pacific,Republic of Korea,KOR,ati_over_04,2,Yes
ati_over_mandate,Access to Information,Independent Oversight,NA,Global Right to Information Rating,Centre for Law and Democracy; Access Info Europe,2025,The oversight body has investigative powers,"The independent oversight body has the necessary mandate and power to perform its functions, including to review classified documents and inspect the premises of public bodies.","To meet this benchmark, the oversight body must have the mandate and power to:

1) review classified documents;
2) inspect the premises of public bodies.

Oversight bodies that meet only one of the two criteria receive a Partial score.",Europe,Spain,ESP,ati_over_04,1,Partial
ati_over_mandate,Access to Information,Independent Oversight,NA,Global Right to Information Rating,Centre for Law and Democracy; Access Info Europe,2025,The oversight body has investigative powers,"The independent oversight body has the necessary mandate and power to perform its functions, including to review classified documents and inspect the premises of public bodies.","To meet this benchmark, the oversight body must have the mandate and power to:

1) review classified documents;
2) inspect the premises of public bodies.

Oversight bodies that meet only one of the two criteria receive a Partial score.",Europe,Sweden,SWE,ati_over_04,2,Yes
ati_over_mandate,Access to Information,Independent Oversight,NA,Global Right to Information Rating,Centre for Law and Democracy; Access Info Europe,2025,The oversight body has investigative powers,"The independent oversight body has the necessary mandate and power to perform its functions, including to review classified documents and inspect the premises of public bodies.","To meet this benchmark, the oversight body must have the mandate and power to:

1) review classified documents;
2) inspect the premises of public bodies.

Oversight bodies that meet only one of the two criteria receive a Partial score.",Asia and the Pacific,Thailand,THA,ati_over_04,2,Yes
ati_over_mandate,Access to Information,Independent Oversight,NA,Global Right to Information Rating,Centre for Law and Democracy; Access Info Europe,2025,The oversight body has investigative powers,"The independent oversight body has the necessary mandate and power to perform its functions, including to review classified documents and inspect the premises of public bodies.","To meet this benchmark, the oversight body must have the mandate and power to:

1) review classified documents;
2) inspect the premises of public bodies.

Oversight bodies that meet only one of the two criteria receive a Partial score.",Africa and the Middle East,Tunisia,TUN,ati_over_04,2,Yes
ati_over_mandate,Access to Information,Independent Oversight,NA,Global Right to Information Rating,Centre for Law and Democracy; Access Info Europe,2025,The oversight body has investigative powers,"The independent oversight body has the necessary mandate and power to perform its functions, including to review classified documents and inspect the premises of public bodies.","To meet this benchmark, the oversight body must have the mandate and power to:

1) review classified documents;
2) inspect the premises of public bodies.

Oversight bodies that meet only one of the two criteria receive a Partial score.",Europe,Ukraine,UKR,ati_over_04,2,Yes
ati_over_mandate,Access to Information,Independent Oversight,NA,Global Right to Information Rating,Centre for Law and Democracy; Access Info Europe,2025,The oversight body has investigative powers,"The independent oversight body has the necessary mandate and power to perform its functions, including to review classified documents and inspect the premises of public bodies.","To meet this benchmark, the oversight body must have the mandate and power to:

1) review classified documents;
2) inspect the premises of public bodies.

Oversight bodies that meet only one of the two criteria receive a Partial score.",Europe,United Kingdom,GBR,ati_over_04,1,Partial
ati_over_mandate,Access to Information,Independent Oversight,NA,Global Right to Information Rating,Centre for Law and Democracy; Access Info Europe,2025,The oversight body has investigative powers,"The independent oversight body has the necessary mandate and power to perform its functions, including to review classified documents and inspect the premises of public bodies.","To meet this benchmark, the oversight body must have the mandate and power to:

1) review classified documents;
2) inspect the premises of public bodies.

Oversight bodies that meet only one of the two criteria receive a Partial score.",Americas,Uruguay,URY,ati_over_04,0,No
ati_over_mandate,Access to Information,Independent Oversight,NA,Global Right to Information Rating,Centre for Law and Democracy; Access Info Europe,2025,The oversight body has investigative powers,"The independent oversight body has the necessary mandate and power to perform its functions, including to review classified documents and inspect the premises of public bodies.","To meet this benchmark, the oversight body must have the mandate and power to:

1) review classified documents;
2) inspect the premises of public bodies.

Oversight bodies that meet only one of the two criteria receive a Partial score.",Africa and the Middle East,Zambia,ZMB,ati_over_04,2,Yes
ati_over_remedies,Access to Information,Independent Oversight,NA,Global Right to Information Rating,Centre for Law and Democracy; Access Info Europe,2025,The oversight body can order the declassification of information,"In deciding an appeal, the independent oversight body has the power to order appropriate remedies for the requester, including the declassification of information.",,Europe,Albania,ALB,ati_over_05,1,Partial
ati_over_remedies,Access to Information,Independent Oversight,NA,Global Right to Information Rating,Centre for Law and Democracy; Access Info Europe,2025,The oversight body can order the declassification of information,"In deciding an appeal, the independent oversight body has the power to order appropriate remedies for the requester, including the declassification of information.",,Americas,Argentina,ARG,ati_over_05,0,No
ati_over_remedies,Access to Information,Independent Oversight,NA,Global Right to Information Rating,Centre for Law and Democracy; Access Info Europe,2025,The oversight body can order the declassification of information,"In deciding an appeal, the independent oversight body has the power to order appropriate remedies for the requester, including the declassification of information.",,Europe,Armenia,ARM,ati_over_05,2,Yes
ati_over_remedies,Access to Information,Independent Oversight,NA,Global Right to Information Rating,Centre for Law and Democracy; Access Info Europe,2025,The oversight body can order the declassification of information,"In deciding an appeal, the independent oversight body has the power to order appropriate remedies for the requester, including the declassification of information.",,Asia and the Pacific,Australia,AUS,ati_over_05,2,Yes
ati_over_remedies,Access to Information,Independent Oversight,NA,Global Right to Information Rating,Centre for Law and Democracy; Access Info Europe,2025,The oversight body can order the declassification of information,"In deciding an appeal, the independent oversight body has the power to order appropriate remedies for the requester, including the declassification of information.",,Africa and the Middle East,Benin,BEN,ati_over_05,1,Partial
ati_over_remedies,Access to Information,Independent Oversight,NA,Global Right to Information Rating,Centre for Law and Democracy; Access Info Europe,2025,The oversight body can order the declassification of information,"In deciding an appeal, the independent oversight body has the power to order appropriate remedies for the requester, including the declassification of information.",,Europe,Bosnia and Herzegovina,BIH,ati_over_05,0,No
ati_over_remedies,Access to Information,Independent Oversight,NA,Global Right to Information Rating,Centre for Law and Democracy; Access Info Europe,2025,The oversight body can order the declassification of information,"In deciding an appeal, the independent oversight body has the power to order appropriate remedies for the requester, including the declassification of information.",,Americas,Brazil,BRA,ati_over_05,2,Yes
ati_over_remedies,Access to Information,Independent Oversight,NA,Global Right to Information Rating,Centre for Law and Democracy; Access Info Europe,2025,The oversight body can order the declassification of information,"In deciding an appeal, the independent oversight body has the power to order appropriate remedies for the requester, including the declassification of information.",,Europe,Bulgaria,BGR,ati_over_05,0,No
ati_over_remedies,Access to Information,Independent Oversight,NA,Global Right to Information Rating,Centre for Law and Democracy; Access Info Europe,2025,The oversight body can order the declassification of information,"In deciding an appeal, the independent oversight body has the power to order appropriate remedies for the requester, including the declassification of information.",,Africa and the Middle East,Burkina Faso,BFA,ati_over_05,0,No
ati_over_remedies,Access to Information,Independent Oversight,NA,Global Right to Information Rating,Centre for Law and Democracy; Access Info Europe,2025,The oversight body can order the declassification of information,"In deciding an appeal, the independent oversight body has the power to order appropriate remedies for the requester, including the declassification of information.",,Americas,Canada,CAN,ati_over_05,2,Yes
ati_over_remedies,Access to Information,Independent Oversight,NA,Global Right to Information Rating,Centre for Law and Democracy; Access Info Europe,2025,The oversight body can order the declassification of information,"In deciding an appeal, the independent oversight body has the power to order appropriate remedies for the requester, including the declassification of information.",,Africa and the Middle East,Cabo Verde,CPV,ati_over_05,0,No
ati_over_remedies,Access to Information,Independent Oversight,NA,Global Right to Information Rating,Centre for Law and Democracy; Access Info Europe,2025,The oversight body can order the declassification of information,"In deciding an appeal, the independent oversight body has the power to order appropriate remedies for the requester, including the declassification of information.",,Americas,Chile,CHL,ati_over_05,2,Yes
ati_over_remedies,Access to Information,Independent Oversight,NA,Global Right to Information Rating,Centre for Law and Democracy; Access Info Europe,2025,The oversight body can order the declassification of information,"In deciding an appeal, the independent oversight body has the power to order appropriate remedies for the requester, including the declassification of information.",,Americas,Colombia,COL,ati_over_05,0,No
ati_over_remedies,Access to Information,Independent Oversight,NA,Global Right to Information Rating,Centre for Law and Democracy; Access Info Europe,2025,The oversight body can order the declassification of information,"In deciding an appeal, the independent oversight body has the power to order appropriate remedies for the requester, including the declassification of information.",,Americas,Costa Rica,CRI,ati_over_05,0,No
ati_over_remedies,Access to Information,Independent Oversight,NA,Global Right to Information Rating,Centre for Law and Democracy; Access Info Europe,2025,The oversight body can order the declassification of information,"In deciding an appeal, the independent oversight body has the power to order appropriate remedies for the requester, including the declassification of information.",,Europe,Croatia,HRV,ati_over_05,1,Partial
ati_over_remedies,Access to Information,Independent Oversight,NA,Global Right to Information Rating,Centre for Law and Democracy; Access Info Europe,2025,The oversight body can order the declassification of information,"In deciding an appeal, the independent oversight body has the power to order appropriate remedies for the requester, including the declassification of information.",,Europe,Czech Republic,CZE,ati_over_05,0,No
ati_over_remedies,Access to Information,Independent Oversight,NA,Global Right to Information Rating,Centre for Law and Democracy; Access Info Europe,2025,The oversight body can order the declassification of information,"In deciding an appeal, the independent oversight body has the power to order appropriate remedies for the requester, including the declassification of information.",,Americas,Dominican Republic,DOM,ati_over_05,0,No
ati_over_remedies,Access to Information,Independent Oversight,NA,Global Right to Information Rating,Centre for Law and Democracy; Access Info Europe,2025,The oversight body can order the declassification of information,"In deciding an appeal, the independent oversight body has the power to order appropriate remedies for the requester, including the declassification of information.",,Asia and the Pacific,Timor-Leste,TLS,ati_over_05,0,No
ati_over_remedies,Access to Information,Independent Oversight,NA,Global Right to Information Rating,Centre for Law and Democracy; Access Info Europe,2025,The oversight body can order the declassification of information,"In deciding an appeal, the independent oversight body has the power to order appropriate remedies for the requester, including the declassification of information.",,Americas,Ecuador,ECU,ati_over_05,0,No
ati_over_remedies,Access to Information,Independent Oversight,NA,Global Right to Information Rating,Centre for Law and Democracy; Access Info Europe,2025,The oversight body can order the declassification of information,"In deciding an appeal, the independent oversight body has the power to order appropriate remedies for the requester, including the declassification of information.",,Europe,Estonia,EST,ati_over_05,1,Partial
ati_over_remedies,Access to Information,Independent Oversight,NA,Global Right to Information Rating,Centre for Law and Democracy; Access Info Europe,2025,The oversight body can order the declassification of information,"In deciding an appeal, the independent oversight body has the power to order appropriate remedies for the requester, including the declassification of information.",,Europe,Finland,FIN,ati_over_05,2,Yes
ati_over_remedies,Access to Information,Independent Oversight,NA,Global Right to Information Rating,Centre for Law and Democracy; Access Info Europe,2025,The oversight body can order the declassification of information,"In deciding an appeal, the independent oversight body has the power to order appropriate remedies for the requester, including the declassification of information.",,Europe,France,FRA,ati_over_05,0,No
ati_over_remedies,Access to Information,Independent Oversight,NA,Global Right to Information Rating,Centre for Law and Democracy; Access Info Europe,2025,The oversight body can order the declassification of information,"In deciding an appeal, the independent oversight body has the power to order appropriate remedies for the requester, including the declassification of information.",,Europe,Germany,DEU,ati_over_05,0,No
ati_over_remedies,Access to Information,Independent Oversight,NA,Global Right to Information Rating,Centre for Law and Democracy; Access Info Europe,2025,The oversight body can order the declassification of information,"In deciding an appeal, the independent oversight body has the power to order appropriate remedies for the requester, including the declassification of information.",,Africa and the Middle East,Ghana,GHA,ati_over_05,2,Yes
ati_over_remedies,Access to Information,Independent Oversight,NA,Global Right to Information Rating,Centre for Law and Democracy; Access Info Europe,2025,The oversight body can order the declassification of information,"In deciding an appeal, the independent oversight body has the power to order appropriate remedies for the requester, including the declassification of information.",,Europe,Greece,GRC,ati_over_05,0,No
ati_over_remedies,Access to Information,Independent Oversight,NA,Global Right to Information Rating,Centre for Law and Democracy; Access Info Europe,2025,The oversight body can order the declassification of information,"In deciding an appeal, the independent oversight body has the power to order appropriate remedies for the requester, including the declassification of information.",,Americas,Guatemala,GTM,ati_over_05,0,No
ati_over_remedies,Access to Information,Independent Oversight,NA,Global Right to Information Rating,Centre for Law and Democracy; Access Info Europe,2025,The oversight body can order the declassification of information,"In deciding an appeal, the independent oversight body has the power to order appropriate remedies for the requester, including the declassification of information.",,Americas,Honduras,HND,ati_over_05,2,Yes
ati_over_remedies,Access to Information,Independent Oversight,NA,Global Right to Information Rating,Centre for Law and Democracy; Access Info Europe,2025,The oversight body can order the declassification of information,"In deciding an appeal, the independent oversight body has the power to order appropriate remedies for the requester, including the declassification of information.",,Asia and the Pacific,Indonesia,IDN,ati_over_05,2,Yes
ati_over_remedies,Access to Information,Independent Oversight,NA,Global Right to Information Rating,Centre for Law and Democracy; Access Info Europe,2025,The oversight body can order the declassification of information,"In deciding an appeal, the independent oversight body has the power to order appropriate remedies for the requester, including the declassification of information.",,Europe,Ireland,IRL,ati_over_05,2,Yes
ati_over_remedies,Access to Information,Independent Oversight,NA,Global Right to Information Rating,Centre for Law and Democracy; Access Info Europe,2025,The oversight body can order the declassification of information,"In deciding an appeal, the independent oversight body has the power to order appropriate remedies for the requester, including the declassification of information.",,Europe,Italy,ITA,ati_over_05,0,No
ati_over_remedies,Access to Information,Independent Oversight,NA,Global Right to Information Rating,Centre for Law and Democracy; Access Info Europe,2025,The oversight body can order the declassification of information,"In deciding an appeal, the independent oversight body has the power to order appropriate remedies for the requester, including the declassification of information.",,Africa and the Middle East,Cote d'Ivoire,CIV,ati_over_05,1,Partial
ati_over_remedies,Access to Information,Independent Oversight,NA,Global Right to Information Rating,Centre for Law and Democracy; Access Info Europe,2025,The oversight body can order the declassification of information,"In deciding an appeal, the independent oversight body has the power to order appropriate remedies for the requester, including the declassification of information.",,Americas,Jamaica,JAM,ati_over_05,0,No
ati_over_remedies,Access to Information,Independent Oversight,NA,Global Right to Information Rating,Centre for Law and Democracy; Access Info Europe,2025,The oversight body can order the declassification of information,"In deciding an appeal, the independent oversight body has the power to order appropriate remedies for the requester, including the declassification of information.",,Africa and the Middle East,Jordan,JOR,ati_over_05,1,Partial
ati_over_remedies,Access to Information,Independent Oversight,NA,Global Right to Information Rating,Centre for Law and Democracy; Access Info Europe,2025,The oversight body can order the declassification of information,"In deciding an appeal, the independent oversight body has the power to order appropriate remedies for the requester, including the declassification of information.",,Africa and the Middle East,Kenya,KEN,ati_over_05,2,Yes
ati_over_remedies,Access to Information,Independent Oversight,NA,Global Right to Information Rating,Centre for Law and Democracy; Access Info Europe,2025,The oversight body can order the declassification of information,"In deciding an appeal, the independent oversight body has the power to order appropriate remedies for the requester, including the declassification of information.",,Europe,Kosovo,XKX,ati_over_05,2,Yes
ati_over_remedies,Access to Information,Independent Oversight,NA,Global Right to Information Rating,Centre for Law and Democracy; Access Info Europe,2025,The oversight body can order the declassification of information,"In deciding an appeal, the independent oversight body has the power to order appropriate remedies for the requester, including the declassification of information.",,Europe,Latvia,LVA,ati_over_05,0,No
ati_over_remedies,Access to Information,Independent Oversight,NA,Global Right to Information Rating,Centre for Law and Democracy; Access Info Europe,2025,The oversight body can order the declassification of information,"In deciding an appeal, the independent oversight body has the power to order appropriate remedies for the requester, including the declassification of information.",,Africa and the Middle East,Liberia,LBR,ati_over_05,2,Yes
ati_over_remedies,Access to Information,Independent Oversight,NA,Global Right to Information Rating,Centre for Law and Democracy; Access Info Europe,2025,The oversight body can order the declassification of information,"In deciding an appeal, the independent oversight body has the power to order appropriate remedies for the requester, including the declassification of information.",,Europe,Lithuania,LTU,ati_over_05,0,No
ati_over_remedies,Access to Information,Independent Oversight,NA,Global Right to Information Rating,Centre for Law and Democracy; Access Info Europe,2025,The oversight body can order the declassification of information,"In deciding an appeal, the independent oversight body has the power to order appropriate remedies for the requester, including the declassification of information.",,Africa and the Middle East,Malawi,MWI,ati_over_05,1,Partial
ati_over_remedies,Access to Information,Independent Oversight,NA,Global Right to Information Rating,Centre for Law and Democracy; Access Info Europe,2025,The oversight body can order the declassification of information,"In deciding an appeal, the independent oversight body has the power to order appropriate remedies for the requester, including the declassification of information.",,Asia and the Pacific,Maldives,MDV,ati_over_05,2,Yes
ati_over_remedies,Access to Information,Independent Oversight,NA,Global Right to Information Rating,Centre for Law and Democracy; Access Info Europe,2025,The oversight body can order the declassification of information,"In deciding an appeal, the independent oversight body has the power to order appropriate remedies for the requester, including the declassification of information.",,Europe,Malta,MLT,ati_over_05,1,Partial
ati_over_remedies,Access to Information,Independent Oversight,NA,Global Right to Information Rating,Centre for Law and Democracy; Access Info Europe,2025,The oversight body can order the declassification of information,"In deciding an appeal, the independent oversight body has the power to order appropriate remedies for the requester, including the declassification of information.",,Americas,Mexico,MEX,ati_over_05,2,Yes
ati_over_remedies,Access to Information,Independent Oversight,NA,Global Right to Information Rating,Centre for Law and Democracy; Access Info Europe,2025,The oversight body can order the declassification of information,"In deciding an appeal, the independent oversight body has the power to order appropriate remedies for the requester, including the declassification of information.",,Europe,Republic of Moldova,MDA,ati_over_05,0,No
ati_over_remedies,Access to Information,Independent Oversight,NA,Global Right to Information Rating,Centre for Law and Democracy; Access Info Europe,2025,The oversight body can order the declassification of information,"In deciding an appeal, the independent oversight body has the power to order appropriate remedies for the requester, including the declassification of information.",,Asia and the Pacific,Mongolia,MNG,ati_over_05,2,Yes
ati_over_remedies,Access to Information,Independent Oversight,NA,Global Right to Information Rating,Centre for Law and Democracy; Access Info Europe,2025,The oversight body can order the declassification of information,"In deciding an appeal, the independent oversight body has the power to order appropriate remedies for the requester, including the declassification of information.",,Europe,Montenegro,MNE,ati_over_05,0,No
ati_over_remedies,Access to Information,Independent Oversight,NA,Global Right to Information Rating,Centre for Law and Democracy; Access Info Europe,2025,The oversight body can order the declassification of information,"In deciding an appeal, the independent oversight body has the power to order appropriate remedies for the requester, including the declassification of information.",,Africa and the Middle East,Morocco,MAR,ati_over_05,0,No
ati_over_remedies,Access to Information,Independent Oversight,NA,Global Right to Information Rating,Centre for Law and Democracy; Access Info Europe,2025,The oversight body can order the declassification of information,"In deciding an appeal, the independent oversight body has the power to order appropriate remedies for the requester, including the declassification of information.",,Europe,Netherlands,NLD,ati_over_05,0,No
ati_over_remedies,Access to Information,Independent Oversight,NA,Global Right to Information Rating,Centre for Law and Democracy; Access Info Europe,2025,The oversight body can order the declassification of information,"In deciding an appeal, the independent oversight body has the power to order appropriate remedies for the requester, including the declassification of information.",,Asia and the Pacific,New Zealand,NZL,ati_over_05,1,Partial
ati_over_remedies,Access to Information,Independent Oversight,NA,Global Right to Information Rating,Centre for Law and Democracy; Access Info Europe,2025,The oversight body can order the declassification of information,"In deciding an appeal, the independent oversight body has the power to order appropriate remedies for the requester, including the declassification of information.",,Africa and the Middle East,Nigeria,NGA,ati_over_05,0,No
ati_over_remedies,Access to Information,Independent Oversight,NA,Global Right to Information Rating,Centre for Law and Democracy; Access Info Europe,2025,The oversight body can order the declassification of information,"In deciding an appeal, the independent oversight body has the power to order appropriate remedies for the requester, including the declassification of information.",,Europe,North Macedonia,MKD,ati_over_05,0,No
ati_over_remedies,Access to Information,Independent Oversight,NA,Global Right to Information Rating,Centre for Law and Democracy; Access Info Europe,2025,The oversight body can order the declassification of information,"In deciding an appeal, the independent oversight body has the power to order appropriate remedies for the requester, including the declassification of information.",,Europe,Norway,NOR,ati_over_05,2,Yes
ati_over_remedies,Access to Information,Independent Oversight,NA,Global Right to Information Rating,Centre for Law and Democracy; Access Info Europe,2025,The oversight body can order the declassification of information,"In deciding an appeal, the independent oversight body has the power to order appropriate remedies for the requester, including the declassification of information.",,Americas,Panama,PAN,ati_over_05,2,Yes
ati_over_remedies,Access to Information,Independent Oversight,NA,Global Right to Information Rating,Centre for Law and Democracy; Access Info Europe,2025,The oversight body can order the declassification of information,"In deciding an appeal, the independent oversight body has the power to order appropriate remedies for the requester, including the declassification of information.",,Americas,Paraguay,PRY,ati_over_05,0,No
ati_over_remedies,Access to Information,Independent Oversight,NA,Global Right to Information Rating,Centre for Law and Democracy; Access Info Europe,2025,The oversight body can order the declassification of information,"In deciding an appeal, the independent oversight body has the power to order appropriate remedies for the requester, including the declassification of information.",,Americas,Peru,PER,ati_over_05,0,No
ati_over_remedies,Access to Information,Independent Oversight,NA,Global Right to Information Rating,Centre for Law and Democracy; Access Info Europe,2025,The oversight body can order the declassification of information,"In deciding an appeal, the independent oversight body has the power to order appropriate remedies for the requester, including the declassification of information.",,Asia and the Pacific,Philippines,PHL,ati_over_05,0,No
ati_over_remedies,Access to Information,Independent Oversight,NA,Global Right to Information Rating,Centre for Law and Democracy; Access Info Europe,2025,The oversight body can order the declassification of information,"In deciding an appeal, the independent oversight body has the power to order appropriate remedies for the requester, including the declassification of information.",,Europe,Portugal,PRT,ati_over_05,0,No
ati_over_remedies,Access to Information,Independent Oversight,NA,Global Right to Information Rating,Centre for Law and Democracy; Access Info Europe,2025,The oversight body can order the declassification of information,"In deciding an appeal, the independent oversight body has the power to order appropriate remedies for the requester, including the declassification of information.",,Europe,Romania,ROU,ati_over_05,0,No
ati_over_remedies,Access to Information,Independent Oversight,NA,Global Right to Information Rating,Centre for Law and Democracy; Access Info Europe,2025,The oversight body can order the declassification of information,"In deciding an appeal, the independent oversight body has the power to order appropriate remedies for the requester, including the declassification of information.",,Africa and the Middle East,Senegal,SEN,ati_over_05,0,No
ati_over_remedies,Access to Information,Independent Oversight,NA,Global Right to Information Rating,Centre for Law and Democracy; Access Info Europe,2025,The oversight body can order the declassification of information,"In deciding an appeal, the independent oversight body has the power to order appropriate remedies for the requester, including the declassification of information.",,Europe,Serbia,SRB,ati_over_05,2,Yes
ati_over_remedies,Access to Information,Independent Oversight,NA,Global Right to Information Rating,Centre for Law and Democracy; Access Info Europe,2025,The oversight body can order the declassification of information,"In deciding an appeal, the independent oversight body has the power to order appropriate remedies for the requester, including the declassification of information.",,Africa and the Middle East,Seychelles,SYC,ati_over_05,2,Yes
ati_over_remedies,Access to Information,Independent Oversight,NA,Global Right to Information Rating,Centre for Law and Democracy; Access Info Europe,2025,The oversight body can order the declassification of information,"In deciding an appeal, the independent oversight body has the power to order appropriate remedies for the requester, including the declassification of information.",,Africa and the Middle East,Sierra Leone,SLE,ati_over_05,2,Yes
ati_over_remedies,Access to Information,Independent Oversight,NA,Global Right to Information Rating,Centre for Law and Democracy; Access Info Europe,2025,The oversight body can order the declassification of information,"In deciding an appeal, the independent oversight body has the power to order appropriate remedies for the requester, including the declassification of information.",,Europe,Slovakia,SVK,ati_over_05,0,No
ati_over_remedies,Access to Information,Independent Oversight,NA,Global Right to Information Rating,Centre for Law and Democracy; Access Info Europe,2025,The oversight body can order the declassification of information,"In deciding an appeal, the independent oversight body has the power to order appropriate remedies for the requester, including the declassification of information.",,Africa and the Middle East,South Africa,ZAF,ati_over_05,2,Yes
ati_over_remedies,Access to Information,Independent Oversight,NA,Global Right to Information Rating,Centre for Law and Democracy; Access Info Europe,2025,The oversight body can order the declassification of information,"In deciding an appeal, the independent oversight body has the power to order appropriate remedies for the requester, including the declassification of information.",,Asia and the Pacific,Republic of Korea,KOR,ati_over_05,2,Yes
ati_over_remedies,Access to Information,Independent Oversight,NA,Global Right to Information Rating,Centre for Law and Democracy; Access Info Europe,2025,The oversight body can order the declassification of information,"In deciding an appeal, the independent oversight body has the power to order appropriate remedies for the requester, including the declassification of information.",,Europe,Spain,ESP,ati_over_05,0,No
ati_over_remedies,Access to Information,Independent Oversight,NA,Global Right to Information Rating,Centre for Law and Democracy; Access Info Europe,2025,The oversight body can order the declassification of information,"In deciding an appeal, the independent oversight body has the power to order appropriate remedies for the requester, including the declassification of information.",,Europe,Sweden,SWE,ati_over_05,1,Partial
ati_over_remedies,Access to Information,Independent Oversight,NA,Global Right to Information Rating,Centre for Law and Democracy; Access Info Europe,2025,The oversight body can order the declassification of information,"In deciding an appeal, the independent oversight body has the power to order appropriate remedies for the requester, including the declassification of information.",,Asia and the Pacific,Thailand,THA,ati_over_05,1,Partial
ati_over_remedies,Access to Information,Independent Oversight,NA,Global Right to Information Rating,Centre for Law and Democracy; Access Info Europe,2025,The oversight body can order the declassification of information,"In deciding an appeal, the independent oversight body has the power to order appropriate remedies for the requester, including the declassification of information.",,Africa and the Middle East,Tunisia,TUN,ati_over_05,1,Partial
ati_over_remedies,Access to Information,Independent Oversight,NA,Global Right to Information Rating,Centre for Law and Democracy; Access Info Europe,2025,The oversight body can order the declassification of information,"In deciding an appeal, the independent oversight body has the power to order appropriate remedies for the requester, including the declassification of information.",,Europe,Ukraine,UKR,ati_over_05,1,Partial
ati_over_remedies,Access to Information,Independent Oversight,NA,Global Right to Information Rating,Centre for Law and Democracy; Access Info Europe,2025,The oversight body can order the declassification of information,"In deciding an appeal, the independent oversight body has the power to order appropriate remedies for the requester, including the declassification of information.",,Europe,United Kingdom,GBR,ati_over_05,2,Yes
ati_over_remedies,Access to Information,Independent Oversight,NA,Global Right to Information Rating,Centre for Law and Democracy; Access Info Europe,2025,The oversight body can order the declassification of information,"In deciding an appeal, the independent oversight body has the power to order appropriate remedies for the requester, including the declassification of information.",,Americas,Uruguay,URY,ati_over_05,0,No
ati_over_remedies,Access to Information,Independent Oversight,NA,Global Right to Information Rating,Centre for Law and Democracy; Access Info Europe,2025,The oversight body can order the declassification of information,"In deciding an appeal, the independent oversight body has the power to order appropriate remedies for the requester, including the declassification of information.",,Africa and the Middle East,Zambia,ZMB,ati_over_05,2,Yes
ati_law_requester,Access to Information,Legal Frameworks,NA,Global Right to Information Rating,Centre for Law and Democracy; Access Info Europe,2025,Everyone has the right to file requests for information,Everyone (including non-citizens and legal entities) has the right to file requests.,"To meet this benchmark, the following groups must be able to file requests for information:

1) all natural persons;
2) all legal persons.

Countries that meet only one of the two criteria receive a Partial score. If only residents/citizens may file requests, no points are given.",Europe,Albania,ALB,ati_law_01,2,Yes
ati_law_requester,Access to Information,Legal Frameworks,NA,Global Right to Information Rating,Centre for Law and Democracy; Access Info Europe,2025,Everyone has the right to file requests for information,Everyone (including non-citizens and legal entities) has the right to file requests.,"To meet this benchmark, the following groups must be able to file requests for information:

1) all natural persons;
2) all legal persons.

Countries that meet only one of the two criteria receive a Partial score. If only residents/citizens may file requests, no points are given.",Americas,Argentina,ARG,ati_law_01,2,Yes
ati_law_requester,Access to Information,Legal Frameworks,NA,Global Right to Information Rating,Centre for Law and Democracy; Access Info Europe,2025,Everyone has the right to file requests for information,Everyone (including non-citizens and legal entities) has the right to file requests.,"To meet this benchmark, the following groups must be able to file requests for information:

1) all natural persons;
2) all legal persons.

Countries that meet only one of the two criteria receive a Partial score. If only residents/citizens may file requests, no points are given.",Europe,Armenia,ARM,ati_law_01,2,Yes
ati_law_requester,Access to Information,Legal Frameworks,NA,Global Right to Information Rating,Centre for Law and Democracy; Access Info Europe,2025,Everyone has the right to file requests for information,Everyone (including non-citizens and legal entities) has the right to file requests.,"To meet this benchmark, the following groups must be able to file requests for information:

1) all natural persons;
2) all legal persons.

Countries that meet only one of the two criteria receive a Partial score. If only residents/citizens may file requests, no points are given.",Asia and the Pacific,Australia,AUS,ati_law_01,2,Yes
ati_law_requester,Access to Information,Legal Frameworks,NA,Global Right to Information Rating,Centre for Law and Democracy; Access Info Europe,2025,Everyone has the right to file requests for information,Everyone (including non-citizens and legal entities) has the right to file requests.,"To meet this benchmark, the following groups must be able to file requests for information:

1) all natural persons;
2) all legal persons.

Countries that meet only one of the two criteria receive a Partial score. If only residents/citizens may file requests, no points are given.",Africa and the Middle East,Benin,BEN,ati_law_01,0,No
ati_law_requester,Access to Information,Legal Frameworks,NA,Global Right to Information Rating,Centre for Law and Democracy; Access Info Europe,2025,Everyone has the right to file requests for information,Everyone (including non-citizens and legal entities) has the right to file requests.,"To meet this benchmark, the following groups must be able to file requests for information:

1) all natural persons;
2) all legal persons.

Countries that meet only one of the two criteria receive a Partial score. If only residents/citizens may file requests, no points are given.",Europe,Bosnia and Herzegovina,BIH,ati_law_01,2,Yes
ati_law_requester,Access to Information,Legal Frameworks,NA,Global Right to Information Rating,Centre for Law and Democracy; Access Info Europe,2025,Everyone has the right to file requests for information,Everyone (including non-citizens and legal entities) has the right to file requests.,"To meet this benchmark, the following groups must be able to file requests for information:

1) all natural persons;
2) all legal persons.

Countries that meet only one of the two criteria receive a Partial score. If only residents/citizens may file requests, no points are given.",Americas,Brazil,BRA,ati_law_01,2,Yes
ati_law_requester,Access to Information,Legal Frameworks,NA,Global Right to Information Rating,Centre for Law and Democracy; Access Info Europe,2025,Everyone has the right to file requests for information,Everyone (including non-citizens and legal entities) has the right to file requests.,"To meet this benchmark, the following groups must be able to file requests for information:

1) all natural persons;
2) all legal persons.

Countries that meet only one of the two criteria receive a Partial score. If only residents/citizens may file requests, no points are given.",Europe,Bulgaria,BGR,ati_law_01,2,Yes
ati_law_requester,Access to Information,Legal Frameworks,NA,Global Right to Information Rating,Centre for Law and Democracy; Access Info Europe,2025,Everyone has the right to file requests for information,Everyone (including non-citizens and legal entities) has the right to file requests.,"To meet this benchmark, the following groups must be able to file requests for information:

1) all natural persons;
2) all legal persons.

Countries that meet only one of the two criteria receive a Partial score. If only residents/citizens may file requests, no points are given.",Africa and the Middle East,Burkina Faso,BFA,ati_law_01,1,Partial
ati_law_requester,Access to Information,Legal Frameworks,NA,Global Right to Information Rating,Centre for Law and Democracy; Access Info Europe,2025,Everyone has the right to file requests for information,Everyone (including non-citizens and legal entities) has the right to file requests.,"To meet this benchmark, the following groups must be able to file requests for information:

1) all natural persons;
2) all legal persons.

Countries that meet only one of the two criteria receive a Partial score. If only residents/citizens may file requests, no points are given.",Americas,Canada,CAN,ati_law_01,1,Partial
ati_law_requester,Access to Information,Legal Frameworks,NA,Global Right to Information Rating,Centre for Law and Democracy; Access Info Europe,2025,Everyone has the right to file requests for information,Everyone (including non-citizens and legal entities) has the right to file requests.,"To meet this benchmark, the following groups must be able to file requests for information:

1) all natural persons;
2) all legal persons.

Countries that meet only one of the two criteria receive a Partial score. If only residents/citizens may file requests, no points are given.",Africa and the Middle East,Cabo Verde,CPV,ati_law_01,2,Yes
ati_law_requester,Access to Information,Legal Frameworks,NA,Global Right to Information Rating,Centre for Law and Democracy; Access Info Europe,2025,Everyone has the right to file requests for information,Everyone (including non-citizens and legal entities) has the right to file requests.,"To meet this benchmark, the following groups must be able to file requests for information:

1) all natural persons;
2) all legal persons.

Countries that meet only one of the two criteria receive a Partial score. If only residents/citizens may file requests, no points are given.",Americas,Chile,CHL,ati_law_01,2,Yes
ati_law_requester,Access to Information,Legal Frameworks,NA,Global Right to Information Rating,Centre for Law and Democracy; Access Info Europe,2025,Everyone has the right to file requests for information,Everyone (including non-citizens and legal entities) has the right to file requests.,"To meet this benchmark, the following groups must be able to file requests for information:

1) all natural persons;
2) all legal persons.

Countries that meet only one of the two criteria receive a Partial score. If only residents/citizens may file requests, no points are given.",Americas,Colombia,COL,ati_law_01,2,Yes
ati_law_requester,Access to Information,Legal Frameworks,NA,Global Right to Information Rating,Centre for Law and Democracy; Access Info Europe,2025,Everyone has the right to file requests for information,Everyone (including non-citizens and legal entities) has the right to file requests.,"To meet this benchmark, the following groups must be able to file requests for information:

1) all natural persons;
2) all legal persons.

Countries that meet only one of the two criteria receive a Partial score. If only residents/citizens may file requests, no points are given.",Americas,Costa Rica,CRI,ati_law_01,2,Yes
ati_law_requester,Access to Information,Legal Frameworks,NA,Global Right to Information Rating,Centre for Law and Democracy; Access Info Europe,2025,Everyone has the right to file requests for information,Everyone (including non-citizens and legal entities) has the right to file requests.,"To meet this benchmark, the following groups must be able to file requests for information:

1) all natural persons;
2) all legal persons.

Countries that meet only one of the two criteria receive a Partial score. If only residents/citizens may file requests, no points are given.",Europe,Croatia,HRV,ati_law_01,2,Yes
ati_law_requester,Access to Information,Legal Frameworks,NA,Global Right to Information Rating,Centre for Law and Democracy; Access Info Europe,2025,Everyone has the right to file requests for information,Everyone (including non-citizens and legal entities) has the right to file requests.,"To meet this benchmark, the following groups must be able to file requests for information:

1) all natural persons;
2) all legal persons.

Countries that meet only one of the two criteria receive a Partial score. If only residents/citizens may file requests, no points are given.",Europe,Czech Republic,CZE,ati_law_01,2,Yes
ati_law_requester,Access to Information,Legal Frameworks,NA,Global Right to Information Rating,Centre for Law and Democracy; Access Info Europe,2025,Everyone has the right to file requests for information,Everyone (including non-citizens and legal entities) has the right to file requests.,"To meet this benchmark, the following groups must be able to file requests for information:

1) all natural persons;
2) all legal persons.

Countries that meet only one of the two criteria receive a Partial score. If only residents/citizens may file requests, no points are given.",Americas,Dominican Republic,DOM,ati_law_01,1,Partial
ati_law_requester,Access to Information,Legal Frameworks,NA,Global Right to Information Rating,Centre for Law and Democracy; Access Info Europe,2025,Everyone has the right to file requests for information,Everyone (including non-citizens and legal entities) has the right to file requests.,"To meet this benchmark, the following groups must be able to file requests for information:

1) all natural persons;
2) all legal persons.

Countries that meet only one of the two criteria receive a Partial score. If only residents/citizens may file requests, no points are given.",Asia and the Pacific,Timor-Leste,TLS,ati_law_01,2,Yes
ati_law_requester,Access to Information,Legal Frameworks,NA,Global Right to Information Rating,Centre for Law and Democracy; Access Info Europe,2025,Everyone has the right to file requests for information,Everyone (including non-citizens and legal entities) has the right to file requests.,"To meet this benchmark, the following groups must be able to file requests for information:

1) all natural persons;
2) all legal persons.

Countries that meet only one of the two criteria receive a Partial score. If only residents/citizens may file requests, no points are given.",Americas,Ecuador,ECU,ati_law_01,1,Partial
ati_law_requester,Access to Information,Legal Frameworks,NA,Global Right to Information Rating,Centre for Law and Democracy; Access Info Europe,2025,Everyone has the right to file requests for information,Everyone (including non-citizens and legal entities) has the right to file requests.,"To meet this benchmark, the following groups must be able to file requests for information:

1) all natural persons;
2) all legal persons.

Countries that meet only one of the two criteria receive a Partial score. If only residents/citizens may file requests, no points are given.",Europe,Estonia,EST,ati_law_01,2,Yes
ati_law_requester,Access to Information,Legal Frameworks,NA,Global Right to Information Rating,Centre for Law and Democracy; Access Info Europe,2025,Everyone has the right to file requests for information,Everyone (including non-citizens and legal entities) has the right to file requests.,"To meet this benchmark, the following groups must be able to file requests for information:

1) all natural persons;
2) all legal persons.

Countries that meet only one of the two criteria receive a Partial score. If only residents/citizens may file requests, no points are given.",Europe,Finland,FIN,ati_law_01,2,Yes
ati_law_requester,Access to Information,Legal Frameworks,NA,Global Right to Information Rating,Centre for Law and Democracy; Access Info Europe,2025,Everyone has the right to file requests for information,Everyone (including non-citizens and legal entities) has the right to file requests.,"To meet this benchmark, the following groups must be able to file requests for information:

1) all natural persons;
2) all legal persons.

Countries that meet only one of the two criteria receive a Partial score. If only residents/citizens may file requests, no points are given.",Europe,France,FRA,ati_law_01,2,Yes
ati_law_requester,Access to Information,Legal Frameworks,NA,Global Right to Information Rating,Centre for Law and Democracy; Access Info Europe,2025,Everyone has the right to file requests for information,Everyone (including non-citizens and legal entities) has the right to file requests.,"To meet this benchmark, the following groups must be able to file requests for information:

1) all natural persons;
2) all legal persons.

Countries that meet only one of the two criteria receive a Partial score. If only residents/citizens may file requests, no points are given.",Europe,Germany,DEU,ati_law_01,2,Yes
ati_law_requester,Access to Information,Legal Frameworks,NA,Global Right to Information Rating,Centre for Law and Democracy; Access Info Europe,2025,Everyone has the right to file requests for information,Everyone (including non-citizens and legal entities) has the right to file requests.,"To meet this benchmark, the following groups must be able to file requests for information:

1) all natural persons;
2) all legal persons.

Countries that meet only one of the two criteria receive a Partial score. If only residents/citizens may file requests, no points are given.",Africa and the Middle East,Ghana,GHA,ati_law_01,1,Partial
ati_law_requester,Access to Information,Legal Frameworks,NA,Global Right to Information Rating,Centre for Law and Democracy; Access Info Europe,2025,Everyone has the right to file requests for information,Everyone (including non-citizens and legal entities) has the right to file requests.,"To meet this benchmark, the following groups must be able to file requests for information:

1) all natural persons;
2) all legal persons.

Countries that meet only one of the two criteria receive a Partial score. If only residents/citizens may file requests, no points are given.",Europe,Greece,GRC,ati_law_01,2,Yes
ati_law_requester,Access to Information,Legal Frameworks,NA,Global Right to Information Rating,Centre for Law and Democracy; Access Info Europe,2025,Everyone has the right to file requests for information,Everyone (including non-citizens and legal entities) has the right to file requests.,"To meet this benchmark, the following groups must be able to file requests for information:

1) all natural persons;
2) all legal persons.

Countries that meet only one of the two criteria receive a Partial score. If only residents/citizens may file requests, no points are given.",Americas,Guatemala,GTM,ati_law_01,2,Yes
ati_law_requester,Access to Information,Legal Frameworks,NA,Global Right to Information Rating,Centre for Law and Democracy; Access Info Europe,2025,Everyone has the right to file requests for information,Everyone (including non-citizens and legal entities) has the right to file requests.,"To meet this benchmark, the following groups must be able to file requests for information:

1) all natural persons;
2) all legal persons.

Countries that meet only one of the two criteria receive a Partial score. If only residents/citizens may file requests, no points are given.",Americas,Honduras,HND,ati_law_01,1,Partial
ati_law_requester,Access to Information,Legal Frameworks,NA,Global Right to Information Rating,Centre for Law and Democracy; Access Info Europe,2025,Everyone has the right to file requests for information,Everyone (including non-citizens and legal entities) has the right to file requests.,"To meet this benchmark, the following groups must be able to file requests for information:

1) all natural persons;
2) all legal persons.

Countries that meet only one of the two criteria receive a Partial score. If only residents/citizens may file requests, no points are given.",Asia and the Pacific,Indonesia,IDN,ati_law_01,1,Partial
ati_law_requester,Access to Information,Legal Frameworks,NA,Global Right to Information Rating,Centre for Law and Democracy; Access Info Europe,2025,Everyone has the right to file requests for information,Everyone (including non-citizens and legal entities) has the right to file requests.,"To meet this benchmark, the following groups must be able to file requests for information:

1) all natural persons;
2) all legal persons.

Countries that meet only one of the two criteria receive a Partial score. If only residents/citizens may file requests, no points are given.",Europe,Ireland,IRL,ati_law_01,2,Yes
ati_law_requester,Access to Information,Legal Frameworks,NA,Global Right to Information Rating,Centre for Law and Democracy; Access Info Europe,2025,Everyone has the right to file requests for information,Everyone (including non-citizens and legal entities) has the right to file requests.,"To meet this benchmark, the following groups must be able to file requests for information:

1) all natural persons;
2) all legal persons.

Countries that meet only one of the two criteria receive a Partial score. If only residents/citizens may file requests, no points are given.",Europe,Italy,ITA,ati_law_01,2,Yes
ati_law_requester,Access to Information,Legal Frameworks,NA,Global Right to Information Rating,Centre for Law and Democracy; Access Info Europe,2025,Everyone has the right to file requests for information,Everyone (including non-citizens and legal entities) has the right to file requests.,"To meet this benchmark, the following groups must be able to file requests for information:

1) all natural persons;
2) all legal persons.

Countries that meet only one of the two criteria receive a Partial score. If only residents/citizens may file requests, no points are given.",Africa and the Middle East,Cote d'Ivoire,CIV,ati_law_01,2,Yes
ati_law_requester,Access to Information,Legal Frameworks,NA,Global Right to Information Rating,Centre for Law and Democracy; Access Info Europe,2025,Everyone has the right to file requests for information,Everyone (including non-citizens and legal entities) has the right to file requests.,"To meet this benchmark, the following groups must be able to file requests for information:

1) all natural persons;
2) all legal persons.

Countries that meet only one of the two criteria receive a Partial score. If only residents/citizens may file requests, no points are given.",Americas,Jamaica,JAM,ati_law_01,2,Yes
ati_law_requester,Access to Information,Legal Frameworks,NA,Global Right to Information Rating,Centre for Law and Democracy; Access Info Europe,2025,Everyone has the right to file requests for information,Everyone (including non-citizens and legal entities) has the right to file requests.,"To meet this benchmark, the following groups must be able to file requests for information:

1) all natural persons;
2) all legal persons.

Countries that meet only one of the two criteria receive a Partial score. If only residents/citizens may file requests, no points are given.",Africa and the Middle East,Jordan,JOR,ati_law_01,1,Partial
ati_law_requester,Access to Information,Legal Frameworks,NA,Global Right to Information Rating,Centre for Law and Democracy; Access Info Europe,2025,Everyone has the right to file requests for information,Everyone (including non-citizens and legal entities) has the right to file requests.,"To meet this benchmark, the following groups must be able to file requests for information:

1) all natural persons;
2) all legal persons.

Countries that meet only one of the two criteria receive a Partial score. If only residents/citizens may file requests, no points are given.",Africa and the Middle East,Kenya,KEN,ati_law_01,1,Partial
ati_law_requester,Access to Information,Legal Frameworks,NA,Global Right to Information Rating,Centre for Law and Democracy; Access Info Europe,2025,Everyone has the right to file requests for information,Everyone (including non-citizens and legal entities) has the right to file requests.,"To meet this benchmark, the following groups must be able to file requests for information:

1) all natural persons;
2) all legal persons.

Countries that meet only one of the two criteria receive a Partial score. If only residents/citizens may file requests, no points are given.",Europe,Kosovo,XKX,ati_law_01,2,Yes
ati_law_requester,Access to Information,Legal Frameworks,NA,Global Right to Information Rating,Centre for Law and Democracy; Access Info Europe,2025,Everyone has the right to file requests for information,Everyone (including non-citizens and legal entities) has the right to file requests.,"To meet this benchmark, the following groups must be able to file requests for information:

1) all natural persons;
2) all legal persons.

Countries that meet only one of the two criteria receive a Partial score. If only residents/citizens may file requests, no points are given.",Europe,Latvia,LVA,ati_law_01,2,Yes
ati_law_requester,Access to Information,Legal Frameworks,NA,Global Right to Information Rating,Centre for Law and Democracy; Access Info Europe,2025,Everyone has the right to file requests for information,Everyone (including non-citizens and legal entities) has the right to file requests.,"To meet this benchmark, the following groups must be able to file requests for information:

1) all natural persons;
2) all legal persons.

Countries that meet only one of the two criteria receive a Partial score. If only residents/citizens may file requests, no points are given.",Africa and the Middle East,Liberia,LBR,ati_law_01,2,Yes
ati_law_requester,Access to Information,Legal Frameworks,NA,Global Right to Information Rating,Centre for Law and Democracy; Access Info Europe,2025,Everyone has the right to file requests for information,Everyone (including non-citizens and legal entities) has the right to file requests.,"To meet this benchmark, the following groups must be able to file requests for information:

1) all natural persons;
2) all legal persons.

Countries that meet only one of the two criteria receive a Partial score. If only residents/citizens may file requests, no points are given.",Europe,Lithuania,LTU,ati_law_01,2,Yes
ati_law_requester,Access to Information,Legal Frameworks,NA,Global Right to Information Rating,Centre for Law and Democracy; Access Info Europe,2025,Everyone has the right to file requests for information,Everyone (including non-citizens and legal entities) has the right to file requests.,"To meet this benchmark, the following groups must be able to file requests for information:

1) all natural persons;
2) all legal persons.

Countries that meet only one of the two criteria receive a Partial score. If only residents/citizens may file requests, no points are given.",Africa and the Middle East,Malawi,MWI,ati_law_01,1,Partial
ati_law_requester,Access to Information,Legal Frameworks,NA,Global Right to Information Rating,Centre for Law and Democracy; Access Info Europe,2025,Everyone has the right to file requests for information,Everyone (including non-citizens and legal entities) has the right to file requests.,"To meet this benchmark, the following groups must be able to file requests for information:

1) all natural persons;
2) all legal persons.

Countries that meet only one of the two criteria receive a Partial score. If only residents/citizens may file requests, no points are given.",Asia and the Pacific,Maldives,MDV,ati_law_01,2,Yes
ati_law_requester,Access to Information,Legal Frameworks,NA,Global Right to Information Rating,Centre for Law and Democracy; Access Info Europe,2025,Everyone has the right to file requests for information,Everyone (including non-citizens and legal entities) has the right to file requests.,"To meet this benchmark, the following groups must be able to file requests for information:

1) all natural persons;
2) all legal persons.

Countries that meet only one of the two criteria receive a Partial score. If only residents/citizens may file requests, no points are given.",Europe,Malta,MLT,ati_law_01,1,Partial
ati_law_requester,Access to Information,Legal Frameworks,NA,Global Right to Information Rating,Centre for Law and Democracy; Access Info Europe,2025,Everyone has the right to file requests for information,Everyone (including non-citizens and legal entities) has the right to file requests.,"To meet this benchmark, the following groups must be able to file requests for information:

1) all natural persons;
2) all legal persons.

Countries that meet only one of the two criteria receive a Partial score. If only residents/citizens may file requests, no points are given.",Americas,Mexico,MEX,ati_law_01,2,Yes
ati_law_requester,Access to Information,Legal Frameworks,NA,Global Right to Information Rating,Centre for Law and Democracy; Access Info Europe,2025,Everyone has the right to file requests for information,Everyone (including non-citizens and legal entities) has the right to file requests.,"To meet this benchmark, the following groups must be able to file requests for information:

1) all natural persons;
2) all legal persons.

Countries that meet only one of the two criteria receive a Partial score. If only residents/citizens may file requests, no points are given.",Europe,Republic of Moldova,MDA,ati_law_01,0,No
ati_law_requester,Access to Information,Legal Frameworks,NA,Global Right to Information Rating,Centre for Law and Democracy; Access Info Europe,2025,Everyone has the right to file requests for information,Everyone (including non-citizens and legal entities) has the right to file requests.,"To meet this benchmark, the following groups must be able to file requests for information:

1) all natural persons;
2) all legal persons.

Countries that meet only one of the two criteria receive a Partial score. If only residents/citizens may file requests, no points are given.",Asia and the Pacific,Mongolia,MNG,ati_law_01,1,Partial
ati_law_requester,Access to Information,Legal Frameworks,NA,Global Right to Information Rating,Centre for Law and Democracy; Access Info Europe,2025,Everyone has the right to file requests for information,Everyone (including non-citizens and legal entities) has the right to file requests.,"To meet this benchmark, the following groups must be able to file requests for information:

1) all natural persons;
2) all legal persons.

Countries that meet only one of the two criteria receive a Partial score. If only residents/citizens may file requests, no points are given.",Europe,Montenegro,MNE,ati_law_01,2,Yes
ati_law_requester,Access to Information,Legal Frameworks,NA,Global Right to Information Rating,Centre for Law and Democracy; Access Info Europe,2025,Everyone has the right to file requests for information,Everyone (including non-citizens and legal entities) has the right to file requests.,"To meet this benchmark, the following groups must be able to file requests for information:

1) all natural persons;
2) all legal persons.

Countries that meet only one of the two criteria receive a Partial score. If only residents/citizens may file requests, no points are given.",Africa and the Middle East,Morocco,MAR,ati_law_01,0,No
ati_law_requester,Access to Information,Legal Frameworks,NA,Global Right to Information Rating,Centre for Law and Democracy; Access Info Europe,2025,Everyone has the right to file requests for information,Everyone (including non-citizens and legal entities) has the right to file requests.,"To meet this benchmark, the following groups must be able to file requests for information:

1) all natural persons;
2) all legal persons.

Countries that meet only one of the two criteria receive a Partial score. If only residents/citizens may file requests, no points are given.",Europe,Netherlands,NLD,ati_law_01,2,Yes
ati_law_requester,Access to Information,Legal Frameworks,NA,Global Right to Information Rating,Centre for Law and Democracy; Access Info Europe,2025,Everyone has the right to file requests for information,Everyone (including non-citizens and legal entities) has the right to file requests.,"To meet this benchmark, the following groups must be able to file requests for information:

1) all natural persons;
2) all legal persons.

Countries that meet only one of the two criteria receive a Partial score. If only residents/citizens may file requests, no points are given.",Asia and the Pacific,New Zealand,NZL,ati_law_01,1,Partial
ati_law_requester,Access to Information,Legal Frameworks,NA,Global Right to Information Rating,Centre for Law and Democracy; Access Info Europe,2025,Everyone has the right to file requests for information,Everyone (including non-citizens and legal entities) has the right to file requests.,"To meet this benchmark, the following groups must be able to file requests for information:

1) all natural persons;
2) all legal persons.

Countries that meet only one of the two criteria receive a Partial score. If only residents/citizens may file requests, no points are given.",Africa and the Middle East,Nigeria,NGA,ati_law_01,2,Yes
ati_law_requester,Access to Information,Legal Frameworks,NA,Global Right to Information Rating,Centre for Law and Democracy; Access Info Europe,2025,Everyone has the right to file requests for information,Everyone (including non-citizens and legal entities) has the right to file requests.,"To meet this benchmark, the following groups must be able to file requests for information:

1) all natural persons;
2) all legal persons.

Countries that meet only one of the two criteria receive a Partial score. If only residents/citizens may file requests, no points are given.",Europe,North Macedonia,MKD,ati_law_01,1,Partial
ati_law_requester,Access to Information,Legal Frameworks,NA,Global Right to Information Rating,Centre for Law and Democracy; Access Info Europe,2025,Everyone has the right to file requests for information,Everyone (including non-citizens and legal entities) has the right to file requests.,"To meet this benchmark, the following groups must be able to file requests for information:

1) all natural persons;
2) all legal persons.

Countries that meet only one of the two criteria receive a Partial score. If only residents/citizens may file requests, no points are given.",Europe,Norway,NOR,ati_law_01,2,Yes
ati_law_requester,Access to Information,Legal Frameworks,NA,Global Right to Information Rating,Centre for Law and Democracy; Access Info Europe,2025,Everyone has the right to file requests for information,Everyone (including non-citizens and legal entities) has the right to file requests.,"To meet this benchmark, the following groups must be able to file requests for information:

1) all natural persons;
2) all legal persons.

Countries that meet only one of the two criteria receive a Partial score. If only residents/citizens may file requests, no points are given.",Americas,Panama,PAN,ati_law_01,2,Yes
ati_law_requester,Access to Information,Legal Frameworks,NA,Global Right to Information Rating,Centre for Law and Democracy; Access Info Europe,2025,Everyone has the right to file requests for information,Everyone (including non-citizens and legal entities) has the right to file requests.,"To meet this benchmark, the following groups must be able to file requests for information:

1) all natural persons;
2) all legal persons.

Countries that meet only one of the two criteria receive a Partial score. If only residents/citizens may file requests, no points are given.",Americas,Paraguay,PRY,ati_law_01,1,Partial
ati_law_requester,Access to Information,Legal Frameworks,NA,Global Right to Information Rating,Centre for Law and Democracy; Access Info Europe,2025,Everyone has the right to file requests for information,Everyone (including non-citizens and legal entities) has the right to file requests.,"To meet this benchmark, the following groups must be able to file requests for information:

1) all natural persons;
2) all legal persons.

Countries that meet only one of the two criteria receive a Partial score. If only residents/citizens may file requests, no points are given.",Americas,Peru,PER,ati_law_01,2,Yes
ati_law_requester,Access to Information,Legal Frameworks,NA,Global Right to Information Rating,Centre for Law and Democracy; Access Info Europe,2025,Everyone has the right to file requests for information,Everyone (including non-citizens and legal entities) has the right to file requests.,"To meet this benchmark, the following groups must be able to file requests for information:

1) all natural persons;
2) all legal persons.

Countries that meet only one of the two criteria receive a Partial score. If only residents/citizens may file requests, no points are given.",Asia and the Pacific,Philippines,PHL,ati_law_01,0,No
ati_law_requester,Access to Information,Legal Frameworks,NA,Global Right to Information Rating,Centre for Law and Democracy; Access Info Europe,2025,Everyone has the right to file requests for information,Everyone (including non-citizens and legal entities) has the right to file requests.,"To meet this benchmark, the following groups must be able to file requests for information:

1) all natural persons;
2) all legal persons.

Countries that meet only one of the two criteria receive a Partial score. If only residents/citizens may file requests, no points are given.",Europe,Portugal,PRT,ati_law_01,2,Yes
ati_law_requester,Access to Information,Legal Frameworks,NA,Global Right to Information Rating,Centre for Law and Democracy; Access Info Europe,2025,Everyone has the right to file requests for information,Everyone (including non-citizens and legal entities) has the right to file requests.,"To meet this benchmark, the following groups must be able to file requests for information:

1) all natural persons;
2) all legal persons.

Countries that meet only one of the two criteria receive a Partial score. If only residents/citizens may file requests, no points are given.",Europe,Romania,ROU,ati_law_01,2,Yes
ati_law_requester,Access to Information,Legal Frameworks,NA,Global Right to Information Rating,Centre for Law and Democracy; Access Info Europe,2025,Everyone has the right to file requests for information,Everyone (including non-citizens and legal entities) has the right to file requests.,"To meet this benchmark, the following groups must be able to file requests for information:

1) all natural persons;
2) all legal persons.

Countries that meet only one of the two criteria receive a Partial score. If only residents/citizens may file requests, no points are given.",Africa and the Middle East,Senegal,SEN,ati_law_01,1,Partial
ati_law_requester,Access to Information,Legal Frameworks,NA,Global Right to Information Rating,Centre for Law and Democracy; Access Info Europe,2025,Everyone has the right to file requests for information,Everyone (including non-citizens and legal entities) has the right to file requests.,"To meet this benchmark, the following groups must be able to file requests for information:

1) all natural persons;
2) all legal persons.

Countries that meet only one of the two criteria receive a Partial score. If only residents/citizens may file requests, no points are given.",Europe,Serbia,SRB,ati_law_01,2,Yes
ati_law_requester,Access to Information,Legal Frameworks,NA,Global Right to Information Rating,Centre for Law and Democracy; Access Info Europe,2025,Everyone has the right to file requests for information,Everyone (including non-citizens and legal entities) has the right to file requests.,"To meet this benchmark, the following groups must be able to file requests for information:

1) all natural persons;
2) all legal persons.

Countries that meet only one of the two criteria receive a Partial score. If only residents/citizens may file requests, no points are given.",Africa and the Middle East,Seychelles,SYC,ati_law_01,1,Partial
ati_law_requester,Access to Information,Legal Frameworks,NA,Global Right to Information Rating,Centre for Law and Democracy; Access Info Europe,2025,Everyone has the right to file requests for information,Everyone (including non-citizens and legal entities) has the right to file requests.,"To meet this benchmark, the following groups must be able to file requests for information:

1) all natural persons;
2) all legal persons.

Countries that meet only one of the two criteria receive a Partial score. If only residents/citizens may file requests, no points are given.",Africa and the Middle East,Sierra Leone,SLE,ati_law_01,2,Yes
ati_law_requester,Access to Information,Legal Frameworks,NA,Global Right to Information Rating,Centre for Law and Democracy; Access Info Europe,2025,Everyone has the right to file requests for information,Everyone (including non-citizens and legal entities) has the right to file requests.,"To meet this benchmark, the following groups must be able to file requests for information:

1) all natural persons;
2) all legal persons.

Countries that meet only one of the two criteria receive a Partial score. If only residents/citizens may file requests, no points are given.",Europe,Slovakia,SVK,ati_law_01,2,Yes
ati_law_requester,Access to Information,Legal Frameworks,NA,Global Right to Information Rating,Centre for Law and Democracy; Access Info Europe,2025,Everyone has the right to file requests for information,Everyone (including non-citizens and legal entities) has the right to file requests.,"To meet this benchmark, the following groups must be able to file requests for information:

1) all natural persons;
2) all legal persons.

Countries that meet only one of the two criteria receive a Partial score. If only residents/citizens may file requests, no points are given.",Africa and the Middle East,South Africa,ZAF,ati_law_01,2,Yes
ati_law_requester,Access to Information,Legal Frameworks,NA,Global Right to Information Rating,Centre for Law and Democracy; Access Info Europe,2025,Everyone has the right to file requests for information,Everyone (including non-citizens and legal entities) has the right to file requests.,"To meet this benchmark, the following groups must be able to file requests for information:

1) all natural persons;
2) all legal persons.

Countries that meet only one of the two criteria receive a Partial score. If only residents/citizens may file requests, no points are given.",Asia and the Pacific,Republic of Korea,KOR,ati_law_01,1,Partial
ati_law_requester,Access to Information,Legal Frameworks,NA,Global Right to Information Rating,Centre for Law and Democracy; Access Info Europe,2025,Everyone has the right to file requests for information,Everyone (including non-citizens and legal entities) has the right to file requests.,"To meet this benchmark, the following groups must be able to file requests for information:

1) all natural persons;
2) all legal persons.

Countries that meet only one of the two criteria receive a Partial score. If only residents/citizens may file requests, no points are given.",Europe,Spain,ESP,ati_law_01,1,Partial
ati_law_requester,Access to Information,Legal Frameworks,NA,Global Right to Information Rating,Centre for Law and Democracy; Access Info Europe,2025,Everyone has the right to file requests for information,Everyone (including non-citizens and legal entities) has the right to file requests.,"To meet this benchmark, the following groups must be able to file requests for information:

1) all natural persons;
2) all legal persons.

Countries that meet only one of the two criteria receive a Partial score. If only residents/citizens may file requests, no points are given.",Europe,Sweden,SWE,ati_law_01,2,Yes
ati_law_requester,Access to Information,Legal Frameworks,NA,Global Right to Information Rating,Centre for Law and Democracy; Access Info Europe,2025,Everyone has the right to file requests for information,Everyone (including non-citizens and legal entities) has the right to file requests.,"To meet this benchmark, the following groups must be able to file requests for information:

1) all natural persons;
2) all legal persons.

Countries that meet only one of the two criteria receive a Partial score. If only residents/citizens may file requests, no points are given.",Asia and the Pacific,Thailand,THA,ati_law_01,1,Partial
ati_law_requester,Access to Information,Legal Frameworks,NA,Global Right to Information Rating,Centre for Law and Democracy; Access Info Europe,2025,Everyone has the right to file requests for information,Everyone (including non-citizens and legal entities) has the right to file requests.,"To meet this benchmark, the following groups must be able to file requests for information:

1) all natural persons;
2) all legal persons.

Countries that meet only one of the two criteria receive a Partial score. If only residents/citizens may file requests, no points are given.",Africa and the Middle East,Tunisia,TUN,ati_law_01,2,Yes
ati_law_requester,Access to Information,Legal Frameworks,NA,Global Right to Information Rating,Centre for Law and Democracy; Access Info Europe,2025,Everyone has the right to file requests for information,Everyone (including non-citizens and legal entities) has the right to file requests.,"To meet this benchmark, the following groups must be able to file requests for information:

1) all natural persons;
2) all legal persons.

Countries that meet only one of the two criteria receive a Partial score. If only residents/citizens may file requests, no points are given.",Europe,Ukraine,UKR,ati_law_01,2,Yes
ati_law_requester,Access to Information,Legal Frameworks,NA,Global Right to Information Rating,Centre for Law and Democracy; Access Info Europe,2025,Everyone has the right to file requests for information,Everyone (including non-citizens and legal entities) has the right to file requests.,"To meet this benchmark, the following groups must be able to file requests for information:

1) all natural persons;
2) all legal persons.

Countries that meet only one of the two criteria receive a Partial score. If only residents/citizens may file requests, no points are given.",Europe,United Kingdom,GBR,ati_law_01,2,Yes
ati_law_requester,Access to Information,Legal Frameworks,NA,Global Right to Information Rating,Centre for Law and Democracy; Access Info Europe,2025,Everyone has the right to file requests for information,Everyone (including non-citizens and legal entities) has the right to file requests.,"To meet this benchmark, the following groups must be able to file requests for information:

1) all natural persons;
2) all legal persons.

Countries that meet only one of the two criteria receive a Partial score. If only residents/citizens may file requests, no points are given.",Americas,Uruguay,URY,ati_law_01,2,Yes
ati_law_requester,Access to Information,Legal Frameworks,NA,Global Right to Information Rating,Centre for Law and Democracy; Access Info Europe,2025,Everyone has the right to file requests for information,Everyone (including non-citizens and legal entities) has the right to file requests.,"To meet this benchmark, the following groups must be able to file requests for information:

1) all natural persons;
2) all legal persons.

Countries that meet only one of the two criteria receive a Partial score. If only residents/citizens may file requests, no points are given.",Africa and the Middle East,Zambia,ZMB,ati_law_01,0,No
ati_law_response,Access to Information,Legal Frameworks,NA,Global Right to Information Rating,Centre for Law and Democracy; Access Info Europe,2025,Reasonable timelines exist for responding to requests,Reasonable timelines exist for responding to requests,"To meet this benchmark, the ATI legal framework must include:

1) a maximum timeline for responding to requests of 20 working days (or 1 month, 30 days or 4 weeks);
2) a maximum timeline extension of 20 working days or less;
3) a requirement that requesters be notified of extensions and provided with the reasons.

Legal frameworks that meet only some of these criteria receive a Partial score.",Europe,Albania,ALB,ati_law_02,2,Yes
ati_law_response,Access to Information,Legal Frameworks,NA,Global Right to Information Rating,Centre for Law and Democracy; Access Info Europe,2025,Reasonable timelines exist for responding to requests,Reasonable timelines exist for responding to requests,"To meet this benchmark, the ATI legal framework must include:

1) a maximum timeline for responding to requests of 20 working days (or 1 month, 30 days or 4 weeks);
2) a maximum timeline extension of 20 working days or less;
3) a requirement that requesters be notified of extensions and provided with the reasons.

Legal frameworks that meet only some of these criteria receive a Partial score.",Americas,Argentina,ARG,ati_law_02,2,Yes
ati_law_response,Access to Information,Legal Frameworks,NA,Global Right to Information Rating,Centre for Law and Democracy; Access Info Europe,2025,Reasonable timelines exist for responding to requests,Reasonable timelines exist for responding to requests,"To meet this benchmark, the ATI legal framework must include:

1) a maximum timeline for responding to requests of 20 working days (or 1 month, 30 days or 4 weeks);
2) a maximum timeline extension of 20 working days or less;
3) a requirement that requesters be notified of extensions and provided with the reasons.

Legal frameworks that meet only some of these criteria receive a Partial score.",Europe,Armenia,ARM,ati_law_02,1,Partial
ati_law_response,Access to Information,Legal Frameworks,NA,Global Right to Information Rating,Centre for Law and Democracy; Access Info Europe,2025,Reasonable timelines exist for responding to requests,Reasonable timelines exist for responding to requests,"To meet this benchmark, the ATI legal framework must include:

1) a maximum timeline for responding to requests of 20 working days (or 1 month, 30 days or 4 weeks);
2) a maximum timeline extension of 20 working days or less;
3) a requirement that requesters be notified of extensions and provided with the reasons.

Legal frameworks that meet only some of these criteria receive a Partial score.",Asia and the Pacific,Australia,AUS,ati_law_02,2,Yes
ati_law_response,Access to Information,Legal Frameworks,NA,Global Right to Information Rating,Centre for Law and Democracy; Access Info Europe,2025,Reasonable timelines exist for responding to requests,Reasonable timelines exist for responding to requests,"To meet this benchmark, the ATI legal framework must include:

1) a maximum timeline for responding to requests of 20 working days (or 1 month, 30 days or 4 weeks);
2) a maximum timeline extension of 20 working days or less;
3) a requirement that requesters be notified of extensions and provided with the reasons.

Legal frameworks that meet only some of these criteria receive a Partial score.",Africa and the Middle East,Benin,BEN,ati_law_02,2,Yes
ati_law_response,Access to Information,Legal Frameworks,NA,Global Right to Information Rating,Centre for Law and Democracy; Access Info Europe,2025,Reasonable timelines exist for responding to requests,Reasonable timelines exist for responding to requests,"To meet this benchmark, the ATI legal framework must include:

1) a maximum timeline for responding to requests of 20 working days (or 1 month, 30 days or 4 weeks);
2) a maximum timeline extension of 20 working days or less;
3) a requirement that requesters be notified of extensions and provided with the reasons.

Legal frameworks that meet only some of these criteria receive a Partial score.",Europe,Bosnia and Herzegovina,BIH,ati_law_02,2,Yes
ati_law_response,Access to Information,Legal Frameworks,NA,Global Right to Information Rating,Centre for Law and Democracy; Access Info Europe,2025,Reasonable timelines exist for responding to requests,Reasonable timelines exist for responding to requests,"To meet this benchmark, the ATI legal framework must include:

1) a maximum timeline for responding to requests of 20 working days (or 1 month, 30 days or 4 weeks);
2) a maximum timeline extension of 20 working days or less;
3) a requirement that requesters be notified of extensions and provided with the reasons.

Legal frameworks that meet only some of these criteria receive a Partial score.",Americas,Brazil,BRA,ati_law_02,2,Yes
ati_law_response,Access to Information,Legal Frameworks,NA,Global Right to Information Rating,Centre for Law and Democracy; Access Info Europe,2025,Reasonable timelines exist for responding to requests,Reasonable timelines exist for responding to requests,"To meet this benchmark, the ATI legal framework must include:

1) a maximum timeline for responding to requests of 20 working days (or 1 month, 30 days or 4 weeks);
2) a maximum timeline extension of 20 working days or less;
3) a requirement that requesters be notified of extensions and provided with the reasons.

Legal frameworks that meet only some of these criteria receive a Partial score.",Europe,Bulgaria,BGR,ati_law_02,2,Yes
ati_law_response,Access to Information,Legal Frameworks,NA,Global Right to Information Rating,Centre for Law and Democracy; Access Info Europe,2025,Reasonable timelines exist for responding to requests,Reasonable timelines exist for responding to requests,"To meet this benchmark, the ATI legal framework must include:

1) a maximum timeline for responding to requests of 20 working days (or 1 month, 30 days or 4 weeks);
2) a maximum timeline extension of 20 working days or less;
3) a requirement that requesters be notified of extensions and provided with the reasons.

Legal frameworks that meet only some of these criteria receive a Partial score.",Africa and the Middle East,Burkina Faso,BFA,ati_law_02,2,Yes
ati_law_response,Access to Information,Legal Frameworks,NA,Global Right to Information Rating,Centre for Law and Democracy; Access Info Europe,2025,Reasonable timelines exist for responding to requests,Reasonable timelines exist for responding to requests,"To meet this benchmark, the ATI legal framework must include:

1) a maximum timeline for responding to requests of 20 working days (or 1 month, 30 days or 4 weeks);
2) a maximum timeline extension of 20 working days or less;
3) a requirement that requesters be notified of extensions and provided with the reasons.

Legal frameworks that meet only some of these criteria receive a Partial score.",Americas,Canada,CAN,ati_law_02,1,Partial
ati_law_response,Access to Information,Legal Frameworks,NA,Global Right to Information Rating,Centre for Law and Democracy; Access Info Europe,2025,Reasonable timelines exist for responding to requests,Reasonable timelines exist for responding to requests,"To meet this benchmark, the ATI legal framework must include:

1) a maximum timeline for responding to requests of 20 working days (or 1 month, 30 days or 4 weeks);
2) a maximum timeline extension of 20 working days or less;
3) a requirement that requesters be notified of extensions and provided with the reasons.

Legal frameworks that meet only some of these criteria receive a Partial score.",Africa and the Middle East,Cabo Verde,CPV,ati_law_02,2,Yes
ati_law_response,Access to Information,Legal Frameworks,NA,Global Right to Information Rating,Centre for Law and Democracy; Access Info Europe,2025,Reasonable timelines exist for responding to requests,Reasonable timelines exist for responding to requests,"To meet this benchmark, the ATI legal framework must include:

1) a maximum timeline for responding to requests of 20 working days (or 1 month, 30 days or 4 weeks);
2) a maximum timeline extension of 20 working days or less;
3) a requirement that requesters be notified of extensions and provided with the reasons.

Legal frameworks that meet only some of these criteria receive a Partial score.",Americas,Chile,CHL,ati_law_02,2,Yes
ati_law_response,Access to Information,Legal Frameworks,NA,Global Right to Information Rating,Centre for Law and Democracy; Access Info Europe,2025,Reasonable timelines exist for responding to requests,Reasonable timelines exist for responding to requests,"To meet this benchmark, the ATI legal framework must include:

1) a maximum timeline for responding to requests of 20 working days (or 1 month, 30 days or 4 weeks);
2) a maximum timeline extension of 20 working days or less;
3) a requirement that requesters be notified of extensions and provided with the reasons.

Legal frameworks that meet only some of these criteria receive a Partial score.",Americas,Colombia,COL,ati_law_02,1,Partial
ati_law_response,Access to Information,Legal Frameworks,NA,Global Right to Information Rating,Centre for Law and Democracy; Access Info Europe,2025,Reasonable timelines exist for responding to requests,Reasonable timelines exist for responding to requests,"To meet this benchmark, the ATI legal framework must include:

1) a maximum timeline for responding to requests of 20 working days (or 1 month, 30 days or 4 weeks);
2) a maximum timeline extension of 20 working days or less;
3) a requirement that requesters be notified of extensions and provided with the reasons.

Legal frameworks that meet only some of these criteria receive a Partial score.",Americas,Costa Rica,CRI,ati_law_02,2,Yes
ati_law_response,Access to Information,Legal Frameworks,NA,Global Right to Information Rating,Centre for Law and Democracy; Access Info Europe,2025,Reasonable timelines exist for responding to requests,Reasonable timelines exist for responding to requests,"To meet this benchmark, the ATI legal framework must include:

1) a maximum timeline for responding to requests of 20 working days (or 1 month, 30 days or 4 weeks);
2) a maximum timeline extension of 20 working days or less;
3) a requirement that requesters be notified of extensions and provided with the reasons.

Legal frameworks that meet only some of these criteria receive a Partial score.",Europe,Croatia,HRV,ati_law_02,2,Yes
ati_law_response,Access to Information,Legal Frameworks,NA,Global Right to Information Rating,Centre for Law and Democracy; Access Info Europe,2025,Reasonable timelines exist for responding to requests,Reasonable timelines exist for responding to requests,"To meet this benchmark, the ATI legal framework must include:

1) a maximum timeline for responding to requests of 20 working days (or 1 month, 30 days or 4 weeks);
2) a maximum timeline extension of 20 working days or less;
3) a requirement that requesters be notified of extensions and provided with the reasons.

Legal frameworks that meet only some of these criteria receive a Partial score.",Europe,Czech Republic,CZE,ati_law_02,2,Yes
ati_law_response,Access to Information,Legal Frameworks,NA,Global Right to Information Rating,Centre for Law and Democracy; Access Info Europe,2025,Reasonable timelines exist for responding to requests,Reasonable timelines exist for responding to requests,"To meet this benchmark, the ATI legal framework must include:

1) a maximum timeline for responding to requests of 20 working days (or 1 month, 30 days or 4 weeks);
2) a maximum timeline extension of 20 working days or less;
3) a requirement that requesters be notified of extensions and provided with the reasons.

Legal frameworks that meet only some of these criteria receive a Partial score.",Americas,Dominican Republic,DOM,ati_law_02,2,Yes
ati_law_response,Access to Information,Legal Frameworks,NA,Global Right to Information Rating,Centre for Law and Democracy; Access Info Europe,2025,Reasonable timelines exist for responding to requests,Reasonable timelines exist for responding to requests,"To meet this benchmark, the ATI legal framework must include:

1) a maximum timeline for responding to requests of 20 working days (or 1 month, 30 days or 4 weeks);
2) a maximum timeline extension of 20 working days or less;
3) a requirement that requesters be notified of extensions and provided with the reasons.

Legal frameworks that meet only some of these criteria receive a Partial score.",Asia and the Pacific,Timor-Leste,TLS,ati_law_02,2,Yes
ati_law_response,Access to Information,Legal Frameworks,NA,Global Right to Information Rating,Centre for Law and Democracy; Access Info Europe,2025,Reasonable timelines exist for responding to requests,Reasonable timelines exist for responding to requests,"To meet this benchmark, the ATI legal framework must include:

1) a maximum timeline for responding to requests of 20 working days (or 1 month, 30 days or 4 weeks);
2) a maximum timeline extension of 20 working days or less;
3) a requirement that requesters be notified of extensions and provided with the reasons.

Legal frameworks that meet only some of these criteria receive a Partial score.",Americas,Ecuador,ECU,ati_law_02,2,Yes
ati_law_response,Access to Information,Legal Frameworks,NA,Global Right to Information Rating,Centre for Law and Democracy; Access Info Europe,2025,Reasonable timelines exist for responding to requests,Reasonable timelines exist for responding to requests,"To meet this benchmark, the ATI legal framework must include:

1) a maximum timeline for responding to requests of 20 working days (or 1 month, 30 days or 4 weeks);
2) a maximum timeline extension of 20 working days or less;
3) a requirement that requesters be notified of extensions and provided with the reasons.

Legal frameworks that meet only some of these criteria receive a Partial score.",Europe,Estonia,EST,ati_law_02,2,Yes
ati_law_response,Access to Information,Legal Frameworks,NA,Global Right to Information Rating,Centre for Law and Democracy; Access Info Europe,2025,Reasonable timelines exist for responding to requests,Reasonable timelines exist for responding to requests,"To meet this benchmark, the ATI legal framework must include:

1) a maximum timeline for responding to requests of 20 working days (or 1 month, 30 days or 4 weeks);
2) a maximum timeline extension of 20 working days or less;
3) a requirement that requesters be notified of extensions and provided with the reasons.

Legal frameworks that meet only some of these criteria receive a Partial score.",Europe,Finland,FIN,ati_law_02,2,Yes
ati_law_response,Access to Information,Legal Frameworks,NA,Global Right to Information Rating,Centre for Law and Democracy; Access Info Europe,2025,Reasonable timelines exist for responding to requests,Reasonable timelines exist for responding to requests,"To meet this benchmark, the ATI legal framework must include:

1) a maximum timeline for responding to requests of 20 working days (or 1 month, 30 days or 4 weeks);
2) a maximum timeline extension of 20 working days or less;
3) a requirement that requesters be notified of extensions and provided with the reasons.

Legal frameworks that meet only some of these criteria receive a Partial score.",Europe,France,FRA,ati_law_02,1,Partial
ati_law_response,Access to Information,Legal Frameworks,NA,Global Right to Information Rating,Centre for Law and Democracy; Access Info Europe,2025,Reasonable timelines exist for responding to requests,Reasonable timelines exist for responding to requests,"To meet this benchmark, the ATI legal framework must include:

1) a maximum timeline for responding to requests of 20 working days (or 1 month, 30 days or 4 weeks);
2) a maximum timeline extension of 20 working days or less;
3) a requirement that requesters be notified of extensions and provided with the reasons.

Legal frameworks that meet only some of these criteria receive a Partial score.",Europe,Germany,DEU,ati_law_02,1,Partial
ati_law_response,Access to Information,Legal Frameworks,NA,Global Right to Information Rating,Centre for Law and Democracy; Access Info Europe,2025,Reasonable timelines exist for responding to requests,Reasonable timelines exist for responding to requests,"To meet this benchmark, the ATI legal framework must include:

1) a maximum timeline for responding to requests of 20 working days (or 1 month, 30 days or 4 weeks);
2) a maximum timeline extension of 20 working days or less;
3) a requirement that requesters be notified of extensions and provided with the reasons.

Legal frameworks that meet only some of these criteria receive a Partial score.",Africa and the Middle East,Ghana,GHA,ati_law_02,2,Yes
ati_law_response,Access to Information,Legal Frameworks,NA,Global Right to Information Rating,Centre for Law and Democracy; Access Info Europe,2025,Reasonable timelines exist for responding to requests,Reasonable timelines exist for responding to requests,"To meet this benchmark, the ATI legal framework must include:

1) a maximum timeline for responding to requests of 20 working days (or 1 month, 30 days or 4 weeks);
2) a maximum timeline extension of 20 working days or less;
3) a requirement that requesters be notified of extensions and provided with the reasons.

Legal frameworks that meet only some of these criteria receive a Partial score.",Europe,Greece,GRC,ati_law_02,1,Partial
ati_law_response,Access to Information,Legal Frameworks,NA,Global Right to Information Rating,Centre for Law and Democracy; Access Info Europe,2025,Reasonable timelines exist for responding to requests,Reasonable timelines exist for responding to requests,"To meet this benchmark, the ATI legal framework must include:

1) a maximum timeline for responding to requests of 20 working days (or 1 month, 30 days or 4 weeks);
2) a maximum timeline extension of 20 working days or less;
3) a requirement that requesters be notified of extensions and provided with the reasons.

Legal frameworks that meet only some of these criteria receive a Partial score.",Americas,Guatemala,GTM,ati_law_02,2,Yes
ati_law_response,Access to Information,Legal Frameworks,NA,Global Right to Information Rating,Centre for Law and Democracy; Access Info Europe,2025,Reasonable timelines exist for responding to requests,Reasonable timelines exist for responding to requests,"To meet this benchmark, the ATI legal framework must include:

1) a maximum timeline for responding to requests of 20 working days (or 1 month, 30 days or 4 weeks);
2) a maximum timeline extension of 20 working days or less;
3) a requirement that requesters be notified of extensions and provided with the reasons.

Legal frameworks that meet only some of these criteria receive a Partial score.",Americas,Honduras,HND,ati_law_02,1,Partial
ati_law_response,Access to Information,Legal Frameworks,NA,Global Right to Information Rating,Centre for Law and Democracy; Access Info Europe,2025,Reasonable timelines exist for responding to requests,Reasonable timelines exist for responding to requests,"To meet this benchmark, the ATI legal framework must include:

1) a maximum timeline for responding to requests of 20 working days (or 1 month, 30 days or 4 weeks);
2) a maximum timeline extension of 20 working days or less;
3) a requirement that requesters be notified of extensions and provided with the reasons.

Legal frameworks that meet only some of these criteria receive a Partial score.",Asia and the Pacific,Indonesia,IDN,ati_law_02,2,Yes
ati_law_response,Access to Information,Legal Frameworks,NA,Global Right to Information Rating,Centre for Law and Democracy; Access Info Europe,2025,Reasonable timelines exist for responding to requests,Reasonable timelines exist for responding to requests,"To meet this benchmark, the ATI legal framework must include:

1) a maximum timeline for responding to requests of 20 working days (or 1 month, 30 days or 4 weeks);
2) a maximum timeline extension of 20 working days or less;
3) a requirement that requesters be notified of extensions and provided with the reasons.

Legal frameworks that meet only some of these criteria receive a Partial score.",Europe,Ireland,IRL,ati_law_02,2,Yes
ati_law_response,Access to Information,Legal Frameworks,NA,Global Right to Information Rating,Centre for Law and Democracy; Access Info Europe,2025,Reasonable timelines exist for responding to requests,Reasonable timelines exist for responding to requests,"To meet this benchmark, the ATI legal framework must include:

1) a maximum timeline for responding to requests of 20 working days (or 1 month, 30 days or 4 weeks);
2) a maximum timeline extension of 20 working days or less;
3) a requirement that requesters be notified of extensions and provided with the reasons.

Legal frameworks that meet only some of these criteria receive a Partial score.",Europe,Italy,ITA,ati_law_02,2,Yes
ati_law_response,Access to Information,Legal Frameworks,NA,Global Right to Information Rating,Centre for Law and Democracy; Access Info Europe,2025,Reasonable timelines exist for responding to requests,Reasonable timelines exist for responding to requests,"To meet this benchmark, the ATI legal framework must include:

1) a maximum timeline for responding to requests of 20 working days (or 1 month, 30 days or 4 weeks);
2) a maximum timeline extension of 20 working days or less;
3) a requirement that requesters be notified of extensions and provided with the reasons.

Legal frameworks that meet only some of these criteria receive a Partial score.",Africa and the Middle East,Cote d'Ivoire,CIV,ati_law_02,2,Yes
ati_law_response,Access to Information,Legal Frameworks,NA,Global Right to Information Rating,Centre for Law and Democracy; Access Info Europe,2025,Reasonable timelines exist for responding to requests,Reasonable timelines exist for responding to requests,"To meet this benchmark, the ATI legal framework must include:

1) a maximum timeline for responding to requests of 20 working days (or 1 month, 30 days or 4 weeks);
2) a maximum timeline extension of 20 working days or less;
3) a requirement that requesters be notified of extensions and provided with the reasons.

Legal frameworks that meet only some of these criteria receive a Partial score.",Americas,Jamaica,JAM,ati_law_02,1,Partial
ati_law_response,Access to Information,Legal Frameworks,NA,Global Right to Information Rating,Centre for Law and Democracy; Access Info Europe,2025,Reasonable timelines exist for responding to requests,Reasonable timelines exist for responding to requests,"To meet this benchmark, the ATI legal framework must include:

1) a maximum timeline for responding to requests of 20 working days (or 1 month, 30 days or 4 weeks);
2) a maximum timeline extension of 20 working days or less;
3) a requirement that requesters be notified of extensions and provided with the reasons.

Legal frameworks that meet only some of these criteria receive a Partial score.",Africa and the Middle East,Jordan,JOR,ati_law_02,1,Partial
ati_law_response,Access to Information,Legal Frameworks,NA,Global Right to Information Rating,Centre for Law and Democracy; Access Info Europe,2025,Reasonable timelines exist for responding to requests,Reasonable timelines exist for responding to requests,"To meet this benchmark, the ATI legal framework must include:

1) a maximum timeline for responding to requests of 20 working days (or 1 month, 30 days or 4 weeks);
2) a maximum timeline extension of 20 working days or less;
3) a requirement that requesters be notified of extensions and provided with the reasons.

Legal frameworks that meet only some of these criteria receive a Partial score.",Africa and the Middle East,Kenya,KEN,ati_law_02,1,Partial
ati_law_response,Access to Information,Legal Frameworks,NA,Global Right to Information Rating,Centre for Law and Democracy; Access Info Europe,2025,Reasonable timelines exist for responding to requests,Reasonable timelines exist for responding to requests,"To meet this benchmark, the ATI legal framework must include:

1) a maximum timeline for responding to requests of 20 working days (or 1 month, 30 days or 4 weeks);
2) a maximum timeline extension of 20 working days or less;
3) a requirement that requesters be notified of extensions and provided with the reasons.

Legal frameworks that meet only some of these criteria receive a Partial score.",Europe,Kosovo,XKX,ati_law_02,2,Yes
ati_law_response,Access to Information,Legal Frameworks,NA,Global Right to Information Rating,Centre for Law and Democracy; Access Info Europe,2025,Reasonable timelines exist for responding to requests,Reasonable timelines exist for responding to requests,"To meet this benchmark, the ATI legal framework must include:

1) a maximum timeline for responding to requests of 20 working days (or 1 month, 30 days or 4 weeks);
2) a maximum timeline extension of 20 working days or less;
3) a requirement that requesters be notified of extensions and provided with the reasons.

Legal frameworks that meet only some of these criteria receive a Partial score.",Europe,Latvia,LVA,ati_law_02,1,Partial
ati_law_response,Access to Information,Legal Frameworks,NA,Global Right to Information Rating,Centre for Law and Democracy; Access Info Europe,2025,Reasonable timelines exist for responding to requests,Reasonable timelines exist for responding to requests,"To meet this benchmark, the ATI legal framework must include:

1) a maximum timeline for responding to requests of 20 working days (or 1 month, 30 days or 4 weeks);
2) a maximum timeline extension of 20 working days or less;
3) a requirement that requesters be notified of extensions and provided with the reasons.

Legal frameworks that meet only some of these criteria receive a Partial score.",Africa and the Middle East,Liberia,LBR,ati_law_02,1,Partial
ati_law_response,Access to Information,Legal Frameworks,NA,Global Right to Information Rating,Centre for Law and Democracy; Access Info Europe,2025,Reasonable timelines exist for responding to requests,Reasonable timelines exist for responding to requests,"To meet this benchmark, the ATI legal framework must include:

1) a maximum timeline for responding to requests of 20 working days (or 1 month, 30 days or 4 weeks);
2) a maximum timeline extension of 20 working days or less;
3) a requirement that requesters be notified of extensions and provided with the reasons.

Legal frameworks that meet only some of these criteria receive a Partial score.",Europe,Lithuania,LTU,ati_law_02,2,Yes
ati_law_response,Access to Information,Legal Frameworks,NA,Global Right to Information Rating,Centre for Law and Democracy; Access Info Europe,2025,Reasonable timelines exist for responding to requests,Reasonable timelines exist for responding to requests,"To meet this benchmark, the ATI legal framework must include:

1) a maximum timeline for responding to requests of 20 working days (or 1 month, 30 days or 4 weeks);
2) a maximum timeline extension of 20 working days or less;
3) a requirement that requesters be notified of extensions and provided with the reasons.

Legal frameworks that meet only some of these criteria receive a Partial score.",Africa and the Middle East,Malawi,MWI,ati_law_02,1,Partial
ati_law_response,Access to Information,Legal Frameworks,NA,Global Right to Information Rating,Centre for Law and Democracy; Access Info Europe,2025,Reasonable timelines exist for responding to requests,Reasonable timelines exist for responding to requests,"To meet this benchmark, the ATI legal framework must include:

1) a maximum timeline for responding to requests of 20 working days (or 1 month, 30 days or 4 weeks);
2) a maximum timeline extension of 20 working days or less;
3) a requirement that requesters be notified of extensions and provided with the reasons.

Legal frameworks that meet only some of these criteria receive a Partial score.",Asia and the Pacific,Maldives,MDV,ati_law_02,2,Yes
ati_law_response,Access to Information,Legal Frameworks,NA,Global Right to Information Rating,Centre for Law and Democracy; Access Info Europe,2025,Reasonable timelines exist for responding to requests,Reasonable timelines exist for responding to requests,"To meet this benchmark, the ATI legal framework must include:

1) a maximum timeline for responding to requests of 20 working days (or 1 month, 30 days or 4 weeks);
2) a maximum timeline extension of 20 working days or less;
3) a requirement that requesters be notified of extensions and provided with the reasons.

Legal frameworks that meet only some of these criteria receive a Partial score.",Europe,Malta,MLT,ati_law_02,2,Yes
ati_law_response,Access to Information,Legal Frameworks,NA,Global Right to Information Rating,Centre for Law and Democracy; Access Info Europe,2025,Reasonable timelines exist for responding to requests,Reasonable timelines exist for responding to requests,"To meet this benchmark, the ATI legal framework must include:

1) a maximum timeline for responding to requests of 20 working days (or 1 month, 30 days or 4 weeks);
2) a maximum timeline extension of 20 working days or less;
3) a requirement that requesters be notified of extensions and provided with the reasons.

Legal frameworks that meet only some of these criteria receive a Partial score.",Americas,Mexico,MEX,ati_law_02,2,Yes
ati_law_response,Access to Information,Legal Frameworks,NA,Global Right to Information Rating,Centre for Law and Democracy; Access Info Europe,2025,Reasonable timelines exist for responding to requests,Reasonable timelines exist for responding to requests,"To meet this benchmark, the ATI legal framework must include:

1) a maximum timeline for responding to requests of 20 working days (or 1 month, 30 days or 4 weeks);
2) a maximum timeline extension of 20 working days or less;
3) a requirement that requesters be notified of extensions and provided with the reasons.

Legal frameworks that meet only some of these criteria receive a Partial score.",Europe,Republic of Moldova,MDA,ati_law_02,2,Yes
ati_law_response,Access to Information,Legal Frameworks,NA,Global Right to Information Rating,Centre for Law and Democracy; Access Info Europe,2025,Reasonable timelines exist for responding to requests,Reasonable timelines exist for responding to requests,"To meet this benchmark, the ATI legal framework must include:

1) a maximum timeline for responding to requests of 20 working days (or 1 month, 30 days or 4 weeks);
2) a maximum timeline extension of 20 working days or less;
3) a requirement that requesters be notified of extensions and provided with the reasons.

Legal frameworks that meet only some of these criteria receive a Partial score.",Asia and the Pacific,Mongolia,MNG,ati_law_02,2,Yes
ati_law_response,Access to Information,Legal Frameworks,NA,Global Right to Information Rating,Centre for Law and Democracy; Access Info Europe,2025,Reasonable timelines exist for responding to requests,Reasonable timelines exist for responding to requests,"To meet this benchmark, the ATI legal framework must include:

1) a maximum timeline for responding to requests of 20 working days (or 1 month, 30 days or 4 weeks);
2) a maximum timeline extension of 20 working days or less;
3) a requirement that requesters be notified of extensions and provided with the reasons.

Legal frameworks that meet only some of these criteria receive a Partial score.",Europe,Montenegro,MNE,ati_law_02,2,Yes
ati_law_response,Access to Information,Legal Frameworks,NA,Global Right to Information Rating,Centre for Law and Democracy; Access Info Europe,2025,Reasonable timelines exist for responding to requests,Reasonable timelines exist for responding to requests,"To meet this benchmark, the ATI legal framework must include:

1) a maximum timeline for responding to requests of 20 working days (or 1 month, 30 days or 4 weeks);
2) a maximum timeline extension of 20 working days or less;
3) a requirement that requesters be notified of extensions and provided with the reasons.

Legal frameworks that meet only some of these criteria receive a Partial score.",Africa and the Middle East,Morocco,MAR,ati_law_02,1,Partial
ati_law_response,Access to Information,Legal Frameworks,NA,Global Right to Information Rating,Centre for Law and Democracy; Access Info Europe,2025,Reasonable timelines exist for responding to requests,Reasonable timelines exist for responding to requests,"To meet this benchmark, the ATI legal framework must include:

1) a maximum timeline for responding to requests of 20 working days (or 1 month, 30 days or 4 weeks);
2) a maximum timeline extension of 20 working days or less;
3) a requirement that requesters be notified of extensions and provided with the reasons.

Legal frameworks that meet only some of these criteria receive a Partial score.",Europe,Netherlands,NLD,ati_law_02,2,Yes
ati_law_response,Access to Information,Legal Frameworks,NA,Global Right to Information Rating,Centre for Law and Democracy; Access Info Europe,2025,Reasonable timelines exist for responding to requests,Reasonable timelines exist for responding to requests,"To meet this benchmark, the ATI legal framework must include:

1) a maximum timeline for responding to requests of 20 working days (or 1 month, 30 days or 4 weeks);
2) a maximum timeline extension of 20 working days or less;
3) a requirement that requesters be notified of extensions and provided with the reasons.

Legal frameworks that meet only some of these criteria receive a Partial score.",Asia and the Pacific,New Zealand,NZL,ati_law_02,1,Partial
ati_law_response,Access to Information,Legal Frameworks,NA,Global Right to Information Rating,Centre for Law and Democracy; Access Info Europe,2025,Reasonable timelines exist for responding to requests,Reasonable timelines exist for responding to requests,"To meet this benchmark, the ATI legal framework must include:

1) a maximum timeline for responding to requests of 20 working days (or 1 month, 30 days or 4 weeks);
2) a maximum timeline extension of 20 working days or less;
3) a requirement that requesters be notified of extensions and provided with the reasons.

Legal frameworks that meet only some of these criteria receive a Partial score.",Africa and the Middle East,Nigeria,NGA,ati_law_02,2,Yes
ati_law_response,Access to Information,Legal Frameworks,NA,Global Right to Information Rating,Centre for Law and Democracy; Access Info Europe,2025,Reasonable timelines exist for responding to requests,Reasonable timelines exist for responding to requests,"To meet this benchmark, the ATI legal framework must include:

1) a maximum timeline for responding to requests of 20 working days (or 1 month, 30 days or 4 weeks);
2) a maximum timeline extension of 20 working days or less;
3) a requirement that requesters be notified of extensions and provided with the reasons.

Legal frameworks that meet only some of these criteria receive a Partial score.",Europe,North Macedonia,MKD,ati_law_02,2,Yes
ati_law_response,Access to Information,Legal Frameworks,NA,Global Right to Information Rating,Centre for Law and Democracy; Access Info Europe,2025,Reasonable timelines exist for responding to requests,Reasonable timelines exist for responding to requests,"To meet this benchmark, the ATI legal framework must include:

1) a maximum timeline for responding to requests of 20 working days (or 1 month, 30 days or 4 weeks);
2) a maximum timeline extension of 20 working days or less;
3) a requirement that requesters be notified of extensions and provided with the reasons.

Legal frameworks that meet only some of these criteria receive a Partial score.",Europe,Norway,NOR,ati_law_02,1,Partial
ati_law_response,Access to Information,Legal Frameworks,NA,Global Right to Information Rating,Centre for Law and Democracy; Access Info Europe,2025,Reasonable timelines exist for responding to requests,Reasonable timelines exist for responding to requests,"To meet this benchmark, the ATI legal framework must include:

1) a maximum timeline for responding to requests of 20 working days (or 1 month, 30 days or 4 weeks);
2) a maximum timeline extension of 20 working days or less;
3) a requirement that requesters be notified of extensions and provided with the reasons.

Legal frameworks that meet only some of these criteria receive a Partial score.",Americas,Panama,PAN,ati_law_02,2,Yes
ati_law_response,Access to Information,Legal Frameworks,NA,Global Right to Information Rating,Centre for Law and Democracy; Access Info Europe,2025,Reasonable timelines exist for responding to requests,Reasonable timelines exist for responding to requests,"To meet this benchmark, the ATI legal framework must include:

1) a maximum timeline for responding to requests of 20 working days (or 1 month, 30 days or 4 weeks);
2) a maximum timeline extension of 20 working days or less;
3) a requirement that requesters be notified of extensions and provided with the reasons.

Legal frameworks that meet only some of these criteria receive a Partial score.",Americas,Paraguay,PRY,ati_law_02,2,Yes
ati_law_response,Access to Information,Legal Frameworks,NA,Global Right to Information Rating,Centre for Law and Democracy; Access Info Europe,2025,Reasonable timelines exist for responding to requests,Reasonable timelines exist for responding to requests,"To meet this benchmark, the ATI legal framework must include:

1) a maximum timeline for responding to requests of 20 working days (or 1 month, 30 days or 4 weeks);
2) a maximum timeline extension of 20 working days or less;
3) a requirement that requesters be notified of extensions and provided with the reasons.

Legal frameworks that meet only some of these criteria receive a Partial score.",Americas,Peru,PER,ati_law_02,2,Yes
ati_law_response,Access to Information,Legal Frameworks,NA,Global Right to Information Rating,Centre for Law and Democracy; Access Info Europe,2025,Reasonable timelines exist for responding to requests,Reasonable timelines exist for responding to requests,"To meet this benchmark, the ATI legal framework must include:

1) a maximum timeline for responding to requests of 20 working days (or 1 month, 30 days or 4 weeks);
2) a maximum timeline extension of 20 working days or less;
3) a requirement that requesters be notified of extensions and provided with the reasons.

Legal frameworks that meet only some of these criteria receive a Partial score.",Asia and the Pacific,Philippines,PHL,ati_law_02,1,Partial
ati_law_response,Access to Information,Legal Frameworks,NA,Global Right to Information Rating,Centre for Law and Democracy; Access Info Europe,2025,Reasonable timelines exist for responding to requests,Reasonable timelines exist for responding to requests,"To meet this benchmark, the ATI legal framework must include:

1) a maximum timeline for responding to requests of 20 working days (or 1 month, 30 days or 4 weeks);
2) a maximum timeline extension of 20 working days or less;
3) a requirement that requesters be notified of extensions and provided with the reasons.

Legal frameworks that meet only some of these criteria receive a Partial score.",Europe,Portugal,PRT,ati_law_02,1,Partial
ati_law_response,Access to Information,Legal Frameworks,NA,Global Right to Information Rating,Centre for Law and Democracy; Access Info Europe,2025,Reasonable timelines exist for responding to requests,Reasonable timelines exist for responding to requests,"To meet this benchmark, the ATI legal framework must include:

1) a maximum timeline for responding to requests of 20 working days (or 1 month, 30 days or 4 weeks);
2) a maximum timeline extension of 20 working days or less;
3) a requirement that requesters be notified of extensions and provided with the reasons.

Legal frameworks that meet only some of these criteria receive a Partial score.",Europe,Romania,ROU,ati_law_02,2,Yes
ati_law_response,Access to Information,Legal Frameworks,NA,Global Right to Information Rating,Centre for Law and Democracy; Access Info Europe,2025,Reasonable timelines exist for responding to requests,Reasonable timelines exist for responding to requests,"To meet this benchmark, the ATI legal framework must include:

1) a maximum timeline for responding to requests of 20 working days (or 1 month, 30 days or 4 weeks);
2) a maximum timeline extension of 20 working days or less;
3) a requirement that requesters be notified of extensions and provided with the reasons.

Legal frameworks that meet only some of these criteria receive a Partial score.",Africa and the Middle East,Senegal,SEN,ati_law_02,1,Partial
ati_law_response,Access to Information,Legal Frameworks,NA,Global Right to Information Rating,Centre for Law and Democracy; Access Info Europe,2025,Reasonable timelines exist for responding to requests,Reasonable timelines exist for responding to requests,"To meet this benchmark, the ATI legal framework must include:

1) a maximum timeline for responding to requests of 20 working days (or 1 month, 30 days or 4 weeks);
2) a maximum timeline extension of 20 working days or less;
3) a requirement that requesters be notified of extensions and provided with the reasons.

Legal frameworks that meet only some of these criteria receive a Partial score.",Europe,Serbia,SRB,ati_law_02,1,Partial
ati_law_response,Access to Information,Legal Frameworks,NA,Global Right to Information Rating,Centre for Law and Democracy; Access Info Europe,2025,Reasonable timelines exist for responding to requests,Reasonable timelines exist for responding to requests,"To meet this benchmark, the ATI legal framework must include:

1) a maximum timeline for responding to requests of 20 working days (or 1 month, 30 days or 4 weeks);
2) a maximum timeline extension of 20 working days or less;
3) a requirement that requesters be notified of extensions and provided with the reasons.

Legal frameworks that meet only some of these criteria receive a Partial score.",Africa and the Middle East,Seychelles,SYC,ati_law_02,2,Yes
ati_law_response,Access to Information,Legal Frameworks,NA,Global Right to Information Rating,Centre for Law and Democracy; Access Info Europe,2025,Reasonable timelines exist for responding to requests,Reasonable timelines exist for responding to requests,"To meet this benchmark, the ATI legal framework must include:

1) a maximum timeline for responding to requests of 20 working days (or 1 month, 30 days or 4 weeks);
2) a maximum timeline extension of 20 working days or less;
3) a requirement that requesters be notified of extensions and provided with the reasons.

Legal frameworks that meet only some of these criteria receive a Partial score.",Africa and the Middle East,Sierra Leone,SLE,ati_law_02,2,Yes
ati_law_response,Access to Information,Legal Frameworks,NA,Global Right to Information Rating,Centre for Law and Democracy; Access Info Europe,2025,Reasonable timelines exist for responding to requests,Reasonable timelines exist for responding to requests,"To meet this benchmark, the ATI legal framework must include:

1) a maximum timeline for responding to requests of 20 working days (or 1 month, 30 days or 4 weeks);
2) a maximum timeline extension of 20 working days or less;
3) a requirement that requesters be notified of extensions and provided with the reasons.

Legal frameworks that meet only some of these criteria receive a Partial score.",Europe,Slovakia,SVK,ati_law_02,2,Yes
ati_law_response,Access to Information,Legal Frameworks,NA,Global Right to Information Rating,Centre for Law and Democracy; Access Info Europe,2025,Reasonable timelines exist for responding to requests,Reasonable timelines exist for responding to requests,"To meet this benchmark, the ATI legal framework must include:

1) a maximum timeline for responding to requests of 20 working days (or 1 month, 30 days or 4 weeks);
2) a maximum timeline extension of 20 working days or less;
3) a requirement that requesters be notified of extensions and provided with the reasons.

Legal frameworks that meet only some of these criteria receive a Partial score.",Africa and the Middle East,South Africa,ZAF,ati_law_02,2,Yes
ati_law_response,Access to Information,Legal Frameworks,NA,Global Right to Information Rating,Centre for Law and Democracy; Access Info Europe,2025,Reasonable timelines exist for responding to requests,Reasonable timelines exist for responding to requests,"To meet this benchmark, the ATI legal framework must include:

1) a maximum timeline for responding to requests of 20 working days (or 1 month, 30 days or 4 weeks);
2) a maximum timeline extension of 20 working days or less;
3) a requirement that requesters be notified of extensions and provided with the reasons.

Legal frameworks that meet only some of these criteria receive a Partial score.",Asia and the Pacific,Republic of Korea,KOR,ati_law_02,1,Partial
ati_law_response,Access to Information,Legal Frameworks,NA,Global Right to Information Rating,Centre for Law and Democracy; Access Info Europe,2025,Reasonable timelines exist for responding to requests,Reasonable timelines exist for responding to requests,"To meet this benchmark, the ATI legal framework must include:

1) a maximum timeline for responding to requests of 20 working days (or 1 month, 30 days or 4 weeks);
2) a maximum timeline extension of 20 working days or less;
3) a requirement that requesters be notified of extensions and provided with the reasons.

Legal frameworks that meet only some of these criteria receive a Partial score.",Europe,Spain,ESP,ati_law_02,2,Yes
ati_law_response,Access to Information,Legal Frameworks,NA,Global Right to Information Rating,Centre for Law and Democracy; Access Info Europe,2025,Reasonable timelines exist for responding to requests,Reasonable timelines exist for responding to requests,"To meet this benchmark, the ATI legal framework must include:

1) a maximum timeline for responding to requests of 20 working days (or 1 month, 30 days or 4 weeks);
2) a maximum timeline extension of 20 working days or less;
3) a requirement that requesters be notified of extensions and provided with the reasons.

Legal frameworks that meet only some of these criteria receive a Partial score.",Europe,Sweden,SWE,ati_law_02,1,Partial
ati_law_response,Access to Information,Legal Frameworks,NA,Global Right to Information Rating,Centre for Law and Democracy; Access Info Europe,2025,Reasonable timelines exist for responding to requests,Reasonable timelines exist for responding to requests,"To meet this benchmark, the ATI legal framework must include:

1) a maximum timeline for responding to requests of 20 working days (or 1 month, 30 days or 4 weeks);
2) a maximum timeline extension of 20 working days or less;
3) a requirement that requesters be notified of extensions and provided with the reasons.

Legal frameworks that meet only some of these criteria receive a Partial score.",Asia and the Pacific,Thailand,THA,ati_law_02,1,Partial
ati_law_response,Access to Information,Legal Frameworks,NA,Global Right to Information Rating,Centre for Law and Democracy; Access Info Europe,2025,Reasonable timelines exist for responding to requests,Reasonable timelines exist for responding to requests,"To meet this benchmark, the ATI legal framework must include:

1) a maximum timeline for responding to requests of 20 working days (or 1 month, 30 days or 4 weeks);
2) a maximum timeline extension of 20 working days or less;
3) a requirement that requesters be notified of extensions and provided with the reasons.

Legal frameworks that meet only some of these criteria receive a Partial score.",Africa and the Middle East,Tunisia,TUN,ati_law_02,2,Yes
ati_law_response,Access to Information,Legal Frameworks,NA,Global Right to Information Rating,Centre for Law and Democracy; Access Info Europe,2025,Reasonable timelines exist for responding to requests,Reasonable timelines exist for responding to requests,"To meet this benchmark, the ATI legal framework must include:

1) a maximum timeline for responding to requests of 20 working days (or 1 month, 30 days or 4 weeks);
2) a maximum timeline extension of 20 working days or less;
3) a requirement that requesters be notified of extensions and provided with the reasons.

Legal frameworks that meet only some of these criteria receive a Partial score.",Europe,Ukraine,UKR,ati_law_02,2,Yes
ati_law_response,Access to Information,Legal Frameworks,NA,Global Right to Information Rating,Centre for Law and Democracy; Access Info Europe,2025,Reasonable timelines exist for responding to requests,Reasonable timelines exist for responding to requests,"To meet this benchmark, the ATI legal framework must include:

1) a maximum timeline for responding to requests of 20 working days (or 1 month, 30 days or 4 weeks);
2) a maximum timeline extension of 20 working days or less;
3) a requirement that requesters be notified of extensions and provided with the reasons.

Legal frameworks that meet only some of these criteria receive a Partial score.",Europe,United Kingdom,GBR,ati_law_02,1,Partial
ati_law_response,Access to Information,Legal Frameworks,NA,Global Right to Information Rating,Centre for Law and Democracy; Access Info Europe,2025,Reasonable timelines exist for responding to requests,Reasonable timelines exist for responding to requests,"To meet this benchmark, the ATI legal framework must include:

1) a maximum timeline for responding to requests of 20 working days (or 1 month, 30 days or 4 weeks);
2) a maximum timeline extension of 20 working days or less;
3) a requirement that requesters be notified of extensions and provided with the reasons.

Legal frameworks that meet only some of these criteria receive a Partial score.",Americas,Uruguay,URY,ati_law_02,2,Yes
ati_law_response,Access to Information,Legal Frameworks,NA,Global Right to Information Rating,Centre for Law and Democracy; Access Info Europe,2025,Reasonable timelines exist for responding to requests,Reasonable timelines exist for responding to requests,"To meet this benchmark, the ATI legal framework must include:

1) a maximum timeline for responding to requests of 20 working days (or 1 month, 30 days or 4 weeks);
2) a maximum timeline extension of 20 working days or less;
3) a requirement that requesters be notified of extensions and provided with the reasons.

Legal frameworks that meet only some of these criteria receive a Partial score.",Africa and the Middle East,Zambia,ZMB,ati_law_02,2,Yes
ati_law_cost,Access to Information,Legal Frameworks,NA,Global Right to Information Rating,Centre for Law and Democracy; Access Info Europe,2025,Information is provided at a reasonable cost,"Access fees have clear, centrally-set rules, and are limited to the cost of reproducing and sending information, with some information provided for free.","To meet this benchmark, access fee rules must:

1) be set centrally, rather than by individual public authorities;
2) require that fees be limited to the cost of reproducing and sending information (so that inspection of documents and electronic copies are free)
3) require that a certain initial number of pages (at least 20) be provided for free.

Access fees that meet only some of these criteria receive a Partial score.",Europe,Albania,ALB,ati_law_03,1,Partial
ati_law_cost,Access to Information,Legal Frameworks,NA,Global Right to Information Rating,Centre for Law and Democracy; Access Info Europe,2025,Information is provided at a reasonable cost,"Access fees have clear, centrally-set rules, and are limited to the cost of reproducing and sending information, with some information provided for free.","To meet this benchmark, access fee rules must:

1) be set centrally, rather than by individual public authorities;
2) require that fees be limited to the cost of reproducing and sending information (so that inspection of documents and electronic copies are free)
3) require that a certain initial number of pages (at least 20) be provided for free.

Access fees that meet only some of these criteria receive a Partial score.",Americas,Argentina,ARG,ati_law_03,2,Yes
ati_law_cost,Access to Information,Legal Frameworks,NA,Global Right to Information Rating,Centre for Law and Democracy; Access Info Europe,2025,Information is provided at a reasonable cost,"Access fees have clear, centrally-set rules, and are limited to the cost of reproducing and sending information, with some information provided for free.","To meet this benchmark, access fee rules must:

1) be set centrally, rather than by individual public authorities;
2) require that fees be limited to the cost of reproducing and sending information (so that inspection of documents and electronic copies are free)
3) require that a certain initial number of pages (at least 20) be provided for free.

Access fees that meet only some of these criteria receive a Partial score.",Europe,Armenia,ARM,ati_law_03,2,Yes
ati_law_cost,Access to Information,Legal Frameworks,NA,Global Right to Information Rating,Centre for Law and Democracy; Access Info Europe,2025,Information is provided at a reasonable cost,"Access fees have clear, centrally-set rules, and are limited to the cost of reproducing and sending information, with some information provided for free.","To meet this benchmark, access fee rules must:

1) be set centrally, rather than by individual public authorities;
2) require that fees be limited to the cost of reproducing and sending information (so that inspection of documents and electronic copies are free)
3) require that a certain initial number of pages (at least 20) be provided for free.

Access fees that meet only some of these criteria receive a Partial score.",Asia and the Pacific,Australia,AUS,ati_law_03,0,No
ati_law_cost,Access to Information,Legal Frameworks,NA,Global Right to Information Rating,Centre for Law and Democracy; Access Info Europe,2025,Information is provided at a reasonable cost,"Access fees have clear, centrally-set rules, and are limited to the cost of reproducing and sending information, with some information provided for free.","To meet this benchmark, access fee rules must:

1) be set centrally, rather than by individual public authorities;
2) require that fees be limited to the cost of reproducing and sending information (so that inspection of documents and electronic copies are free)
3) require that a certain initial number of pages (at least 20) be provided for free.

Access fees that meet only some of these criteria receive a Partial score.",Africa and the Middle East,Benin,BEN,ati_law_03,1,Partial
ati_law_cost,Access to Information,Legal Frameworks,NA,Global Right to Information Rating,Centre for Law and Democracy; Access Info Europe,2025,Information is provided at a reasonable cost,"Access fees have clear, centrally-set rules, and are limited to the cost of reproducing and sending information, with some information provided for free.","To meet this benchmark, access fee rules must:

1) be set centrally, rather than by individual public authorities;
2) require that fees be limited to the cost of reproducing and sending information (so that inspection of documents and electronic copies are free)
3) require that a certain initial number of pages (at least 20) be provided for free.

Access fees that meet only some of these criteria receive a Partial score.",Europe,Bosnia and Herzegovina,BIH,ati_law_03,1,Partial
ati_law_cost,Access to Information,Legal Frameworks,NA,Global Right to Information Rating,Centre for Law and Democracy; Access Info Europe,2025,Information is provided at a reasonable cost,"Access fees have clear, centrally-set rules, and are limited to the cost of reproducing and sending information, with some information provided for free.","To meet this benchmark, access fee rules must:

1) be set centrally, rather than by individual public authorities;
2) require that fees be limited to the cost of reproducing and sending information (so that inspection of documents and electronic copies are free)
3) require that a certain initial number of pages (at least 20) be provided for free.

Access fees that meet only some of these criteria receive a Partial score.",Americas,Brazil,BRA,ati_law_03,1,Partial
ati_law_cost,Access to Information,Legal Frameworks,NA,Global Right to Information Rating,Centre for Law and Democracy; Access Info Europe,2025,Information is provided at a reasonable cost,"Access fees have clear, centrally-set rules, and are limited to the cost of reproducing and sending information, with some information provided for free.","To meet this benchmark, access fee rules must:

1) be set centrally, rather than by individual public authorities;
2) require that fees be limited to the cost of reproducing and sending information (so that inspection of documents and electronic copies are free)
3) require that a certain initial number of pages (at least 20) be provided for free.

Access fees that meet only some of these criteria receive a Partial score.",Europe,Bulgaria,BGR,ati_law_03,1,Partial
ati_law_cost,Access to Information,Legal Frameworks,NA,Global Right to Information Rating,Centre for Law and Democracy; Access Info Europe,2025,Information is provided at a reasonable cost,"Access fees have clear, centrally-set rules, and are limited to the cost of reproducing and sending information, with some information provided for free.","To meet this benchmark, access fee rules must:

1) be set centrally, rather than by individual public authorities;
2) require that fees be limited to the cost of reproducing and sending information (so that inspection of documents and electronic copies are free)
3) require that a certain initial number of pages (at least 20) be provided for free.

Access fees that meet only some of these criteria receive a Partial score.",Africa and the Middle East,Burkina Faso,BFA,ati_law_03,1,Partial
ati_law_cost,Access to Information,Legal Frameworks,NA,Global Right to Information Rating,Centre for Law and Democracy; Access Info Europe,2025,Information is provided at a reasonable cost,"Access fees have clear, centrally-set rules, and are limited to the cost of reproducing and sending information, with some information provided for free.","To meet this benchmark, access fee rules must:

1) be set centrally, rather than by individual public authorities;
2) require that fees be limited to the cost of reproducing and sending information (so that inspection of documents and electronic copies are free)
3) require that a certain initial number of pages (at least 20) be provided for free.

Access fees that meet only some of these criteria receive a Partial score.",Americas,Canada,CAN,ati_law_03,2,Yes
ati_law_cost,Access to Information,Legal Frameworks,NA,Global Right to Information Rating,Centre for Law and Democracy; Access Info Europe,2025,Information is provided at a reasonable cost,"Access fees have clear, centrally-set rules, and are limited to the cost of reproducing and sending information, with some information provided for free.","To meet this benchmark, access fee rules must:

1) be set centrally, rather than by individual public authorities;
2) require that fees be limited to the cost of reproducing and sending information (so that inspection of documents and electronic copies are free)
3) require that a certain initial number of pages (at least 20) be provided for free.

Access fees that meet only some of these criteria receive a Partial score.",Africa and the Middle East,Cabo Verde,CPV,ati_law_03,1,Partial
ati_law_cost,Access to Information,Legal Frameworks,NA,Global Right to Information Rating,Centre for Law and Democracy; Access Info Europe,2025,Information is provided at a reasonable cost,"Access fees have clear, centrally-set rules, and are limited to the cost of reproducing and sending information, with some information provided for free.","To meet this benchmark, access fee rules must:

1) be set centrally, rather than by individual public authorities;
2) require that fees be limited to the cost of reproducing and sending information (so that inspection of documents and electronic copies are free)
3) require that a certain initial number of pages (at least 20) be provided for free.

Access fees that meet only some of these criteria receive a Partial score.",Americas,Chile,CHL,ati_law_03,2,Yes
ati_law_cost,Access to Information,Legal Frameworks,NA,Global Right to Information Rating,Centre for Law and Democracy; Access Info Europe,2025,Information is provided at a reasonable cost,"Access fees have clear, centrally-set rules, and are limited to the cost of reproducing and sending information, with some information provided for free.","To meet this benchmark, access fee rules must:

1) be set centrally, rather than by individual public authorities;
2) require that fees be limited to the cost of reproducing and sending information (so that inspection of documents and electronic copies are free)
3) require that a certain initial number of pages (at least 20) be provided for free.

Access fees that meet only some of these criteria receive a Partial score.",Americas,Colombia,COL,ati_law_03,1,Partial
ati_law_cost,Access to Information,Legal Frameworks,NA,Global Right to Information Rating,Centre for Law and Democracy; Access Info Europe,2025,Information is provided at a reasonable cost,"Access fees have clear, centrally-set rules, and are limited to the cost of reproducing and sending information, with some information provided for free.","To meet this benchmark, access fee rules must:

1) be set centrally, rather than by individual public authorities;
2) require that fees be limited to the cost of reproducing and sending information (so that inspection of documents and electronic copies are free)
3) require that a certain initial number of pages (at least 20) be provided for free.

Access fees that meet only some of these criteria receive a Partial score.",Americas,Costa Rica,CRI,ati_law_03,1,Partial
ati_law_cost,Access to Information,Legal Frameworks,NA,Global Right to Information Rating,Centre for Law and Democracy; Access Info Europe,2025,Information is provided at a reasonable cost,"Access fees have clear, centrally-set rules, and are limited to the cost of reproducing and sending information, with some information provided for free.","To meet this benchmark, access fee rules must:

1) be set centrally, rather than by individual public authorities;
2) require that fees be limited to the cost of reproducing and sending information (so that inspection of documents and electronic copies are free)
3) require that a certain initial number of pages (at least 20) be provided for free.

Access fees that meet only some of these criteria receive a Partial score.",Europe,Croatia,HRV,ati_law_03,2,Yes
ati_law_cost,Access to Information,Legal Frameworks,NA,Global Right to Information Rating,Centre for Law and Democracy; Access Info Europe,2025,Information is provided at a reasonable cost,"Access fees have clear, centrally-set rules, and are limited to the cost of reproducing and sending information, with some information provided for free.","To meet this benchmark, access fee rules must:

1) be set centrally, rather than by individual public authorities;
2) require that fees be limited to the cost of reproducing and sending information (so that inspection of documents and electronic copies are free)
3) require that a certain initial number of pages (at least 20) be provided for free.

Access fees that meet only some of these criteria receive a Partial score.",Europe,Czech Republic,CZE,ati_law_03,2,Yes
ati_law_cost,Access to Information,Legal Frameworks,NA,Global Right to Information Rating,Centre for Law and Democracy; Access Info Europe,2025,Information is provided at a reasonable cost,"Access fees have clear, centrally-set rules, and are limited to the cost of reproducing and sending information, with some information provided for free.","To meet this benchmark, access fee rules must:

1) be set centrally, rather than by individual public authorities;
2) require that fees be limited to the cost of reproducing and sending information (so that inspection of documents and electronic copies are free)
3) require that a certain initial number of pages (at least 20) be provided for free.

Access fees that meet only some of these criteria receive a Partial score.",Americas,Dominican Republic,DOM,ati_law_03,1,Partial
ati_law_cost,Access to Information,Legal Frameworks,NA,Global Right to Information Rating,Centre for Law and Democracy; Access Info Europe,2025,Information is provided at a reasonable cost,"Access fees have clear, centrally-set rules, and are limited to the cost of reproducing and sending information, with some information provided for free.","To meet this benchmark, access fee rules must:

1) be set centrally, rather than by individual public authorities;
2) require that fees be limited to the cost of reproducing and sending information (so that inspection of documents and electronic copies are free)
3) require that a certain initial number of pages (at least 20) be provided for free.

Access fees that meet only some of these criteria receive a Partial score.",Asia and the Pacific,Timor-Leste,TLS,ati_law_03,1,Partial
ati_law_cost,Access to Information,Legal Frameworks,NA,Global Right to Information Rating,Centre for Law and Democracy; Access Info Europe,2025,Information is provided at a reasonable cost,"Access fees have clear, centrally-set rules, and are limited to the cost of reproducing and sending information, with some information provided for free.","To meet this benchmark, access fee rules must:

1) be set centrally, rather than by individual public authorities;
2) require that fees be limited to the cost of reproducing and sending information (so that inspection of documents and electronic copies are free)
3) require that a certain initial number of pages (at least 20) be provided for free.

Access fees that meet only some of these criteria receive a Partial score.",Americas,Ecuador,ECU,ati_law_03,0,No
ati_law_cost,Access to Information,Legal Frameworks,NA,Global Right to Information Rating,Centre for Law and Democracy; Access Info Europe,2025,Information is provided at a reasonable cost,"Access fees have clear, centrally-set rules, and are limited to the cost of reproducing and sending information, with some information provided for free.","To meet this benchmark, access fee rules must:

1) be set centrally, rather than by individual public authorities;
2) require that fees be limited to the cost of reproducing and sending information (so that inspection of documents and electronic copies are free)
3) require that a certain initial number of pages (at least 20) be provided for free.

Access fees that meet only some of these criteria receive a Partial score.",Europe,Estonia,EST,ati_law_03,2,Yes
ati_law_cost,Access to Information,Legal Frameworks,NA,Global Right to Information Rating,Centre for Law and Democracy; Access Info Europe,2025,Information is provided at a reasonable cost,"Access fees have clear, centrally-set rules, and are limited to the cost of reproducing and sending information, with some information provided for free.","To meet this benchmark, access fee rules must:

1) be set centrally, rather than by individual public authorities;
2) require that fees be limited to the cost of reproducing and sending information (so that inspection of documents and electronic copies are free)
3) require that a certain initial number of pages (at least 20) be provided for free.

Access fees that meet only some of these criteria receive a Partial score.",Europe,Finland,FIN,ati_law_03,1,Partial
ati_law_cost,Access to Information,Legal Frameworks,NA,Global Right to Information Rating,Centre for Law and Democracy; Access Info Europe,2025,Information is provided at a reasonable cost,"Access fees have clear, centrally-set rules, and are limited to the cost of reproducing and sending information, with some information provided for free.","To meet this benchmark, access fee rules must:

1) be set centrally, rather than by individual public authorities;
2) require that fees be limited to the cost of reproducing and sending information (so that inspection of documents and electronic copies are free)
3) require that a certain initial number of pages (at least 20) be provided for free.

Access fees that meet only some of these criteria receive a Partial score.",Europe,France,FRA,ati_law_03,2,Yes
ati_law_cost,Access to Information,Legal Frameworks,NA,Global Right to Information Rating,Centre for Law and Democracy; Access Info Europe,2025,Information is provided at a reasonable cost,"Access fees have clear, centrally-set rules, and are limited to the cost of reproducing and sending information, with some information provided for free.","To meet this benchmark, access fee rules must:

1) be set centrally, rather than by individual public authorities;
2) require that fees be limited to the cost of reproducing and sending information (so that inspection of documents and electronic copies are free)
3) require that a certain initial number of pages (at least 20) be provided for free.

Access fees that meet only some of these criteria receive a Partial score.",Europe,Germany,DEU,ati_law_03,0,No
ati_law_cost,Access to Information,Legal Frameworks,NA,Global Right to Information Rating,Centre for Law and Democracy; Access Info Europe,2025,Information is provided at a reasonable cost,"Access fees have clear, centrally-set rules, and are limited to the cost of reproducing and sending information, with some information provided for free.","To meet this benchmark, access fee rules must:

1) be set centrally, rather than by individual public authorities;
2) require that fees be limited to the cost of reproducing and sending information (so that inspection of documents and electronic copies are free)
3) require that a certain initial number of pages (at least 20) be provided for free.

Access fees that meet only some of these criteria receive a Partial score.",Africa and the Middle East,Ghana,GHA,ati_law_03,1,Partial
ati_law_cost,Access to Information,Legal Frameworks,NA,Global Right to Information Rating,Centre for Law and Democracy; Access Info Europe,2025,Information is provided at a reasonable cost,"Access fees have clear, centrally-set rules, and are limited to the cost of reproducing and sending information, with some information provided for free.","To meet this benchmark, access fee rules must:

1) be set centrally, rather than by individual public authorities;
2) require that fees be limited to the cost of reproducing and sending information (so that inspection of documents and electronic copies are free)
3) require that a certain initial number of pages (at least 20) be provided for free.

Access fees that meet only some of these criteria receive a Partial score.",Europe,Greece,GRC,ati_law_03,1,Partial
ati_law_cost,Access to Information,Legal Frameworks,NA,Global Right to Information Rating,Centre for Law and Democracy; Access Info Europe,2025,Information is provided at a reasonable cost,"Access fees have clear, centrally-set rules, and are limited to the cost of reproducing and sending information, with some information provided for free.","To meet this benchmark, access fee rules must:

1) be set centrally, rather than by individual public authorities;
2) require that fees be limited to the cost of reproducing and sending information (so that inspection of documents and electronic copies are free)
3) require that a certain initial number of pages (at least 20) be provided for free.

Access fees that meet only some of these criteria receive a Partial score.",Americas,Guatemala,GTM,ati_law_03,2,Yes
ati_law_cost,Access to Information,Legal Frameworks,NA,Global Right to Information Rating,Centre for Law and Democracy; Access Info Europe,2025,Information is provided at a reasonable cost,"Access fees have clear, centrally-set rules, and are limited to the cost of reproducing and sending information, with some information provided for free.","To meet this benchmark, access fee rules must:

1) be set centrally, rather than by individual public authorities;
2) require that fees be limited to the cost of reproducing and sending information (so that inspection of documents and electronic copies are free)
3) require that a certain initial number of pages (at least 20) be provided for free.

Access fees that meet only some of these criteria receive a Partial score.",Americas,Honduras,HND,ati_law_03,1,Partial
ati_law_cost,Access to Information,Legal Frameworks,NA,Global Right to Information Rating,Centre for Law and Democracy; Access Info Europe,2025,Information is provided at a reasonable cost,"Access fees have clear, centrally-set rules, and are limited to the cost of reproducing and sending information, with some information provided for free.","To meet this benchmark, access fee rules must:

1) be set centrally, rather than by individual public authorities;
2) require that fees be limited to the cost of reproducing and sending information (so that inspection of documents and electronic copies are free)
3) require that a certain initial number of pages (at least 20) be provided for free.

Access fees that meet only some of these criteria receive a Partial score.",Asia and the Pacific,Indonesia,IDN,ati_law_03,0,No
ati_law_cost,Access to Information,Legal Frameworks,NA,Global Right to Information Rating,Centre for Law and Democracy; Access Info Europe,2025,Information is provided at a reasonable cost,"Access fees have clear, centrally-set rules, and are limited to the cost of reproducing and sending information, with some information provided for free.","To meet this benchmark, access fee rules must:

1) be set centrally, rather than by individual public authorities;
2) require that fees be limited to the cost of reproducing and sending information (so that inspection of documents and electronic copies are free)
3) require that a certain initial number of pages (at least 20) be provided for free.

Access fees that meet only some of these criteria receive a Partial score.",Europe,Ireland,IRL,ati_law_03,0,No
ati_law_cost,Access to Information,Legal Frameworks,NA,Global Right to Information Rating,Centre for Law and Democracy; Access Info Europe,2025,Information is provided at a reasonable cost,"Access fees have clear, centrally-set rules, and are limited to the cost of reproducing and sending information, with some information provided for free.","To meet this benchmark, access fee rules must:

1) be set centrally, rather than by individual public authorities;
2) require that fees be limited to the cost of reproducing and sending information (so that inspection of documents and electronic copies are free)
3) require that a certain initial number of pages (at least 20) be provided for free.

Access fees that meet only some of these criteria receive a Partial score.",Europe,Italy,ITA,ati_law_03,1,Partial
ati_law_cost,Access to Information,Legal Frameworks,NA,Global Right to Information Rating,Centre for Law and Democracy; Access Info Europe,2025,Information is provided at a reasonable cost,"Access fees have clear, centrally-set rules, and are limited to the cost of reproducing and sending information, with some information provided for free.","To meet this benchmark, access fee rules must:

1) be set centrally, rather than by individual public authorities;
2) require that fees be limited to the cost of reproducing and sending information (so that inspection of documents and electronic copies are free)
3) require that a certain initial number of pages (at least 20) be provided for free.

Access fees that meet only some of these criteria receive a Partial score.",Africa and the Middle East,Cote d'Ivoire,CIV,ati_law_03,1,Partial
ati_law_cost,Access to Information,Legal Frameworks,NA,Global Right to Information Rating,Centre for Law and Democracy; Access Info Europe,2025,Information is provided at a reasonable cost,"Access fees have clear, centrally-set rules, and are limited to the cost of reproducing and sending information, with some information provided for free.","To meet this benchmark, access fee rules must:

1) be set centrally, rather than by individual public authorities;
2) require that fees be limited to the cost of reproducing and sending information (so that inspection of documents and electronic copies are free)
3) require that a certain initial number of pages (at least 20) be provided for free.

Access fees that meet only some of these criteria receive a Partial score.",Americas,Jamaica,JAM,ati_law_03,2,Yes
ati_law_cost,Access to Information,Legal Frameworks,NA,Global Right to Information Rating,Centre for Law and Democracy; Access Info Europe,2025,Information is provided at a reasonable cost,"Access fees have clear, centrally-set rules, and are limited to the cost of reproducing and sending information, with some information provided for free.","To meet this benchmark, access fee rules must:

1) be set centrally, rather than by individual public authorities;
2) require that fees be limited to the cost of reproducing and sending information (so that inspection of documents and electronic copies are free)
3) require that a certain initial number of pages (at least 20) be provided for free.

Access fees that meet only some of these criteria receive a Partial score.",Africa and the Middle East,Jordan,JOR,ati_law_03,2,Yes
ati_law_cost,Access to Information,Legal Frameworks,NA,Global Right to Information Rating,Centre for Law and Democracy; Access Info Europe,2025,Information is provided at a reasonable cost,"Access fees have clear, centrally-set rules, and are limited to the cost of reproducing and sending information, with some information provided for free.","To meet this benchmark, access fee rules must:

1) be set centrally, rather than by individual public authorities;
2) require that fees be limited to the cost of reproducing and sending information (so that inspection of documents and electronic copies are free)
3) require that a certain initial number of pages (at least 20) be provided for free.

Access fees that meet only some of these criteria receive a Partial score.",Africa and the Middle East,Kenya,KEN,ati_law_03,2,Yes
ati_law_cost,Access to Information,Legal Frameworks,NA,Global Right to Information Rating,Centre for Law and Democracy; Access Info Europe,2025,Information is provided at a reasonable cost,"Access fees have clear, centrally-set rules, and are limited to the cost of reproducing and sending information, with some information provided for free.","To meet this benchmark, access fee rules must:

1) be set centrally, rather than by individual public authorities;
2) require that fees be limited to the cost of reproducing and sending information (so that inspection of documents and electronic copies are free)
3) require that a certain initial number of pages (at least 20) be provided for free.

Access fees that meet only some of these criteria receive a Partial score.",Europe,Kosovo,XKX,ati_law_03,1,Partial
ati_law_cost,Access to Information,Legal Frameworks,NA,Global Right to Information Rating,Centre for Law and Democracy; Access Info Europe,2025,Information is provided at a reasonable cost,"Access fees have clear, centrally-set rules, and are limited to the cost of reproducing and sending information, with some information provided for free.","To meet this benchmark, access fee rules must:

1) be set centrally, rather than by individual public authorities;
2) require that fees be limited to the cost of reproducing and sending information (so that inspection of documents and electronic copies are free)
3) require that a certain initial number of pages (at least 20) be provided for free.

Access fees that meet only some of these criteria receive a Partial score.",Europe,Latvia,LVA,ati_law_03,2,Yes
ati_law_cost,Access to Information,Legal Frameworks,NA,Global Right to Information Rating,Centre for Law and Democracy; Access Info Europe,2025,Information is provided at a reasonable cost,"Access fees have clear, centrally-set rules, and are limited to the cost of reproducing and sending information, with some information provided for free.","To meet this benchmark, access fee rules must:

1) be set centrally, rather than by individual public authorities;
2) require that fees be limited to the cost of reproducing and sending information (so that inspection of documents and electronic copies are free)
3) require that a certain initial number of pages (at least 20) be provided for free.

Access fees that meet only some of these criteria receive a Partial score.",Africa and the Middle East,Liberia,LBR,ati_law_03,1,Partial
ati_law_cost,Access to Information,Legal Frameworks,NA,Global Right to Information Rating,Centre for Law and Democracy; Access Info Europe,2025,Information is provided at a reasonable cost,"Access fees have clear, centrally-set rules, and are limited to the cost of reproducing and sending information, with some information provided for free.","To meet this benchmark, access fee rules must:

1) be set centrally, rather than by individual public authorities;
2) require that fees be limited to the cost of reproducing and sending information (so that inspection of documents and electronic copies are free)
3) require that a certain initial number of pages (at least 20) be provided for free.

Access fees that meet only some of these criteria receive a Partial score.",Europe,Lithuania,LTU,ati_law_03,2,Yes
ati_law_cost,Access to Information,Legal Frameworks,NA,Global Right to Information Rating,Centre for Law and Democracy; Access Info Europe,2025,Information is provided at a reasonable cost,"Access fees have clear, centrally-set rules, and are limited to the cost of reproducing and sending information, with some information provided for free.","To meet this benchmark, access fee rules must:

1) be set centrally, rather than by individual public authorities;
2) require that fees be limited to the cost of reproducing and sending information (so that inspection of documents and electronic copies are free)
3) require that a certain initial number of pages (at least 20) be provided for free.

Access fees that meet only some of these criteria receive a Partial score.",Africa and the Middle East,Malawi,MWI,ati_law_03,2,Yes
ati_law_cost,Access to Information,Legal Frameworks,NA,Global Right to Information Rating,Centre for Law and Democracy; Access Info Europe,2025,Information is provided at a reasonable cost,"Access fees have clear, centrally-set rules, and are limited to the cost of reproducing and sending information, with some information provided for free.","To meet this benchmark, access fee rules must:

1) be set centrally, rather than by individual public authorities;
2) require that fees be limited to the cost of reproducing and sending information (so that inspection of documents and electronic copies are free)
3) require that a certain initial number of pages (at least 20) be provided for free.

Access fees that meet only some of these criteria receive a Partial score.",Asia and the Pacific,Maldives,MDV,ati_law_03,2,Yes
ati_law_cost,Access to Information,Legal Frameworks,NA,Global Right to Information Rating,Centre for Law and Democracy; Access Info Europe,2025,Information is provided at a reasonable cost,"Access fees have clear, centrally-set rules, and are limited to the cost of reproducing and sending information, with some information provided for free.","To meet this benchmark, access fee rules must:

1) be set centrally, rather than by individual public authorities;
2) require that fees be limited to the cost of reproducing and sending information (so that inspection of documents and electronic copies are free)
3) require that a certain initial number of pages (at least 20) be provided for free.

Access fees that meet only some of these criteria receive a Partial score.",Europe,Malta,MLT,ati_law_03,0,No
ati_law_cost,Access to Information,Legal Frameworks,NA,Global Right to Information Rating,Centre for Law and Democracy; Access Info Europe,2025,Information is provided at a reasonable cost,"Access fees have clear, centrally-set rules, and are limited to the cost of reproducing and sending information, with some information provided for free.","To meet this benchmark, access fee rules must:

1) be set centrally, rather than by individual public authorities;
2) require that fees be limited to the cost of reproducing and sending information (so that inspection of documents and electronic copies are free)
3) require that a certain initial number of pages (at least 20) be provided for free.

Access fees that meet only some of these criteria receive a Partial score.",Americas,Mexico,MEX,ati_law_03,2,Yes
ati_law_cost,Access to Information,Legal Frameworks,NA,Global Right to Information Rating,Centre for Law and Democracy; Access Info Europe,2025,Information is provided at a reasonable cost,"Access fees have clear, centrally-set rules, and are limited to the cost of reproducing and sending information, with some information provided for free.","To meet this benchmark, access fee rules must:

1) be set centrally, rather than by individual public authorities;
2) require that fees be limited to the cost of reproducing and sending information (so that inspection of documents and electronic copies are free)
3) require that a certain initial number of pages (at least 20) be provided for free.

Access fees that meet only some of these criteria receive a Partial score.",Europe,Republic of Moldova,MDA,ati_law_03,1,Partial
ati_law_cost,Access to Information,Legal Frameworks,NA,Global Right to Information Rating,Centre for Law and Democracy; Access Info Europe,2025,Information is provided at a reasonable cost,"Access fees have clear, centrally-set rules, and are limited to the cost of reproducing and sending information, with some information provided for free.","To meet this benchmark, access fee rules must:

1) be set centrally, rather than by individual public authorities;
2) require that fees be limited to the cost of reproducing and sending information (so that inspection of documents and electronic copies are free)
3) require that a certain initial number of pages (at least 20) be provided for free.

Access fees that meet only some of these criteria receive a Partial score.",Asia and the Pacific,Mongolia,MNG,ati_law_03,1,Partial
ati_law_cost,Access to Information,Legal Frameworks,NA,Global Right to Information Rating,Centre for Law and Democracy; Access Info Europe,2025,Information is provided at a reasonable cost,"Access fees have clear, centrally-set rules, and are limited to the cost of reproducing and sending information, with some information provided for free.","To meet this benchmark, access fee rules must:

1) be set centrally, rather than by individual public authorities;
2) require that fees be limited to the cost of reproducing and sending information (so that inspection of documents and electronic copies are free)
3) require that a certain initial number of pages (at least 20) be provided for free.

Access fees that meet only some of these criteria receive a Partial score.",Europe,Montenegro,MNE,ati_law_03,1,Partial
ati_law_cost,Access to Information,Legal Frameworks,NA,Global Right to Information Rating,Centre for Law and Democracy; Access Info Europe,2025,Information is provided at a reasonable cost,"Access fees have clear, centrally-set rules, and are limited to the cost of reproducing and sending information, with some information provided for free.","To meet this benchmark, access fee rules must:

1) be set centrally, rather than by individual public authorities;
2) require that fees be limited to the cost of reproducing and sending information (so that inspection of documents and electronic copies are free)
3) require that a certain initial number of pages (at least 20) be provided for free.

Access fees that meet only some of these criteria receive a Partial score.",Africa and the Middle East,Morocco,MAR,ati_law_03,1,Partial
ati_law_cost,Access to Information,Legal Frameworks,NA,Global Right to Information Rating,Centre for Law and Democracy; Access Info Europe,2025,Information is provided at a reasonable cost,"Access fees have clear, centrally-set rules, and are limited to the cost of reproducing and sending information, with some information provided for free.","To meet this benchmark, access fee rules must:

1) be set centrally, rather than by individual public authorities;
2) require that fees be limited to the cost of reproducing and sending information (so that inspection of documents and electronic copies are free)
3) require that a certain initial number of pages (at least 20) be provided for free.

Access fees that meet only some of these criteria receive a Partial score.",Europe,Netherlands,NLD,ati_law_03,2,Yes
ati_law_cost,Access to Information,Legal Frameworks,NA,Global Right to Information Rating,Centre for Law and Democracy; Access Info Europe,2025,Information is provided at a reasonable cost,"Access fees have clear, centrally-set rules, and are limited to the cost of reproducing and sending information, with some information provided for free.","To meet this benchmark, access fee rules must:

1) be set centrally, rather than by individual public authorities;
2) require that fees be limited to the cost of reproducing and sending information (so that inspection of documents and electronic copies are free)
3) require that a certain initial number of pages (at least 20) be provided for free.

Access fees that meet only some of these criteria receive a Partial score.",Asia and the Pacific,New Zealand,NZL,ati_law_03,2,Yes
ati_law_cost,Access to Information,Legal Frameworks,NA,Global Right to Information Rating,Centre for Law and Democracy; Access Info Europe,2025,Information is provided at a reasonable cost,"Access fees have clear, centrally-set rules, and are limited to the cost of reproducing and sending information, with some information provided for free.","To meet this benchmark, access fee rules must:

1) be set centrally, rather than by individual public authorities;
2) require that fees be limited to the cost of reproducing and sending information (so that inspection of documents and electronic copies are free)
3) require that a certain initial number of pages (at least 20) be provided for free.

Access fees that meet only some of these criteria receive a Partial score.",Africa and the Middle East,Nigeria,NGA,ati_law_03,1,Partial
ati_law_cost,Access to Information,Legal Frameworks,NA,Global Right to Information Rating,Centre for Law and Democracy; Access Info Europe,2025,Information is provided at a reasonable cost,"Access fees have clear, centrally-set rules, and are limited to the cost of reproducing and sending information, with some information provided for free.","To meet this benchmark, access fee rules must:

1) be set centrally, rather than by individual public authorities;
2) require that fees be limited to the cost of reproducing and sending information (so that inspection of documents and electronic copies are free)
3) require that a certain initial number of pages (at least 20) be provided for free.

Access fees that meet only some of these criteria receive a Partial score.",Europe,North Macedonia,MKD,ati_law_03,2,Yes
ati_law_cost,Access to Information,Legal Frameworks,NA,Global Right to Information Rating,Centre for Law and Democracy; Access Info Europe,2025,Information is provided at a reasonable cost,"Access fees have clear, centrally-set rules, and are limited to the cost of reproducing and sending information, with some information provided for free.","To meet this benchmark, access fee rules must:

1) be set centrally, rather than by individual public authorities;
2) require that fees be limited to the cost of reproducing and sending information (so that inspection of documents and electronic copies are free)
3) require that a certain initial number of pages (at least 20) be provided for free.

Access fees that meet only some of these criteria receive a Partial score.",Europe,Norway,NOR,ati_law_03,0,No
ati_law_cost,Access to Information,Legal Frameworks,NA,Global Right to Information Rating,Centre for Law and Democracy; Access Info Europe,2025,Information is provided at a reasonable cost,"Access fees have clear, centrally-set rules, and are limited to the cost of reproducing and sending information, with some information provided for free.","To meet this benchmark, access fee rules must:

1) be set centrally, rather than by individual public authorities;
2) require that fees be limited to the cost of reproducing and sending information (so that inspection of documents and electronic copies are free)
3) require that a certain initial number of pages (at least 20) be provided for free.

Access fees that meet only some of these criteria receive a Partial score.",Americas,Panama,PAN,ati_law_03,1,Partial
ati_law_cost,Access to Information,Legal Frameworks,NA,Global Right to Information Rating,Centre for Law and Democracy; Access Info Europe,2025,Information is provided at a reasonable cost,"Access fees have clear, centrally-set rules, and are limited to the cost of reproducing and sending information, with some information provided for free.","To meet this benchmark, access fee rules must:

1) be set centrally, rather than by individual public authorities;
2) require that fees be limited to the cost of reproducing and sending information (so that inspection of documents and electronic copies are free)
3) require that a certain initial number of pages (at least 20) be provided for free.

Access fees that meet only some of these criteria receive a Partial score.",Americas,Paraguay,PRY,ati_law_03,2,Yes
ati_law_cost,Access to Information,Legal Frameworks,NA,Global Right to Information Rating,Centre for Law and Democracy; Access Info Europe,2025,Information is provided at a reasonable cost,"Access fees have clear, centrally-set rules, and are limited to the cost of reproducing and sending information, with some information provided for free.","To meet this benchmark, access fee rules must:

1) be set centrally, rather than by individual public authorities;
2) require that fees be limited to the cost of reproducing and sending information (so that inspection of documents and electronic copies are free)
3) require that a certain initial number of pages (at least 20) be provided for free.

Access fees that meet only some of these criteria receive a Partial score.",Americas,Peru,PER,ati_law_03,2,Yes
ati_law_cost,Access to Information,Legal Frameworks,NA,Global Right to Information Rating,Centre for Law and Democracy; Access Info Europe,2025,Information is provided at a reasonable cost,"Access fees have clear, centrally-set rules, and are limited to the cost of reproducing and sending information, with some information provided for free.","To meet this benchmark, access fee rules must:

1) be set centrally, rather than by individual public authorities;
2) require that fees be limited to the cost of reproducing and sending information (so that inspection of documents and electronic copies are free)
3) require that a certain initial number of pages (at least 20) be provided for free.

Access fees that meet only some of these criteria receive a Partial score.",Asia and the Pacific,Philippines,PHL,ati_law_03,2,Yes
ati_law_cost,Access to Information,Legal Frameworks,NA,Global Right to Information Rating,Centre for Law and Democracy; Access Info Europe,2025,Information is provided at a reasonable cost,"Access fees have clear, centrally-set rules, and are limited to the cost of reproducing and sending information, with some information provided for free.","To meet this benchmark, access fee rules must:

1) be set centrally, rather than by individual public authorities;
2) require that fees be limited to the cost of reproducing and sending information (so that inspection of documents and electronic copies are free)
3) require that a certain initial number of pages (at least 20) be provided for free.

Access fees that meet only some of these criteria receive a Partial score.",Europe,Portugal,PRT,ati_law_03,2,Yes
ati_law_cost,Access to Information,Legal Frameworks,NA,Global Right to Information Rating,Centre for Law and Democracy; Access Info Europe,2025,Information is provided at a reasonable cost,"Access fees have clear, centrally-set rules, and are limited to the cost of reproducing and sending information, with some information provided for free.","To meet this benchmark, access fee rules must:

1) be set centrally, rather than by individual public authorities;
2) require that fees be limited to the cost of reproducing and sending information (so that inspection of documents and electronic copies are free)
3) require that a certain initial number of pages (at least 20) be provided for free.

Access fees that meet only some of these criteria receive a Partial score.",Europe,Romania,ROU,ati_law_03,1,Partial
ati_law_cost,Access to Information,Legal Frameworks,NA,Global Right to Information Rating,Centre for Law and Democracy; Access Info Europe,2025,Information is provided at a reasonable cost,"Access fees have clear, centrally-set rules, and are limited to the cost of reproducing and sending information, with some information provided for free.","To meet this benchmark, access fee rules must:

1) be set centrally, rather than by individual public authorities;
2) require that fees be limited to the cost of reproducing and sending information (so that inspection of documents and electronic copies are free)
3) require that a certain initial number of pages (at least 20) be provided for free.

Access fees that meet only some of these criteria receive a Partial score.",Africa and the Middle East,Senegal,SEN,ati_law_03,1,Partial
ati_law_cost,Access to Information,Legal Frameworks,NA,Global Right to Information Rating,Centre for Law and Democracy; Access Info Europe,2025,Information is provided at a reasonable cost,"Access fees have clear, centrally-set rules, and are limited to the cost of reproducing and sending information, with some information provided for free.","To meet this benchmark, access fee rules must:

1) be set centrally, rather than by individual public authorities;
2) require that fees be limited to the cost of reproducing and sending information (so that inspection of documents and electronic copies are free)
3) require that a certain initial number of pages (at least 20) be provided for free.

Access fees that meet only some of these criteria receive a Partial score.",Europe,Serbia,SRB,ati_law_03,1,Partial
ati_law_cost,Access to Information,Legal Frameworks,NA,Global Right to Information Rating,Centre for Law and Democracy; Access Info Europe,2025,Information is provided at a reasonable cost,"Access fees have clear, centrally-set rules, and are limited to the cost of reproducing and sending information, with some information provided for free.","To meet this benchmark, access fee rules must:

1) be set centrally, rather than by individual public authorities;
2) require that fees be limited to the cost of reproducing and sending information (so that inspection of documents and electronic copies are free)
3) require that a certain initial number of pages (at least 20) be provided for free.

Access fees that meet only some of these criteria receive a Partial score.",Africa and the Middle East,Seychelles,SYC,ati_law_03,1,Partial
ati_law_cost,Access to Information,Legal Frameworks,NA,Global Right to Information Rating,Centre for Law and Democracy; Access Info Europe,2025,Information is provided at a reasonable cost,"Access fees have clear, centrally-set rules, and are limited to the cost of reproducing and sending information, with some information provided for free.","To meet this benchmark, access fee rules must:

1) be set centrally, rather than by individual public authorities;
2) require that fees be limited to the cost of reproducing and sending information (so that inspection of documents and electronic copies are free)
3) require that a certain initial number of pages (at least 20) be provided for free.

Access fees that meet only some of these criteria receive a Partial score.",Africa and the Middle East,Sierra Leone,SLE,ati_law_03,1,Partial
ati_law_cost,Access to Information,Legal Frameworks,NA,Global Right to Information Rating,Centre for Law and Democracy; Access Info Europe,2025,Information is provided at a reasonable cost,"Access fees have clear, centrally-set rules, and are limited to the cost of reproducing and sending information, with some information provided for free.","To meet this benchmark, access fee rules must:

1) be set centrally, rather than by individual public authorities;
2) require that fees be limited to the cost of reproducing and sending information (so that inspection of documents and electronic copies are free)
3) require that a certain initial number of pages (at least 20) be provided for free.

Access fees that meet only some of these criteria receive a Partial score.",Europe,Slovakia,SVK,ati_law_03,2,Yes
ati_law_cost,Access to Information,Legal Frameworks,NA,Global Right to Information Rating,Centre for Law and Democracy; Access Info Europe,2025,Information is provided at a reasonable cost,"Access fees have clear, centrally-set rules, and are limited to the cost of reproducing and sending information, with some information provided for free.","To meet this benchmark, access fee rules must:

1) be set centrally, rather than by individual public authorities;
2) require that fees be limited to the cost of reproducing and sending information (so that inspection of documents and electronic copies are free)
3) require that a certain initial number of pages (at least 20) be provided for free.

Access fees that meet only some of these criteria receive a Partial score.",Africa and the Middle East,South Africa,ZAF,ati_law_03,0,No
ati_law_cost,Access to Information,Legal Frameworks,NA,Global Right to Information Rating,Centre for Law and Democracy; Access Info Europe,2025,Information is provided at a reasonable cost,"Access fees have clear, centrally-set rules, and are limited to the cost of reproducing and sending information, with some information provided for free.","To meet this benchmark, access fee rules must:

1) be set centrally, rather than by individual public authorities;
2) require that fees be limited to the cost of reproducing and sending information (so that inspection of documents and electronic copies are free)
3) require that a certain initial number of pages (at least 20) be provided for free.

Access fees that meet only some of these criteria receive a Partial score.",Asia and the Pacific,Republic of Korea,KOR,ati_law_03,1,Partial
ati_law_cost,Access to Information,Legal Frameworks,NA,Global Right to Information Rating,Centre for Law and Democracy; Access Info Europe,2025,Information is provided at a reasonable cost,"Access fees have clear, centrally-set rules, and are limited to the cost of reproducing and sending information, with some information provided for free.","To meet this benchmark, access fee rules must:

1) be set centrally, rather than by individual public authorities;
2) require that fees be limited to the cost of reproducing and sending information (so that inspection of documents and electronic copies are free)
3) require that a certain initial number of pages (at least 20) be provided for free.

Access fees that meet only some of these criteria receive a Partial score.",Europe,Spain,ESP,ati_law_03,0,No
ati_law_cost,Access to Information,Legal Frameworks,NA,Global Right to Information Rating,Centre for Law and Democracy; Access Info Europe,2025,Information is provided at a reasonable cost,"Access fees have clear, centrally-set rules, and are limited to the cost of reproducing and sending information, with some information provided for free.","To meet this benchmark, access fee rules must:

1) be set centrally, rather than by individual public authorities;
2) require that fees be limited to the cost of reproducing and sending information (so that inspection of documents and electronic copies are free)
3) require that a certain initial number of pages (at least 20) be provided for free.

Access fees that meet only some of these criteria receive a Partial score.",Europe,Sweden,SWE,ati_law_03,1,Partial
ati_law_cost,Access to Information,Legal Frameworks,NA,Global Right to Information Rating,Centre for Law and Democracy; Access Info Europe,2025,Information is provided at a reasonable cost,"Access fees have clear, centrally-set rules, and are limited to the cost of reproducing and sending information, with some information provided for free.","To meet this benchmark, access fee rules must:

1) be set centrally, rather than by individual public authorities;
2) require that fees be limited to the cost of reproducing and sending information (so that inspection of documents and electronic copies are free)
3) require that a certain initial number of pages (at least 20) be provided for free.

Access fees that meet only some of these criteria receive a Partial score.",Asia and the Pacific,Thailand,THA,ati_law_03,1,Partial
ati_law_cost,Access to Information,Legal Frameworks,NA,Global Right to Information Rating,Centre for Law and Democracy; Access Info Europe,2025,Information is provided at a reasonable cost,"Access fees have clear, centrally-set rules, and are limited to the cost of reproducing and sending information, with some information provided for free.","To meet this benchmark, access fee rules must:

1) be set centrally, rather than by individual public authorities;
2) require that fees be limited to the cost of reproducing and sending information (so that inspection of documents and electronic copies are free)
3) require that a certain initial number of pages (at least 20) be provided for free.

Access fees that meet only some of these criteria receive a Partial score.",Africa and the Middle East,Tunisia,TUN,ati_law_03,1,Partial
ati_law_cost,Access to Information,Legal Frameworks,NA,Global Right to Information Rating,Centre for Law and Democracy; Access Info Europe,2025,Information is provided at a reasonable cost,"Access fees have clear, centrally-set rules, and are limited to the cost of reproducing and sending information, with some information provided for free.","To meet this benchmark, access fee rules must:

1) be set centrally, rather than by individual public authorities;
2) require that fees be limited to the cost of reproducing and sending information (so that inspection of documents and electronic copies are free)
3) require that a certain initial number of pages (at least 20) be provided for free.

Access fees that meet only some of these criteria receive a Partial score.",Europe,Ukraine,UKR,ati_law_03,2,Yes
ati_law_cost,Access to Information,Legal Frameworks,NA,Global Right to Information Rating,Centre for Law and Democracy; Access Info Europe,2025,Information is provided at a reasonable cost,"Access fees have clear, centrally-set rules, and are limited to the cost of reproducing and sending information, with some information provided for free.","To meet this benchmark, access fee rules must:

1) be set centrally, rather than by individual public authorities;
2) require that fees be limited to the cost of reproducing and sending information (so that inspection of documents and electronic copies are free)
3) require that a certain initial number of pages (at least 20) be provided for free.

Access fees that meet only some of these criteria receive a Partial score.",Europe,United Kingdom,GBR,ati_law_03,1,Partial
ati_law_cost,Access to Information,Legal Frameworks,NA,Global Right to Information Rating,Centre for Law and Democracy; Access Info Europe,2025,Information is provided at a reasonable cost,"Access fees have clear, centrally-set rules, and are limited to the cost of reproducing and sending information, with some information provided for free.","To meet this benchmark, access fee rules must:

1) be set centrally, rather than by individual public authorities;
2) require that fees be limited to the cost of reproducing and sending information (so that inspection of documents and electronic copies are free)
3) require that a certain initial number of pages (at least 20) be provided for free.

Access fees that meet only some of these criteria receive a Partial score.",Americas,Uruguay,URY,ati_law_03,1,Partial
ati_law_cost,Access to Information,Legal Frameworks,NA,Global Right to Information Rating,Centre for Law and Democracy; Access Info Europe,2025,Information is provided at a reasonable cost,"Access fees have clear, centrally-set rules, and are limited to the cost of reproducing and sending information, with some information provided for free.","To meet this benchmark, access fee rules must:

1) be set centrally, rather than by individual public authorities;
2) require that fees be limited to the cost of reproducing and sending information (so that inspection of documents and electronic copies are free)
3) require that a certain initial number of pages (at least 20) be provided for free.

Access fees that meet only some of these criteria receive a Partial score.",Africa and the Middle East,Zambia,ZMB,ati_law_03,0,No
ati_law_harm,Access to Information,Legal Frameworks,NA,Global Right to Information Rating,Centre for Law and Democracy; Access Info Europe,2025,Exceptions require a harm test before refusal,"A harm test applies to all exceptions, so that it is only where disclosure poses a risk of actual harm to a protected interest that it may be refused.","To meet this benchmark, a harm test must apply to all exceptions. Legal frameworks with up to three exceptions not subject to a harm test receive a Partial score. If four or more exceptions are not subject to a harm test, no points are given.",Europe,Albania,ALB,ati_law_04,2,Yes
ati_law_harm,Access to Information,Legal Frameworks,NA,Global Right to Information Rating,Centre for Law and Democracy; Access Info Europe,2025,Exceptions require a harm test before refusal,"A harm test applies to all exceptions, so that it is only where disclosure poses a risk of actual harm to a protected interest that it may be refused.","To meet this benchmark, a harm test must apply to all exceptions. Legal frameworks with up to three exceptions not subject to a harm test receive a Partial score. If four or more exceptions are not subject to a harm test, no points are given.",Americas,Argentina,ARG,ati_law_04,0,No
ati_law_harm,Access to Information,Legal Frameworks,NA,Global Right to Information Rating,Centre for Law and Democracy; Access Info Europe,2025,Exceptions require a harm test before refusal,"A harm test applies to all exceptions, so that it is only where disclosure poses a risk of actual harm to a protected interest that it may be refused.","To meet this benchmark, a harm test must apply to all exceptions. Legal frameworks with up to three exceptions not subject to a harm test receive a Partial score. If four or more exceptions are not subject to a harm test, no points are given.",Europe,Armenia,ARM,ati_law_04,1,Partial
ati_law_harm,Access to Information,Legal Frameworks,NA,Global Right to Information Rating,Centre for Law and Democracy; Access Info Europe,2025,Exceptions require a harm test before refusal,"A harm test applies to all exceptions, so that it is only where disclosure poses a risk of actual harm to a protected interest that it may be refused.","To meet this benchmark, a harm test must apply to all exceptions. Legal frameworks with up to three exceptions not subject to a harm test receive a Partial score. If four or more exceptions are not subject to a harm test, no points are given.",Asia and the Pacific,Australia,AUS,ati_law_04,1,Partial
ati_law_harm,Access to Information,Legal Frameworks,NA,Global Right to Information Rating,Centre for Law and Democracy; Access Info Europe,2025,Exceptions require a harm test before refusal,"A harm test applies to all exceptions, so that it is only where disclosure poses a risk of actual harm to a protected interest that it may be refused.","To meet this benchmark, a harm test must apply to all exceptions. Legal frameworks with up to three exceptions not subject to a harm test receive a Partial score. If four or more exceptions are not subject to a harm test, no points are given.",Africa and the Middle East,Benin,BEN,ati_law_04,0,No
ati_law_harm,Access to Information,Legal Frameworks,NA,Global Right to Information Rating,Centre for Law and Democracy; Access Info Europe,2025,Exceptions require a harm test before refusal,"A harm test applies to all exceptions, so that it is only where disclosure poses a risk of actual harm to a protected interest that it may be refused.","To meet this benchmark, a harm test must apply to all exceptions. Legal frameworks with up to three exceptions not subject to a harm test receive a Partial score. If four or more exceptions are not subject to a harm test, no points are given.",Europe,Bosnia and Herzegovina,BIH,ati_law_04,2,Yes
ati_law_harm,Access to Information,Legal Frameworks,NA,Global Right to Information Rating,Centre for Law and Democracy; Access Info Europe,2025,Exceptions require a harm test before refusal,"A harm test applies to all exceptions, so that it is only where disclosure poses a risk of actual harm to a protected interest that it may be refused.","To meet this benchmark, a harm test must apply to all exceptions. Legal frameworks with up to three exceptions not subject to a harm test receive a Partial score. If four or more exceptions are not subject to a harm test, no points are given.",Americas,Brazil,BRA,ati_law_04,1,Partial
ati_law_harm,Access to Information,Legal Frameworks,NA,Global Right to Information Rating,Centre for Law and Democracy; Access Info Europe,2025,Exceptions require a harm test before refusal,"A harm test applies to all exceptions, so that it is only where disclosure poses a risk of actual harm to a protected interest that it may be refused.","To meet this benchmark, a harm test must apply to all exceptions. Legal frameworks with up to three exceptions not subject to a harm test receive a Partial score. If four or more exceptions are not subject to a harm test, no points are given.",Europe,Bulgaria,BGR,ati_law_04,1,Partial
ati_law_harm,Access to Information,Legal Frameworks,NA,Global Right to Information Rating,Centre for Law and Democracy; Access Info Europe,2025,Exceptions require a harm test before refusal,"A harm test applies to all exceptions, so that it is only where disclosure poses a risk of actual harm to a protected interest that it may be refused.","To meet this benchmark, a harm test must apply to all exceptions. Legal frameworks with up to three exceptions not subject to a harm test receive a Partial score. If four or more exceptions are not subject to a harm test, no points are given.",Africa and the Middle East,Burkina Faso,BFA,ati_law_04,0,No
ati_law_harm,Access to Information,Legal Frameworks,NA,Global Right to Information Rating,Centre for Law and Democracy; Access Info Europe,2025,Exceptions require a harm test before refusal,"A harm test applies to all exceptions, so that it is only where disclosure poses a risk of actual harm to a protected interest that it may be refused.","To meet this benchmark, a harm test must apply to all exceptions. Legal frameworks with up to three exceptions not subject to a harm test receive a Partial score. If four or more exceptions are not subject to a harm test, no points are given.",Americas,Canada,CAN,ati_law_04,0,No
ati_law_harm,Access to Information,Legal Frameworks,NA,Global Right to Information Rating,Centre for Law and Democracy; Access Info Europe,2025,Exceptions require a harm test before refusal,"A harm test applies to all exceptions, so that it is only where disclosure poses a risk of actual harm to a protected interest that it may be refused.","To meet this benchmark, a harm test must apply to all exceptions. Legal frameworks with up to three exceptions not subject to a harm test receive a Partial score. If four or more exceptions are not subject to a harm test, no points are given.",Africa and the Middle East,Cabo Verde,CPV,ati_law_04,0,No
ati_law_harm,Access to Information,Legal Frameworks,NA,Global Right to Information Rating,Centre for Law and Democracy; Access Info Europe,2025,Exceptions require a harm test before refusal,"A harm test applies to all exceptions, so that it is only where disclosure poses a risk of actual harm to a protected interest that it may be refused.","To meet this benchmark, a harm test must apply to all exceptions. Legal frameworks with up to three exceptions not subject to a harm test receive a Partial score. If four or more exceptions are not subject to a harm test, no points are given.",Americas,Chile,CHL,ati_law_04,0,No
ati_law_harm,Access to Information,Legal Frameworks,NA,Global Right to Information Rating,Centre for Law and Democracy; Access Info Europe,2025,Exceptions require a harm test before refusal,"A harm test applies to all exceptions, so that it is only where disclosure poses a risk of actual harm to a protected interest that it may be refused.","To meet this benchmark, a harm test must apply to all exceptions. Legal frameworks with up to three exceptions not subject to a harm test receive a Partial score. If four or more exceptions are not subject to a harm test, no points are given.",Americas,Colombia,COL,ati_law_04,2,Yes
ati_law_harm,Access to Information,Legal Frameworks,NA,Global Right to Information Rating,Centre for Law and Democracy; Access Info Europe,2025,Exceptions require a harm test before refusal,"A harm test applies to all exceptions, so that it is only where disclosure poses a risk of actual harm to a protected interest that it may be refused.","To meet this benchmark, a harm test must apply to all exceptions. Legal frameworks with up to three exceptions not subject to a harm test receive a Partial score. If four or more exceptions are not subject to a harm test, no points are given.",Americas,Costa Rica,CRI,ati_law_04,0,No
ati_law_harm,Access to Information,Legal Frameworks,NA,Global Right to Information Rating,Centre for Law and Democracy; Access Info Europe,2025,Exceptions require a harm test before refusal,"A harm test applies to all exceptions, so that it is only where disclosure poses a risk of actual harm to a protected interest that it may be refused.","To meet this benchmark, a harm test must apply to all exceptions. Legal frameworks with up to three exceptions not subject to a harm test receive a Partial score. If four or more exceptions are not subject to a harm test, no points are given.",Europe,Croatia,HRV,ati_law_04,2,Yes
ati_law_harm,Access to Information,Legal Frameworks,NA,Global Right to Information Rating,Centre for Law and Democracy; Access Info Europe,2025,Exceptions require a harm test before refusal,"A harm test applies to all exceptions, so that it is only where disclosure poses a risk of actual harm to a protected interest that it may be refused.","To meet this benchmark, a harm test must apply to all exceptions. Legal frameworks with up to three exceptions not subject to a harm test receive a Partial score. If four or more exceptions are not subject to a harm test, no points are given.",Europe,Czech Republic,CZE,ati_law_04,0,No
ati_law_harm,Access to Information,Legal Frameworks,NA,Global Right to Information Rating,Centre for Law and Democracy; Access Info Europe,2025,Exceptions require a harm test before refusal,"A harm test applies to all exceptions, so that it is only where disclosure poses a risk of actual harm to a protected interest that it may be refused.","To meet this benchmark, a harm test must apply to all exceptions. Legal frameworks with up to three exceptions not subject to a harm test receive a Partial score. If four or more exceptions are not subject to a harm test, no points are given.",Americas,Dominican Republic,DOM,ati_law_04,0,No
ati_law_harm,Access to Information,Legal Frameworks,NA,Global Right to Information Rating,Centre for Law and Democracy; Access Info Europe,2025,Exceptions require a harm test before refusal,"A harm test applies to all exceptions, so that it is only where disclosure poses a risk of actual harm to a protected interest that it may be refused.","To meet this benchmark, a harm test must apply to all exceptions. Legal frameworks with up to three exceptions not subject to a harm test receive a Partial score. If four or more exceptions are not subject to a harm test, no points are given.",Asia and the Pacific,Timor-Leste,TLS,ati_law_04,0,No
ati_law_harm,Access to Information,Legal Frameworks,NA,Global Right to Information Rating,Centre for Law and Democracy; Access Info Europe,2025,Exceptions require a harm test before refusal,"A harm test applies to all exceptions, so that it is only where disclosure poses a risk of actual harm to a protected interest that it may be refused.","To meet this benchmark, a harm test must apply to all exceptions. Legal frameworks with up to three exceptions not subject to a harm test receive a Partial score. If four or more exceptions are not subject to a harm test, no points are given.",Americas,Ecuador,ECU,ati_law_04,1,Partial
ati_law_harm,Access to Information,Legal Frameworks,NA,Global Right to Information Rating,Centre for Law and Democracy; Access Info Europe,2025,Exceptions require a harm test before refusal,"A harm test applies to all exceptions, so that it is only where disclosure poses a risk of actual harm to a protected interest that it may be refused.","To meet this benchmark, a harm test must apply to all exceptions. Legal frameworks with up to three exceptions not subject to a harm test receive a Partial score. If four or more exceptions are not subject to a harm test, no points are given.",Europe,Estonia,EST,ati_law_04,2,Yes
ati_law_harm,Access to Information,Legal Frameworks,NA,Global Right to Information Rating,Centre for Law and Democracy; Access Info Europe,2025,Exceptions require a harm test before refusal,"A harm test applies to all exceptions, so that it is only where disclosure poses a risk of actual harm to a protected interest that it may be refused.","To meet this benchmark, a harm test must apply to all exceptions. Legal frameworks with up to three exceptions not subject to a harm test receive a Partial score. If four or more exceptions are not subject to a harm test, no points are given.",Europe,Finland,FIN,ati_law_04,1,Partial
ati_law_harm,Access to Information,Legal Frameworks,NA,Global Right to Information Rating,Centre for Law and Democracy; Access Info Europe,2025,Exceptions require a harm test before refusal,"A harm test applies to all exceptions, so that it is only where disclosure poses a risk of actual harm to a protected interest that it may be refused.","To meet this benchmark, a harm test must apply to all exceptions. Legal frameworks with up to three exceptions not subject to a harm test receive a Partial score. If four or more exceptions are not subject to a harm test, no points are given.",Europe,France,FRA,ati_law_04,0,No
ati_law_harm,Access to Information,Legal Frameworks,NA,Global Right to Information Rating,Centre for Law and Democracy; Access Info Europe,2025,Exceptions require a harm test before refusal,"A harm test applies to all exceptions, so that it is only where disclosure poses a risk of actual harm to a protected interest that it may be refused.","To meet this benchmark, a harm test must apply to all exceptions. Legal frameworks with up to three exceptions not subject to a harm test receive a Partial score. If four or more exceptions are not subject to a harm test, no points are given.",Europe,Germany,DEU,ati_law_04,0,No
ati_law_harm,Access to Information,Legal Frameworks,NA,Global Right to Information Rating,Centre for Law and Democracy; Access Info Europe,2025,Exceptions require a harm test before refusal,"A harm test applies to all exceptions, so that it is only where disclosure poses a risk of actual harm to a protected interest that it may be refused.","To meet this benchmark, a harm test must apply to all exceptions. Legal frameworks with up to three exceptions not subject to a harm test receive a Partial score. If four or more exceptions are not subject to a harm test, no points are given.",Africa and the Middle East,Ghana,GHA,ati_law_04,0,No
ati_law_harm,Access to Information,Legal Frameworks,NA,Global Right to Information Rating,Centre for Law and Democracy; Access Info Europe,2025,Exceptions require a harm test before refusal,"A harm test applies to all exceptions, so that it is only where disclosure poses a risk of actual harm to a protected interest that it may be refused.","To meet this benchmark, a harm test must apply to all exceptions. Legal frameworks with up to three exceptions not subject to a harm test receive a Partial score. If four or more exceptions are not subject to a harm test, no points are given.",Europe,Greece,GRC,ati_law_04,0,No
ati_law_harm,Access to Information,Legal Frameworks,NA,Global Right to Information Rating,Centre for Law and Democracy; Access Info Europe,2025,Exceptions require a harm test before refusal,"A harm test applies to all exceptions, so that it is only where disclosure poses a risk of actual harm to a protected interest that it may be refused.","To meet this benchmark, a harm test must apply to all exceptions. Legal frameworks with up to three exceptions not subject to a harm test receive a Partial score. If four or more exceptions are not subject to a harm test, no points are given.",Americas,Guatemala,GTM,ati_law_04,2,Yes
ati_law_harm,Access to Information,Legal Frameworks,NA,Global Right to Information Rating,Centre for Law and Democracy; Access Info Europe,2025,Exceptions require a harm test before refusal,"A harm test applies to all exceptions, so that it is only where disclosure poses a risk of actual harm to a protected interest that it may be refused.","To meet this benchmark, a harm test must apply to all exceptions. Legal frameworks with up to three exceptions not subject to a harm test receive a Partial score. If four or more exceptions are not subject to a harm test, no points are given.",Americas,Honduras,HND,ati_law_04,2,Yes
ati_law_harm,Access to Information,Legal Frameworks,NA,Global Right to Information Rating,Centre for Law and Democracy; Access Info Europe,2025,Exceptions require a harm test before refusal,"A harm test applies to all exceptions, so that it is only where disclosure poses a risk of actual harm to a protected interest that it may be refused.","To meet this benchmark, a harm test must apply to all exceptions. Legal frameworks with up to three exceptions not subject to a harm test receive a Partial score. If four or more exceptions are not subject to a harm test, no points are given.",Asia and the Pacific,Indonesia,IDN,ati_law_04,1,Partial
ati_law_harm,Access to Information,Legal Frameworks,NA,Global Right to Information Rating,Centre for Law and Democracy; Access Info Europe,2025,Exceptions require a harm test before refusal,"A harm test applies to all exceptions, so that it is only where disclosure poses a risk of actual harm to a protected interest that it may be refused.","To meet this benchmark, a harm test must apply to all exceptions. Legal frameworks with up to three exceptions not subject to a harm test receive a Partial score. If four or more exceptions are not subject to a harm test, no points are given.",Europe,Ireland,IRL,ati_law_04,0,No
ati_law_harm,Access to Information,Legal Frameworks,NA,Global Right to Information Rating,Centre for Law and Democracy; Access Info Europe,2025,Exceptions require a harm test before refusal,"A harm test applies to all exceptions, so that it is only where disclosure poses a risk of actual harm to a protected interest that it may be refused.","To meet this benchmark, a harm test must apply to all exceptions. Legal frameworks with up to three exceptions not subject to a harm test receive a Partial score. If four or more exceptions are not subject to a harm test, no points are given.",Europe,Italy,ITA,ati_law_04,1,Partial
ati_law_harm,Access to Information,Legal Frameworks,NA,Global Right to Information Rating,Centre for Law and Democracy; Access Info Europe,2025,Exceptions require a harm test before refusal,"A harm test applies to all exceptions, so that it is only where disclosure poses a risk of actual harm to a protected interest that it may be refused.","To meet this benchmark, a harm test must apply to all exceptions. Legal frameworks with up to three exceptions not subject to a harm test receive a Partial score. If four or more exceptions are not subject to a harm test, no points are given.",Africa and the Middle East,Cote d'Ivoire,CIV,ati_law_04,2,Yes
ati_law_harm,Access to Information,Legal Frameworks,NA,Global Right to Information Rating,Centre for Law and Democracy; Access Info Europe,2025,Exceptions require a harm test before refusal,"A harm test applies to all exceptions, so that it is only where disclosure poses a risk of actual harm to a protected interest that it may be refused.","To meet this benchmark, a harm test must apply to all exceptions. Legal frameworks with up to three exceptions not subject to a harm test receive a Partial score. If four or more exceptions are not subject to a harm test, no points are given.",Americas,Jamaica,JAM,ati_law_04,1,Partial
ati_law_harm,Access to Information,Legal Frameworks,NA,Global Right to Information Rating,Centre for Law and Democracy; Access Info Europe,2025,Exceptions require a harm test before refusal,"A harm test applies to all exceptions, so that it is only where disclosure poses a risk of actual harm to a protected interest that it may be refused.","To meet this benchmark, a harm test must apply to all exceptions. Legal frameworks with up to three exceptions not subject to a harm test receive a Partial score. If four or more exceptions are not subject to a harm test, no points are given.",Africa and the Middle East,Jordan,JOR,ati_law_04,0,No
ati_law_harm,Access to Information,Legal Frameworks,NA,Global Right to Information Rating,Centre for Law and Democracy; Access Info Europe,2025,Exceptions require a harm test before refusal,"A harm test applies to all exceptions, so that it is only where disclosure poses a risk of actual harm to a protected interest that it may be refused.","To meet this benchmark, a harm test must apply to all exceptions. Legal frameworks with up to three exceptions not subject to a harm test receive a Partial score. If four or more exceptions are not subject to a harm test, no points are given.",Africa and the Middle East,Kenya,KEN,ati_law_04,2,Yes
ati_law_harm,Access to Information,Legal Frameworks,NA,Global Right to Information Rating,Centre for Law and Democracy; Access Info Europe,2025,Exceptions require a harm test before refusal,"A harm test applies to all exceptions, so that it is only where disclosure poses a risk of actual harm to a protected interest that it may be refused.","To meet this benchmark, a harm test must apply to all exceptions. Legal frameworks with up to three exceptions not subject to a harm test receive a Partial score. If four or more exceptions are not subject to a harm test, no points are given.",Europe,Kosovo,XKX,ati_law_04,1,Partial
ati_law_harm,Access to Information,Legal Frameworks,NA,Global Right to Information Rating,Centre for Law and Democracy; Access Info Europe,2025,Exceptions require a harm test before refusal,"A harm test applies to all exceptions, so that it is only where disclosure poses a risk of actual harm to a protected interest that it may be refused.","To meet this benchmark, a harm test must apply to all exceptions. Legal frameworks with up to three exceptions not subject to a harm test receive a Partial score. If four or more exceptions are not subject to a harm test, no points are given.",Europe,Latvia,LVA,ati_law_04,0,No
ati_law_harm,Access to Information,Legal Frameworks,NA,Global Right to Information Rating,Centre for Law and Democracy; Access Info Europe,2025,Exceptions require a harm test before refusal,"A harm test applies to all exceptions, so that it is only where disclosure poses a risk of actual harm to a protected interest that it may be refused.","To meet this benchmark, a harm test must apply to all exceptions. Legal frameworks with up to three exceptions not subject to a harm test receive a Partial score. If four or more exceptions are not subject to a harm test, no points are given.",Africa and the Middle East,Liberia,LBR,ati_law_04,2,Yes
ati_law_harm,Access to Information,Legal Frameworks,NA,Global Right to Information Rating,Centre for Law and Democracy; Access Info Europe,2025,Exceptions require a harm test before refusal,"A harm test applies to all exceptions, so that it is only where disclosure poses a risk of actual harm to a protected interest that it may be refused.","To meet this benchmark, a harm test must apply to all exceptions. Legal frameworks with up to three exceptions not subject to a harm test receive a Partial score. If four or more exceptions are not subject to a harm test, no points are given.",Europe,Lithuania,LTU,ati_law_04,0,No
ati_law_harm,Access to Information,Legal Frameworks,NA,Global Right to Information Rating,Centre for Law and Democracy; Access Info Europe,2025,Exceptions require a harm test before refusal,"A harm test applies to all exceptions, so that it is only where disclosure poses a risk of actual harm to a protected interest that it may be refused.","To meet this benchmark, a harm test must apply to all exceptions. Legal frameworks with up to three exceptions not subject to a harm test receive a Partial score. If four or more exceptions are not subject to a harm test, no points are given.",Africa and the Middle East,Malawi,MWI,ati_law_04,1,Partial
ati_law_harm,Access to Information,Legal Frameworks,NA,Global Right to Information Rating,Centre for Law and Democracy; Access Info Europe,2025,Exceptions require a harm test before refusal,"A harm test applies to all exceptions, so that it is only where disclosure poses a risk of actual harm to a protected interest that it may be refused.","To meet this benchmark, a harm test must apply to all exceptions. Legal frameworks with up to three exceptions not subject to a harm test receive a Partial score. If four or more exceptions are not subject to a harm test, no points are given.",Asia and the Pacific,Maldives,MDV,ati_law_04,1,Partial
ati_law_harm,Access to Information,Legal Frameworks,NA,Global Right to Information Rating,Centre for Law and Democracy; Access Info Europe,2025,Exceptions require a harm test before refusal,"A harm test applies to all exceptions, so that it is only where disclosure poses a risk of actual harm to a protected interest that it may be refused.","To meet this benchmark, a harm test must apply to all exceptions. Legal frameworks with up to three exceptions not subject to a harm test receive a Partial score. If four or more exceptions are not subject to a harm test, no points are given.",Europe,Malta,MLT,ati_law_04,0,No
ati_law_harm,Access to Information,Legal Frameworks,NA,Global Right to Information Rating,Centre for Law and Democracy; Access Info Europe,2025,Exceptions require a harm test before refusal,"A harm test applies to all exceptions, so that it is only where disclosure poses a risk of actual harm to a protected interest that it may be refused.","To meet this benchmark, a harm test must apply to all exceptions. Legal frameworks with up to three exceptions not subject to a harm test receive a Partial score. If four or more exceptions are not subject to a harm test, no points are given.",Americas,Mexico,MEX,ati_law_04,2,Yes
ati_law_harm,Access to Information,Legal Frameworks,NA,Global Right to Information Rating,Centre for Law and Democracy; Access Info Europe,2025,Exceptions require a harm test before refusal,"A harm test applies to all exceptions, so that it is only where disclosure poses a risk of actual harm to a protected interest that it may be refused.","To meet this benchmark, a harm test must apply to all exceptions. Legal frameworks with up to three exceptions not subject to a harm test receive a Partial score. If four or more exceptions are not subject to a harm test, no points are given.",Europe,Republic of Moldova,MDA,ati_law_04,2,Yes
ati_law_harm,Access to Information,Legal Frameworks,NA,Global Right to Information Rating,Centre for Law and Democracy; Access Info Europe,2025,Exceptions require a harm test before refusal,"A harm test applies to all exceptions, so that it is only where disclosure poses a risk of actual harm to a protected interest that it may be refused.","To meet this benchmark, a harm test must apply to all exceptions. Legal frameworks with up to three exceptions not subject to a harm test receive a Partial score. If four or more exceptions are not subject to a harm test, no points are given.",Asia and the Pacific,Mongolia,MNG,ati_law_04,1,Partial
ati_law_harm,Access to Information,Legal Frameworks,NA,Global Right to Information Rating,Centre for Law and Democracy; Access Info Europe,2025,Exceptions require a harm test before refusal,"A harm test applies to all exceptions, so that it is only where disclosure poses a risk of actual harm to a protected interest that it may be refused.","To meet this benchmark, a harm test must apply to all exceptions. Legal frameworks with up to three exceptions not subject to a harm test receive a Partial score. If four or more exceptions are not subject to a harm test, no points are given.",Europe,Montenegro,MNE,ati_law_04,2,Yes
ati_law_harm,Access to Information,Legal Frameworks,NA,Global Right to Information Rating,Centre for Law and Democracy; Access Info Europe,2025,Exceptions require a harm test before refusal,"A harm test applies to all exceptions, so that it is only where disclosure poses a risk of actual harm to a protected interest that it may be refused.","To meet this benchmark, a harm test must apply to all exceptions. Legal frameworks with up to three exceptions not subject to a harm test receive a Partial score. If four or more exceptions are not subject to a harm test, no points are given.",Africa and the Middle East,Morocco,MAR,ati_law_04,1,Partial
ati_law_harm,Access to Information,Legal Frameworks,NA,Global Right to Information Rating,Centre for Law and Democracy; Access Info Europe,2025,Exceptions require a harm test before refusal,"A harm test applies to all exceptions, so that it is only where disclosure poses a risk of actual harm to a protected interest that it may be refused.","To meet this benchmark, a harm test must apply to all exceptions. Legal frameworks with up to three exceptions not subject to a harm test receive a Partial score. If four or more exceptions are not subject to a harm test, no points are given.",Europe,Netherlands,NLD,ati_law_04,1,Partial
ati_law_harm,Access to Information,Legal Frameworks,NA,Global Right to Information Rating,Centre for Law and Democracy; Access Info Europe,2025,Exceptions require a harm test before refusal,"A harm test applies to all exceptions, so that it is only where disclosure poses a risk of actual harm to a protected interest that it may be refused.","To meet this benchmark, a harm test must apply to all exceptions. Legal frameworks with up to three exceptions not subject to a harm test receive a Partial score. If four or more exceptions are not subject to a harm test, no points are given.",Asia and the Pacific,New Zealand,NZL,ati_law_04,1,Partial
ati_law_harm,Access to Information,Legal Frameworks,NA,Global Right to Information Rating,Centre for Law and Democracy; Access Info Europe,2025,Exceptions require a harm test before refusal,"A harm test applies to all exceptions, so that it is only where disclosure poses a risk of actual harm to a protected interest that it may be refused.","To meet this benchmark, a harm test must apply to all exceptions. Legal frameworks with up to three exceptions not subject to a harm test receive a Partial score. If four or more exceptions are not subject to a harm test, no points are given.",Africa and the Middle East,Nigeria,NGA,ati_law_04,1,Partial
ati_law_harm,Access to Information,Legal Frameworks,NA,Global Right to Information Rating,Centre for Law and Democracy; Access Info Europe,2025,Exceptions require a harm test before refusal,"A harm test applies to all exceptions, so that it is only where disclosure poses a risk of actual harm to a protected interest that it may be refused.","To meet this benchmark, a harm test must apply to all exceptions. Legal frameworks with up to three exceptions not subject to a harm test receive a Partial score. If four or more exceptions are not subject to a harm test, no points are given.",Europe,North Macedonia,MKD,ati_law_04,2,Yes
ati_law_harm,Access to Information,Legal Frameworks,NA,Global Right to Information Rating,Centre for Law and Democracy; Access Info Europe,2025,Exceptions require a harm test before refusal,"A harm test applies to all exceptions, so that it is only where disclosure poses a risk of actual harm to a protected interest that it may be refused.","To meet this benchmark, a harm test must apply to all exceptions. Legal frameworks with up to three exceptions not subject to a harm test receive a Partial score. If four or more exceptions are not subject to a harm test, no points are given.",Europe,Norway,NOR,ati_law_04,0,No
ati_law_harm,Access to Information,Legal Frameworks,NA,Global Right to Information Rating,Centre for Law and Democracy; Access Info Europe,2025,Exceptions require a harm test before refusal,"A harm test applies to all exceptions, so that it is only where disclosure poses a risk of actual harm to a protected interest that it may be refused.","To meet this benchmark, a harm test must apply to all exceptions. Legal frameworks with up to three exceptions not subject to a harm test receive a Partial score. If four or more exceptions are not subject to a harm test, no points are given.",Americas,Panama,PAN,ati_law_04,0,No
ati_law_harm,Access to Information,Legal Frameworks,NA,Global Right to Information Rating,Centre for Law and Democracy; Access Info Europe,2025,Exceptions require a harm test before refusal,"A harm test applies to all exceptions, so that it is only where disclosure poses a risk of actual harm to a protected interest that it may be refused.","To meet this benchmark, a harm test must apply to all exceptions. Legal frameworks with up to three exceptions not subject to a harm test receive a Partial score. If four or more exceptions are not subject to a harm test, no points are given.",Americas,Paraguay,PRY,ati_law_04,0,No
ati_law_harm,Access to Information,Legal Frameworks,NA,Global Right to Information Rating,Centre for Law and Democracy; Access Info Europe,2025,Exceptions require a harm test before refusal,"A harm test applies to all exceptions, so that it is only where disclosure poses a risk of actual harm to a protected interest that it may be refused.","To meet this benchmark, a harm test must apply to all exceptions. Legal frameworks with up to three exceptions not subject to a harm test receive a Partial score. If four or more exceptions are not subject to a harm test, no points are given.",Americas,Peru,PER,ati_law_04,1,Partial
ati_law_harm,Access to Information,Legal Frameworks,NA,Global Right to Information Rating,Centre for Law and Democracy; Access Info Europe,2025,Exceptions require a harm test before refusal,"A harm test applies to all exceptions, so that it is only where disclosure poses a risk of actual harm to a protected interest that it may be refused.","To meet this benchmark, a harm test must apply to all exceptions. Legal frameworks with up to three exceptions not subject to a harm test receive a Partial score. If four or more exceptions are not subject to a harm test, no points are given.",Asia and the Pacific,Philippines,PHL,ati_law_04,0,No
ati_law_harm,Access to Information,Legal Frameworks,NA,Global Right to Information Rating,Centre for Law and Democracy; Access Info Europe,2025,Exceptions require a harm test before refusal,"A harm test applies to all exceptions, so that it is only where disclosure poses a risk of actual harm to a protected interest that it may be refused.","To meet this benchmark, a harm test must apply to all exceptions. Legal frameworks with up to three exceptions not subject to a harm test receive a Partial score. If four or more exceptions are not subject to a harm test, no points are given.",Europe,Portugal,PRT,ati_law_04,0,No
ati_law_harm,Access to Information,Legal Frameworks,NA,Global Right to Information Rating,Centre for Law and Democracy; Access Info Europe,2025,Exceptions require a harm test before refusal,"A harm test applies to all exceptions, so that it is only where disclosure poses a risk of actual harm to a protected interest that it may be refused.","To meet this benchmark, a harm test must apply to all exceptions. Legal frameworks with up to three exceptions not subject to a harm test receive a Partial score. If four or more exceptions are not subject to a harm test, no points are given.",Europe,Romania,ROU,ati_law_04,0,No
ati_law_harm,Access to Information,Legal Frameworks,NA,Global Right to Information Rating,Centre for Law and Democracy; Access Info Europe,2025,Exceptions require a harm test before refusal,"A harm test applies to all exceptions, so that it is only where disclosure poses a risk of actual harm to a protected interest that it may be refused.","To meet this benchmark, a harm test must apply to all exceptions. Legal frameworks with up to three exceptions not subject to a harm test receive a Partial score. If four or more exceptions are not subject to a harm test, no points are given.",Africa and the Middle East,Senegal,SEN,ati_law_04,0,No
ati_law_harm,Access to Information,Legal Frameworks,NA,Global Right to Information Rating,Centre for Law and Democracy; Access Info Europe,2025,Exceptions require a harm test before refusal,"A harm test applies to all exceptions, so that it is only where disclosure poses a risk of actual harm to a protected interest that it may be refused.","To meet this benchmark, a harm test must apply to all exceptions. Legal frameworks with up to three exceptions not subject to a harm test receive a Partial score. If four or more exceptions are not subject to a harm test, no points are given.",Europe,Serbia,SRB,ati_law_04,2,Yes
ati_law_harm,Access to Information,Legal Frameworks,NA,Global Right to Information Rating,Centre for Law and Democracy; Access Info Europe,2025,Exceptions require a harm test before refusal,"A harm test applies to all exceptions, so that it is only where disclosure poses a risk of actual harm to a protected interest that it may be refused.","To meet this benchmark, a harm test must apply to all exceptions. Legal frameworks with up to three exceptions not subject to a harm test receive a Partial score. If four or more exceptions are not subject to a harm test, no points are given.",Africa and the Middle East,Seychelles,SYC,ati_law_04,1,Partial
ati_law_harm,Access to Information,Legal Frameworks,NA,Global Right to Information Rating,Centre for Law and Democracy; Access Info Europe,2025,Exceptions require a harm test before refusal,"A harm test applies to all exceptions, so that it is only where disclosure poses a risk of actual harm to a protected interest that it may be refused.","To meet this benchmark, a harm test must apply to all exceptions. Legal frameworks with up to three exceptions not subject to a harm test receive a Partial score. If four or more exceptions are not subject to a harm test, no points are given.",Africa and the Middle East,Sierra Leone,SLE,ati_law_04,2,Yes
ati_law_harm,Access to Information,Legal Frameworks,NA,Global Right to Information Rating,Centre for Law and Democracy; Access Info Europe,2025,Exceptions require a harm test before refusal,"A harm test applies to all exceptions, so that it is only where disclosure poses a risk of actual harm to a protected interest that it may be refused.","To meet this benchmark, a harm test must apply to all exceptions. Legal frameworks with up to three exceptions not subject to a harm test receive a Partial score. If four or more exceptions are not subject to a harm test, no points are given.",Europe,Slovakia,SVK,ati_law_04,0,No
ati_law_harm,Access to Information,Legal Frameworks,NA,Global Right to Information Rating,Centre for Law and Democracy; Access Info Europe,2025,Exceptions require a harm test before refusal,"A harm test applies to all exceptions, so that it is only where disclosure poses a risk of actual harm to a protected interest that it may be refused.","To meet this benchmark, a harm test must apply to all exceptions. Legal frameworks with up to three exceptions not subject to a harm test receive a Partial score. If four or more exceptions are not subject to a harm test, no points are given.",Africa and the Middle East,South Africa,ZAF,ati_law_04,1,Partial
ati_law_harm,Access to Information,Legal Frameworks,NA,Global Right to Information Rating,Centre for Law and Democracy; Access Info Europe,2025,Exceptions require a harm test before refusal,"A harm test applies to all exceptions, so that it is only where disclosure poses a risk of actual harm to a protected interest that it may be refused.","To meet this benchmark, a harm test must apply to all exceptions. Legal frameworks with up to three exceptions not subject to a harm test receive a Partial score. If four or more exceptions are not subject to a harm test, no points are given.",Asia and the Pacific,Republic of Korea,KOR,ati_law_04,2,Yes
ati_law_harm,Access to Information,Legal Frameworks,NA,Global Right to Information Rating,Centre for Law and Democracy; Access Info Europe,2025,Exceptions require a harm test before refusal,"A harm test applies to all exceptions, so that it is only where disclosure poses a risk of actual harm to a protected interest that it may be refused.","To meet this benchmark, a harm test must apply to all exceptions. Legal frameworks with up to three exceptions not subject to a harm test receive a Partial score. If four or more exceptions are not subject to a harm test, no points are given.",Europe,Spain,ESP,ati_law_04,2,Yes
ati_law_harm,Access to Information,Legal Frameworks,NA,Global Right to Information Rating,Centre for Law and Democracy; Access Info Europe,2025,Exceptions require a harm test before refusal,"A harm test applies to all exceptions, so that it is only where disclosure poses a risk of actual harm to a protected interest that it may be refused.","To meet this benchmark, a harm test must apply to all exceptions. Legal frameworks with up to three exceptions not subject to a harm test receive a Partial score. If four or more exceptions are not subject to a harm test, no points are given.",Europe,Sweden,SWE,ati_law_04,1,Partial
ati_law_harm,Access to Information,Legal Frameworks,NA,Global Right to Information Rating,Centre for Law and Democracy; Access Info Europe,2025,Exceptions require a harm test before refusal,"A harm test applies to all exceptions, so that it is only where disclosure poses a risk of actual harm to a protected interest that it may be refused.","To meet this benchmark, a harm test must apply to all exceptions. Legal frameworks with up to three exceptions not subject to a harm test receive a Partial score. If four or more exceptions are not subject to a harm test, no points are given.",Asia and the Pacific,Thailand,THA,ati_law_04,1,Partial
ati_law_harm,Access to Information,Legal Frameworks,NA,Global Right to Information Rating,Centre for Law and Democracy; Access Info Europe,2025,Exceptions require a harm test before refusal,"A harm test applies to all exceptions, so that it is only where disclosure poses a risk of actual harm to a protected interest that it may be refused.","To meet this benchmark, a harm test must apply to all exceptions. Legal frameworks with up to three exceptions not subject to a harm test receive a Partial score. If four or more exceptions are not subject to a harm test, no points are given.",Africa and the Middle East,Tunisia,TUN,ati_law_04,1,Partial
ati_law_harm,Access to Information,Legal Frameworks,NA,Global Right to Information Rating,Centre for Law and Democracy; Access Info Europe,2025,Exceptions require a harm test before refusal,"A harm test applies to all exceptions, so that it is only where disclosure poses a risk of actual harm to a protected interest that it may be refused.","To meet this benchmark, a harm test must apply to all exceptions. Legal frameworks with up to three exceptions not subject to a harm test receive a Partial score. If four or more exceptions are not subject to a harm test, no points are given.",Europe,Ukraine,UKR,ati_law_04,2,Yes
ati_law_harm,Access to Information,Legal Frameworks,NA,Global Right to Information Rating,Centre for Law and Democracy; Access Info Europe,2025,Exceptions require a harm test before refusal,"A harm test applies to all exceptions, so that it is only where disclosure poses a risk of actual harm to a protected interest that it may be refused.","To meet this benchmark, a harm test must apply to all exceptions. Legal frameworks with up to three exceptions not subject to a harm test receive a Partial score. If four or more exceptions are not subject to a harm test, no points are given.",Europe,United Kingdom,GBR,ati_law_04,1,Partial
ati_law_harm,Access to Information,Legal Frameworks,NA,Global Right to Information Rating,Centre for Law and Democracy; Access Info Europe,2025,Exceptions require a harm test before refusal,"A harm test applies to all exceptions, so that it is only where disclosure poses a risk of actual harm to a protected interest that it may be refused.","To meet this benchmark, a harm test must apply to all exceptions. Legal frameworks with up to three exceptions not subject to a harm test receive a Partial score. If four or more exceptions are not subject to a harm test, no points are given.",Americas,Uruguay,URY,ati_law_04,2,Yes
ati_law_harm,Access to Information,Legal Frameworks,NA,Global Right to Information Rating,Centre for Law and Democracy; Access Info Europe,2025,Exceptions require a harm test before refusal,"A harm test applies to all exceptions, so that it is only where disclosure poses a risk of actual harm to a protected interest that it may be refused.","To meet this benchmark, a harm test must apply to all exceptions. Legal frameworks with up to three exceptions not subject to a harm test receive a Partial score. If four or more exceptions are not subject to a harm test, no points are given.",Africa and the Middle East,Zambia,ZMB,ati_law_04,1,Partial
ati_law_override,Access to Information,Legal Frameworks,NA,Global Right to Information Rating,Centre for Law and Democracy; Access Info Europe,2025,Information must be disclosed when in the public interest,"There is a mandatory public interest override so that information must be disclosed where this is in the overall public interest, even if this may harm a protected interest.","To meet this benchmark, the public interest override must not be subject to overarching limitations or apply to only some exceptions. It must also be mandatory. For example, there are ‘hard’ overrides (which apply absolutely), such as for information about human rights, corruption or crimes against humanity.",Europe,Albania,ALB,ati_law_05,2,Yes
ati_law_override,Access to Information,Legal Frameworks,NA,Global Right to Information Rating,Centre for Law and Democracy; Access Info Europe,2025,Information must be disclosed when in the public interest,"There is a mandatory public interest override so that information must be disclosed where this is in the overall public interest, even if this may harm a protected interest.","To meet this benchmark, the public interest override must not be subject to overarching limitations or apply to only some exceptions. It must also be mandatory. For example, there are ‘hard’ overrides (which apply absolutely), such as for information about human rights, corruption or crimes against humanity.",Americas,Argentina,ARG,ati_law_05,2,Yes
ati_law_override,Access to Information,Legal Frameworks,NA,Global Right to Information Rating,Centre for Law and Democracy; Access Info Europe,2025,Information must be disclosed when in the public interest,"There is a mandatory public interest override so that information must be disclosed where this is in the overall public interest, even if this may harm a protected interest.","To meet this benchmark, the public interest override must not be subject to overarching limitations or apply to only some exceptions. It must also be mandatory. For example, there are ‘hard’ overrides (which apply absolutely), such as for information about human rights, corruption or crimes against humanity.",Europe,Armenia,ARM,ati_law_05,1,Partial
ati_law_override,Access to Information,Legal Frameworks,NA,Global Right to Information Rating,Centre for Law and Democracy; Access Info Europe,2025,Information must be disclosed when in the public interest,"There is a mandatory public interest override so that information must be disclosed where this is in the overall public interest, even if this may harm a protected interest.","To meet this benchmark, the public interest override must not be subject to overarching limitations or apply to only some exceptions. It must also be mandatory. For example, there are ‘hard’ overrides (which apply absolutely), such as for information about human rights, corruption or crimes against humanity.",Asia and the Pacific,Australia,AUS,ati_law_05,1,Partial
ati_law_override,Access to Information,Legal Frameworks,NA,Global Right to Information Rating,Centre for Law and Democracy; Access Info Europe,2025,Information must be disclosed when in the public interest,"There is a mandatory public interest override so that information must be disclosed where this is in the overall public interest, even if this may harm a protected interest.","To meet this benchmark, the public interest override must not be subject to overarching limitations or apply to only some exceptions. It must also be mandatory. For example, there are ‘hard’ overrides (which apply absolutely), such as for information about human rights, corruption or crimes against humanity.",Africa and the Middle East,Benin,BEN,ati_law_05,2,Yes
ati_law_override,Access to Information,Legal Frameworks,NA,Global Right to Information Rating,Centre for Law and Democracy; Access Info Europe,2025,Information must be disclosed when in the public interest,"There is a mandatory public interest override so that information must be disclosed where this is in the overall public interest, even if this may harm a protected interest.","To meet this benchmark, the public interest override must not be subject to overarching limitations or apply to only some exceptions. It must also be mandatory. For example, there are ‘hard’ overrides (which apply absolutely), such as for information about human rights, corruption or crimes against humanity.",Europe,Bosnia and Herzegovina,BIH,ati_law_05,2,Yes
ati_law_override,Access to Information,Legal Frameworks,NA,Global Right to Information Rating,Centre for Law and Democracy; Access Info Europe,2025,Information must be disclosed when in the public interest,"There is a mandatory public interest override so that information must be disclosed where this is in the overall public interest, even if this may harm a protected interest.","To meet this benchmark, the public interest override must not be subject to overarching limitations or apply to only some exceptions. It must also be mandatory. For example, there are ‘hard’ overrides (which apply absolutely), such as for information about human rights, corruption or crimes against humanity.",Americas,Brazil,BRA,ati_law_05,1,Partial
ati_law_override,Access to Information,Legal Frameworks,NA,Global Right to Information Rating,Centre for Law and Democracy; Access Info Europe,2025,Information must be disclosed when in the public interest,"There is a mandatory public interest override so that information must be disclosed where this is in the overall public interest, even if this may harm a protected interest.","To meet this benchmark, the public interest override must not be subject to overarching limitations or apply to only some exceptions. It must also be mandatory. For example, there are ‘hard’ overrides (which apply absolutely), such as for information about human rights, corruption or crimes against humanity.",Europe,Bulgaria,BGR,ati_law_05,1,Partial
ati_law_override,Access to Information,Legal Frameworks,NA,Global Right to Information Rating,Centre for Law and Democracy; Access Info Europe,2025,Information must be disclosed when in the public interest,"There is a mandatory public interest override so that information must be disclosed where this is in the overall public interest, even if this may harm a protected interest.","To meet this benchmark, the public interest override must not be subject to overarching limitations or apply to only some exceptions. It must also be mandatory. For example, there are ‘hard’ overrides (which apply absolutely), such as for information about human rights, corruption or crimes against humanity.",Africa and the Middle East,Burkina Faso,BFA,ati_law_05,1,Partial
ati_law_override,Access to Information,Legal Frameworks,NA,Global Right to Information Rating,Centre for Law and Democracy; Access Info Europe,2025,Information must be disclosed when in the public interest,"There is a mandatory public interest override so that information must be disclosed where this is in the overall public interest, even if this may harm a protected interest.","To meet this benchmark, the public interest override must not be subject to overarching limitations or apply to only some exceptions. It must also be mandatory. For example, there are ‘hard’ overrides (which apply absolutely), such as for information about human rights, corruption or crimes against humanity.",Americas,Canada,CAN,ati_law_05,1,Partial
ati_law_override,Access to Information,Legal Frameworks,NA,Global Right to Information Rating,Centre for Law and Democracy; Access Info Europe,2025,Information must be disclosed when in the public interest,"There is a mandatory public interest override so that information must be disclosed where this is in the overall public interest, even if this may harm a protected interest.","To meet this benchmark, the public interest override must not be subject to overarching limitations or apply to only some exceptions. It must also be mandatory. For example, there are ‘hard’ overrides (which apply absolutely), such as for information about human rights, corruption or crimes against humanity.",Africa and the Middle East,Cabo Verde,CPV,ati_law_05,0,No
ati_law_override,Access to Information,Legal Frameworks,NA,Global Right to Information Rating,Centre for Law and Democracy; Access Info Europe,2025,Information must be disclosed when in the public interest,"There is a mandatory public interest override so that information must be disclosed where this is in the overall public interest, even if this may harm a protected interest.","To meet this benchmark, the public interest override must not be subject to overarching limitations or apply to only some exceptions. It must also be mandatory. For example, there are ‘hard’ overrides (which apply absolutely), such as for information about human rights, corruption or crimes against humanity.",Americas,Chile,CHL,ati_law_05,0,No
ati_law_override,Access to Information,Legal Frameworks,NA,Global Right to Information Rating,Centre for Law and Democracy; Access Info Europe,2025,Information must be disclosed when in the public interest,"There is a mandatory public interest override so that information must be disclosed where this is in the overall public interest, even if this may harm a protected interest.","To meet this benchmark, the public interest override must not be subject to overarching limitations or apply to only some exceptions. It must also be mandatory. For example, there are ‘hard’ overrides (which apply absolutely), such as for information about human rights, corruption or crimes against humanity.",Americas,Colombia,COL,ati_law_05,2,Yes
ati_law_override,Access to Information,Legal Frameworks,NA,Global Right to Information Rating,Centre for Law and Democracy; Access Info Europe,2025,Information must be disclosed when in the public interest,"There is a mandatory public interest override so that information must be disclosed where this is in the overall public interest, even if this may harm a protected interest.","To meet this benchmark, the public interest override must not be subject to overarching limitations or apply to only some exceptions. It must also be mandatory. For example, there are ‘hard’ overrides (which apply absolutely), such as for information about human rights, corruption or crimes against humanity.",Americas,Costa Rica,CRI,ati_law_05,0,No
ati_law_override,Access to Information,Legal Frameworks,NA,Global Right to Information Rating,Centre for Law and Democracy; Access Info Europe,2025,Information must be disclosed when in the public interest,"There is a mandatory public interest override so that information must be disclosed where this is in the overall public interest, even if this may harm a protected interest.","To meet this benchmark, the public interest override must not be subject to overarching limitations or apply to only some exceptions. It must also be mandatory. For example, there are ‘hard’ overrides (which apply absolutely), such as for information about human rights, corruption or crimes against humanity.",Europe,Croatia,HRV,ati_law_05,2,Yes
ati_law_override,Access to Information,Legal Frameworks,NA,Global Right to Information Rating,Centre for Law and Democracy; Access Info Europe,2025,Information must be disclosed when in the public interest,"There is a mandatory public interest override so that information must be disclosed where this is in the overall public interest, even if this may harm a protected interest.","To meet this benchmark, the public interest override must not be subject to overarching limitations or apply to only some exceptions. It must also be mandatory. For example, there are ‘hard’ overrides (which apply absolutely), such as for information about human rights, corruption or crimes against humanity.",Europe,Czech Republic,CZE,ati_law_05,0,No
ati_law_override,Access to Information,Legal Frameworks,NA,Global Right to Information Rating,Centre for Law and Democracy; Access Info Europe,2025,Information must be disclosed when in the public interest,"There is a mandatory public interest override so that information must be disclosed where this is in the overall public interest, even if this may harm a protected interest.","To meet this benchmark, the public interest override must not be subject to overarching limitations or apply to only some exceptions. It must also be mandatory. For example, there are ‘hard’ overrides (which apply absolutely), such as for information about human rights, corruption or crimes against humanity.",Americas,Dominican Republic,DOM,ati_law_05,1,Partial
ati_law_override,Access to Information,Legal Frameworks,NA,Global Right to Information Rating,Centre for Law and Democracy; Access Info Europe,2025,Information must be disclosed when in the public interest,"There is a mandatory public interest override so that information must be disclosed where this is in the overall public interest, even if this may harm a protected interest.","To meet this benchmark, the public interest override must not be subject to overarching limitations or apply to only some exceptions. It must also be mandatory. For example, there are ‘hard’ overrides (which apply absolutely), such as for information about human rights, corruption or crimes against humanity.",Asia and the Pacific,Timor-Leste,TLS,ati_law_05,2,Yes
ati_law_override,Access to Information,Legal Frameworks,NA,Global Right to Information Rating,Centre for Law and Democracy; Access Info Europe,2025,Information must be disclosed when in the public interest,"There is a mandatory public interest override so that information must be disclosed where this is in the overall public interest, even if this may harm a protected interest.","To meet this benchmark, the public interest override must not be subject to overarching limitations or apply to only some exceptions. It must also be mandatory. For example, there are ‘hard’ overrides (which apply absolutely), such as for information about human rights, corruption or crimes against humanity.",Americas,Ecuador,ECU,ati_law_05,0,No
ati_law_override,Access to Information,Legal Frameworks,NA,Global Right to Information Rating,Centre for Law and Democracy; Access Info Europe,2025,Information must be disclosed when in the public interest,"There is a mandatory public interest override so that information must be disclosed where this is in the overall public interest, even if this may harm a protected interest.","To meet this benchmark, the public interest override must not be subject to overarching limitations or apply to only some exceptions. It must also be mandatory. For example, there are ‘hard’ overrides (which apply absolutely), such as for information about human rights, corruption or crimes against humanity.",Europe,Estonia,EST,ati_law_05,2,Yes
ati_law_override,Access to Information,Legal Frameworks,NA,Global Right to Information Rating,Centre for Law and Democracy; Access Info Europe,2025,Information must be disclosed when in the public interest,"There is a mandatory public interest override so that information must be disclosed where this is in the overall public interest, even if this may harm a protected interest.","To meet this benchmark, the public interest override must not be subject to overarching limitations or apply to only some exceptions. It must also be mandatory. For example, there are ‘hard’ overrides (which apply absolutely), such as for information about human rights, corruption or crimes against humanity.",Europe,Finland,FIN,ati_law_05,0,No
ati_law_override,Access to Information,Legal Frameworks,NA,Global Right to Information Rating,Centre for Law and Democracy; Access Info Europe,2025,Information must be disclosed when in the public interest,"There is a mandatory public interest override so that information must be disclosed where this is in the overall public interest, even if this may harm a protected interest.","To meet this benchmark, the public interest override must not be subject to overarching limitations or apply to only some exceptions. It must also be mandatory. For example, there are ‘hard’ overrides (which apply absolutely), such as for information about human rights, corruption or crimes against humanity.",Europe,France,FRA,ati_law_05,0,No
ati_law_override,Access to Information,Legal Frameworks,NA,Global Right to Information Rating,Centre for Law and Democracy; Access Info Europe,2025,Information must be disclosed when in the public interest,"There is a mandatory public interest override so that information must be disclosed where this is in the overall public interest, even if this may harm a protected interest.","To meet this benchmark, the public interest override must not be subject to overarching limitations or apply to only some exceptions. It must also be mandatory. For example, there are ‘hard’ overrides (which apply absolutely), such as for information about human rights, corruption or crimes against humanity.",Europe,Germany,DEU,ati_law_05,1,Partial
ati_law_override,Access to Information,Legal Frameworks,NA,Global Right to Information Rating,Centre for Law and Democracy; Access Info Europe,2025,Information must be disclosed when in the public interest,"There is a mandatory public interest override so that information must be disclosed where this is in the overall public interest, even if this may harm a protected interest.","To meet this benchmark, the public interest override must not be subject to overarching limitations or apply to only some exceptions. It must also be mandatory. For example, there are ‘hard’ overrides (which apply absolutely), such as for information about human rights, corruption or crimes against humanity.",Africa and the Middle East,Ghana,GHA,ati_law_05,2,Yes
ati_law_override,Access to Information,Legal Frameworks,NA,Global Right to Information Rating,Centre for Law and Democracy; Access Info Europe,2025,Information must be disclosed when in the public interest,"There is a mandatory public interest override so that information must be disclosed where this is in the overall public interest, even if this may harm a protected interest.","To meet this benchmark, the public interest override must not be subject to overarching limitations or apply to only some exceptions. It must also be mandatory. For example, there are ‘hard’ overrides (which apply absolutely), such as for information about human rights, corruption or crimes against humanity.",Europe,Greece,GRC,ati_law_05,0,No
ati_law_override,Access to Information,Legal Frameworks,NA,Global Right to Information Rating,Centre for Law and Democracy; Access Info Europe,2025,Information must be disclosed when in the public interest,"There is a mandatory public interest override so that information must be disclosed where this is in the overall public interest, even if this may harm a protected interest.","To meet this benchmark, the public interest override must not be subject to overarching limitations or apply to only some exceptions. It must also be mandatory. For example, there are ‘hard’ overrides (which apply absolutely), such as for information about human rights, corruption or crimes against humanity.",Americas,Guatemala,GTM,ati_law_05,1,Partial
ati_law_override,Access to Information,Legal Frameworks,NA,Global Right to Information Rating,Centre for Law and Democracy; Access Info Europe,2025,Information must be disclosed when in the public interest,"There is a mandatory public interest override so that information must be disclosed where this is in the overall public interest, even if this may harm a protected interest.","To meet this benchmark, the public interest override must not be subject to overarching limitations or apply to only some exceptions. It must also be mandatory. For example, there are ‘hard’ overrides (which apply absolutely), such as for information about human rights, corruption or crimes against humanity.",Americas,Honduras,HND,ati_law_05,0,No
ati_law_override,Access to Information,Legal Frameworks,NA,Global Right to Information Rating,Centre for Law and Democracy; Access Info Europe,2025,Information must be disclosed when in the public interest,"There is a mandatory public interest override so that information must be disclosed where this is in the overall public interest, even if this may harm a protected interest.","To meet this benchmark, the public interest override must not be subject to overarching limitations or apply to only some exceptions. It must also be mandatory. For example, there are ‘hard’ overrides (which apply absolutely), such as for information about human rights, corruption or crimes against humanity.",Asia and the Pacific,Indonesia,IDN,ati_law_05,2,Yes
ati_law_override,Access to Information,Legal Frameworks,NA,Global Right to Information Rating,Centre for Law and Democracy; Access Info Europe,2025,Information must be disclosed when in the public interest,"There is a mandatory public interest override so that information must be disclosed where this is in the overall public interest, even if this may harm a protected interest.","To meet this benchmark, the public interest override must not be subject to overarching limitations or apply to only some exceptions. It must also be mandatory. For example, there are ‘hard’ overrides (which apply absolutely), such as for information about human rights, corruption or crimes against humanity.",Europe,Ireland,IRL,ati_law_05,0,No
ati_law_override,Access to Information,Legal Frameworks,NA,Global Right to Information Rating,Centre for Law and Democracy; Access Info Europe,2025,Information must be disclosed when in the public interest,"There is a mandatory public interest override so that information must be disclosed where this is in the overall public interest, even if this may harm a protected interest.","To meet this benchmark, the public interest override must not be subject to overarching limitations or apply to only some exceptions. It must also be mandatory. For example, there are ‘hard’ overrides (which apply absolutely), such as for information about human rights, corruption or crimes against humanity.",Europe,Italy,ITA,ati_law_05,0,No
ati_law_override,Access to Information,Legal Frameworks,NA,Global Right to Information Rating,Centre for Law and Democracy; Access Info Europe,2025,Information must be disclosed when in the public interest,"There is a mandatory public interest override so that information must be disclosed where this is in the overall public interest, even if this may harm a protected interest.","To meet this benchmark, the public interest override must not be subject to overarching limitations or apply to only some exceptions. It must also be mandatory. For example, there are ‘hard’ overrides (which apply absolutely), such as for information about human rights, corruption or crimes against humanity.",Africa and the Middle East,Cote d'Ivoire,CIV,ati_law_05,0,No
ati_law_override,Access to Information,Legal Frameworks,NA,Global Right to Information Rating,Centre for Law and Democracy; Access Info Europe,2025,Information must be disclosed when in the public interest,"There is a mandatory public interest override so that information must be disclosed where this is in the overall public interest, even if this may harm a protected interest.","To meet this benchmark, the public interest override must not be subject to overarching limitations or apply to only some exceptions. It must also be mandatory. For example, there are ‘hard’ overrides (which apply absolutely), such as for information about human rights, corruption or crimes against humanity.",Americas,Jamaica,JAM,ati_law_05,1,Partial
ati_law_override,Access to Information,Legal Frameworks,NA,Global Right to Information Rating,Centre for Law and Democracy; Access Info Europe,2025,Information must be disclosed when in the public interest,"There is a mandatory public interest override so that information must be disclosed where this is in the overall public interest, even if this may harm a protected interest.","To meet this benchmark, the public interest override must not be subject to overarching limitations or apply to only some exceptions. It must also be mandatory. For example, there are ‘hard’ overrides (which apply absolutely), such as for information about human rights, corruption or crimes against humanity.",Africa and the Middle East,Jordan,JOR,ati_law_05,1,Partial
ati_law_override,Access to Information,Legal Frameworks,NA,Global Right to Information Rating,Centre for Law and Democracy; Access Info Europe,2025,Information must be disclosed when in the public interest,"There is a mandatory public interest override so that information must be disclosed where this is in the overall public interest, even if this may harm a protected interest.","To meet this benchmark, the public interest override must not be subject to overarching limitations or apply to only some exceptions. It must also be mandatory. For example, there are ‘hard’ overrides (which apply absolutely), such as for information about human rights, corruption or crimes against humanity.",Africa and the Middle East,Kenya,KEN,ati_law_05,1,Partial
ati_law_override,Access to Information,Legal Frameworks,NA,Global Right to Information Rating,Centre for Law and Democracy; Access Info Europe,2025,Information must be disclosed when in the public interest,"There is a mandatory public interest override so that information must be disclosed where this is in the overall public interest, even if this may harm a protected interest.","To meet this benchmark, the public interest override must not be subject to overarching limitations or apply to only some exceptions. It must also be mandatory. For example, there are ‘hard’ overrides (which apply absolutely), such as for information about human rights, corruption or crimes against humanity.",Europe,Kosovo,XKX,ati_law_05,2,Yes
ati_law_override,Access to Information,Legal Frameworks,NA,Global Right to Information Rating,Centre for Law and Democracy; Access Info Europe,2025,Information must be disclosed when in the public interest,"There is a mandatory public interest override so that information must be disclosed where this is in the overall public interest, even if this may harm a protected interest.","To meet this benchmark, the public interest override must not be subject to overarching limitations or apply to only some exceptions. It must also be mandatory. For example, there are ‘hard’ overrides (which apply absolutely), such as for information about human rights, corruption or crimes against humanity.",Europe,Latvia,LVA,ati_law_05,0,No
ati_law_override,Access to Information,Legal Frameworks,NA,Global Right to Information Rating,Centre for Law and Democracy; Access Info Europe,2025,Information must be disclosed when in the public interest,"There is a mandatory public interest override so that information must be disclosed where this is in the overall public interest, even if this may harm a protected interest.","To meet this benchmark, the public interest override must not be subject to overarching limitations or apply to only some exceptions. It must also be mandatory. For example, there are ‘hard’ overrides (which apply absolutely), such as for information about human rights, corruption or crimes against humanity.",Africa and the Middle East,Liberia,LBR,ati_law_05,2,Yes
ati_law_override,Access to Information,Legal Frameworks,NA,Global Right to Information Rating,Centre for Law and Democracy; Access Info Europe,2025,Information must be disclosed when in the public interest,"There is a mandatory public interest override so that information must be disclosed where this is in the overall public interest, even if this may harm a protected interest.","To meet this benchmark, the public interest override must not be subject to overarching limitations or apply to only some exceptions. It must also be mandatory. For example, there are ‘hard’ overrides (which apply absolutely), such as for information about human rights, corruption or crimes against humanity.",Europe,Lithuania,LTU,ati_law_05,0,No
ati_law_override,Access to Information,Legal Frameworks,NA,Global Right to Information Rating,Centre for Law and Democracy; Access Info Europe,2025,Information must be disclosed when in the public interest,"There is a mandatory public interest override so that information must be disclosed where this is in the overall public interest, even if this may harm a protected interest.","To meet this benchmark, the public interest override must not be subject to overarching limitations or apply to only some exceptions. It must also be mandatory. For example, there are ‘hard’ overrides (which apply absolutely), such as for information about human rights, corruption or crimes against humanity.",Africa and the Middle East,Malawi,MWI,ati_law_05,0,No
ati_law_override,Access to Information,Legal Frameworks,NA,Global Right to Information Rating,Centre for Law and Democracy; Access Info Europe,2025,Information must be disclosed when in the public interest,"There is a mandatory public interest override so that information must be disclosed where this is in the overall public interest, even if this may harm a protected interest.","To meet this benchmark, the public interest override must not be subject to overarching limitations or apply to only some exceptions. It must also be mandatory. For example, there are ‘hard’ overrides (which apply absolutely), such as for information about human rights, corruption or crimes against humanity.",Asia and the Pacific,Maldives,MDV,ati_law_05,2,Yes
ati_law_override,Access to Information,Legal Frameworks,NA,Global Right to Information Rating,Centre for Law and Democracy; Access Info Europe,2025,Information must be disclosed when in the public interest,"There is a mandatory public interest override so that information must be disclosed where this is in the overall public interest, even if this may harm a protected interest.","To meet this benchmark, the public interest override must not be subject to overarching limitations or apply to only some exceptions. It must also be mandatory. For example, there are ‘hard’ overrides (which apply absolutely), such as for information about human rights, corruption or crimes against humanity.",Europe,Malta,MLT,ati_law_05,1,Partial
ati_law_override,Access to Information,Legal Frameworks,NA,Global Right to Information Rating,Centre for Law and Democracy; Access Info Europe,2025,Information must be disclosed when in the public interest,"There is a mandatory public interest override so that information must be disclosed where this is in the overall public interest, even if this may harm a protected interest.","To meet this benchmark, the public interest override must not be subject to overarching limitations or apply to only some exceptions. It must also be mandatory. For example, there are ‘hard’ overrides (which apply absolutely), such as for information about human rights, corruption or crimes against humanity.",Americas,Mexico,MEX,ati_law_05,1,Partial
ati_law_override,Access to Information,Legal Frameworks,NA,Global Right to Information Rating,Centre for Law and Democracy; Access Info Europe,2025,Information must be disclosed when in the public interest,"There is a mandatory public interest override so that information must be disclosed where this is in the overall public interest, even if this may harm a protected interest.","To meet this benchmark, the public interest override must not be subject to overarching limitations or apply to only some exceptions. It must also be mandatory. For example, there are ‘hard’ overrides (which apply absolutely), such as for information about human rights, corruption or crimes against humanity.",Europe,Republic of Moldova,MDA,ati_law_05,1,Partial
ati_law_override,Access to Information,Legal Frameworks,NA,Global Right to Information Rating,Centre for Law and Democracy; Access Info Europe,2025,Information must be disclosed when in the public interest,"There is a mandatory public interest override so that information must be disclosed where this is in the overall public interest, even if this may harm a protected interest.","To meet this benchmark, the public interest override must not be subject to overarching limitations or apply to only some exceptions. It must also be mandatory. For example, there are ‘hard’ overrides (which apply absolutely), such as for information about human rights, corruption or crimes against humanity.",Asia and the Pacific,Mongolia,MNG,ati_law_05,0,No
ati_law_override,Access to Information,Legal Frameworks,NA,Global Right to Information Rating,Centre for Law and Democracy; Access Info Europe,2025,Information must be disclosed when in the public interest,"There is a mandatory public interest override so that information must be disclosed where this is in the overall public interest, even if this may harm a protected interest.","To meet this benchmark, the public interest override must not be subject to overarching limitations or apply to only some exceptions. It must also be mandatory. For example, there are ‘hard’ overrides (which apply absolutely), such as for information about human rights, corruption or crimes against humanity.",Europe,Montenegro,MNE,ati_law_05,2,Yes
ati_law_override,Access to Information,Legal Frameworks,NA,Global Right to Information Rating,Centre for Law and Democracy; Access Info Europe,2025,Information must be disclosed when in the public interest,"There is a mandatory public interest override so that information must be disclosed where this is in the overall public interest, even if this may harm a protected interest.","To meet this benchmark, the public interest override must not be subject to overarching limitations or apply to only some exceptions. It must also be mandatory. For example, there are ‘hard’ overrides (which apply absolutely), such as for information about human rights, corruption or crimes against humanity.",Africa and the Middle East,Morocco,MAR,ati_law_05,0,No
ati_law_override,Access to Information,Legal Frameworks,NA,Global Right to Information Rating,Centre for Law and Democracy; Access Info Europe,2025,Information must be disclosed when in the public interest,"There is a mandatory public interest override so that information must be disclosed where this is in the overall public interest, even if this may harm a protected interest.","To meet this benchmark, the public interest override must not be subject to overarching limitations or apply to only some exceptions. It must also be mandatory. For example, there are ‘hard’ overrides (which apply absolutely), such as for information about human rights, corruption or crimes against humanity.",Europe,Netherlands,NLD,ati_law_05,1,Partial
ati_law_override,Access to Information,Legal Frameworks,NA,Global Right to Information Rating,Centre for Law and Democracy; Access Info Europe,2025,Information must be disclosed when in the public interest,"There is a mandatory public interest override so that information must be disclosed where this is in the overall public interest, even if this may harm a protected interest.","To meet this benchmark, the public interest override must not be subject to overarching limitations or apply to only some exceptions. It must also be mandatory. For example, there are ‘hard’ overrides (which apply absolutely), such as for information about human rights, corruption or crimes against humanity.",Asia and the Pacific,New Zealand,NZL,ati_law_05,1,Partial
ati_law_override,Access to Information,Legal Frameworks,NA,Global Right to Information Rating,Centre for Law and Democracy; Access Info Europe,2025,Information must be disclosed when in the public interest,"There is a mandatory public interest override so that information must be disclosed where this is in the overall public interest, even if this may harm a protected interest.","To meet this benchmark, the public interest override must not be subject to overarching limitations or apply to only some exceptions. It must also be mandatory. For example, there are ‘hard’ overrides (which apply absolutely), such as for information about human rights, corruption or crimes against humanity.",Africa and the Middle East,Nigeria,NGA,ati_law_05,1,Partial
ati_law_override,Access to Information,Legal Frameworks,NA,Global Right to Information Rating,Centre for Law and Democracy; Access Info Europe,2025,Information must be disclosed when in the public interest,"There is a mandatory public interest override so that information must be disclosed where this is in the overall public interest, even if this may harm a protected interest.","To meet this benchmark, the public interest override must not be subject to overarching limitations or apply to only some exceptions. It must also be mandatory. For example, there are ‘hard’ overrides (which apply absolutely), such as for information about human rights, corruption or crimes against humanity.",Europe,North Macedonia,MKD,ati_law_05,2,Yes
ati_law_override,Access to Information,Legal Frameworks,NA,Global Right to Information Rating,Centre for Law and Democracy; Access Info Europe,2025,Information must be disclosed when in the public interest,"There is a mandatory public interest override so that information must be disclosed where this is in the overall public interest, even if this may harm a protected interest.","To meet this benchmark, the public interest override must not be subject to overarching limitations or apply to only some exceptions. It must also be mandatory. For example, there are ‘hard’ overrides (which apply absolutely), such as for information about human rights, corruption or crimes against humanity.",Europe,Norway,NOR,ati_law_05,2,Yes
ati_law_override,Access to Information,Legal Frameworks,NA,Global Right to Information Rating,Centre for Law and Democracy; Access Info Europe,2025,Information must be disclosed when in the public interest,"There is a mandatory public interest override so that information must be disclosed where this is in the overall public interest, even if this may harm a protected interest.","To meet this benchmark, the public interest override must not be subject to overarching limitations or apply to only some exceptions. It must also be mandatory. For example, there are ‘hard’ overrides (which apply absolutely), such as for information about human rights, corruption or crimes against humanity.",Americas,Panama,PAN,ati_law_05,0,No
ati_law_override,Access to Information,Legal Frameworks,NA,Global Right to Information Rating,Centre for Law and Democracy; Access Info Europe,2025,Information must be disclosed when in the public interest,"There is a mandatory public interest override so that information must be disclosed where this is in the overall public interest, even if this may harm a protected interest.","To meet this benchmark, the public interest override must not be subject to overarching limitations or apply to only some exceptions. It must also be mandatory. For example, there are ‘hard’ overrides (which apply absolutely), such as for information about human rights, corruption or crimes against humanity.",Americas,Paraguay,PRY,ati_law_05,0,No
ati_law_override,Access to Information,Legal Frameworks,NA,Global Right to Information Rating,Centre for Law and Democracy; Access Info Europe,2025,Information must be disclosed when in the public interest,"There is a mandatory public interest override so that information must be disclosed where this is in the overall public interest, even if this may harm a protected interest.","To meet this benchmark, the public interest override must not be subject to overarching limitations or apply to only some exceptions. It must also be mandatory. For example, there are ‘hard’ overrides (which apply absolutely), such as for information about human rights, corruption or crimes against humanity.",Americas,Peru,PER,ati_law_05,1,Partial
ati_law_override,Access to Information,Legal Frameworks,NA,Global Right to Information Rating,Centre for Law and Democracy; Access Info Europe,2025,Information must be disclosed when in the public interest,"There is a mandatory public interest override so that information must be disclosed where this is in the overall public interest, even if this may harm a protected interest.","To meet this benchmark, the public interest override must not be subject to overarching limitations or apply to only some exceptions. It must also be mandatory. For example, there are ‘hard’ overrides (which apply absolutely), such as for information about human rights, corruption or crimes against humanity.",Asia and the Pacific,Philippines,PHL,ati_law_05,0,No
ati_law_override,Access to Information,Legal Frameworks,NA,Global Right to Information Rating,Centre for Law and Democracy; Access Info Europe,2025,Information must be disclosed when in the public interest,"There is a mandatory public interest override so that information must be disclosed where this is in the overall public interest, even if this may harm a protected interest.","To meet this benchmark, the public interest override must not be subject to overarching limitations or apply to only some exceptions. It must also be mandatory. For example, there are ‘hard’ overrides (which apply absolutely), such as for information about human rights, corruption or crimes against humanity.",Europe,Portugal,PRT,ati_law_05,0,No
ati_law_override,Access to Information,Legal Frameworks,NA,Global Right to Information Rating,Centre for Law and Democracy; Access Info Europe,2025,Information must be disclosed when in the public interest,"There is a mandatory public interest override so that information must be disclosed where this is in the overall public interest, even if this may harm a protected interest.","To meet this benchmark, the public interest override must not be subject to overarching limitations or apply to only some exceptions. It must also be mandatory. For example, there are ‘hard’ overrides (which apply absolutely), such as for information about human rights, corruption or crimes against humanity.",Europe,Romania,ROU,ati_law_05,1,Partial
ati_law_override,Access to Information,Legal Frameworks,NA,Global Right to Information Rating,Centre for Law and Democracy; Access Info Europe,2025,Information must be disclosed when in the public interest,"There is a mandatory public interest override so that information must be disclosed where this is in the overall public interest, even if this may harm a protected interest.","To meet this benchmark, the public interest override must not be subject to overarching limitations or apply to only some exceptions. It must also be mandatory. For example, there are ‘hard’ overrides (which apply absolutely), such as for information about human rights, corruption or crimes against humanity.",Africa and the Middle East,Senegal,SEN,ati_law_05,0,No
ati_law_override,Access to Information,Legal Frameworks,NA,Global Right to Information Rating,Centre for Law and Democracy; Access Info Europe,2025,Information must be disclosed when in the public interest,"There is a mandatory public interest override so that information must be disclosed where this is in the overall public interest, even if this may harm a protected interest.","To meet this benchmark, the public interest override must not be subject to overarching limitations or apply to only some exceptions. It must also be mandatory. For example, there are ‘hard’ overrides (which apply absolutely), such as for information about human rights, corruption or crimes against humanity.",Europe,Serbia,SRB,ati_law_05,2,Yes
ati_law_override,Access to Information,Legal Frameworks,NA,Global Right to Information Rating,Centre for Law and Democracy; Access Info Europe,2025,Information must be disclosed when in the public interest,"There is a mandatory public interest override so that information must be disclosed where this is in the overall public interest, even if this may harm a protected interest.","To meet this benchmark, the public interest override must not be subject to overarching limitations or apply to only some exceptions. It must also be mandatory. For example, there are ‘hard’ overrides (which apply absolutely), such as for information about human rights, corruption or crimes against humanity.",Africa and the Middle East,Seychelles,SYC,ati_law_05,1,Partial
ati_law_override,Access to Information,Legal Frameworks,NA,Global Right to Information Rating,Centre for Law and Democracy; Access Info Europe,2025,Information must be disclosed when in the public interest,"There is a mandatory public interest override so that information must be disclosed where this is in the overall public interest, even if this may harm a protected interest.","To meet this benchmark, the public interest override must not be subject to overarching limitations or apply to only some exceptions. It must also be mandatory. For example, there are ‘hard’ overrides (which apply absolutely), such as for information about human rights, corruption or crimes against humanity.",Africa and the Middle East,Sierra Leone,SLE,ati_law_05,2,Yes
ati_law_override,Access to Information,Legal Frameworks,NA,Global Right to Information Rating,Centre for Law and Democracy; Access Info Europe,2025,Information must be disclosed when in the public interest,"There is a mandatory public interest override so that information must be disclosed where this is in the overall public interest, even if this may harm a protected interest.","To meet this benchmark, the public interest override must not be subject to overarching limitations or apply to only some exceptions. It must also be mandatory. For example, there are ‘hard’ overrides (which apply absolutely), such as for information about human rights, corruption or crimes against humanity.",Europe,Slovakia,SVK,ati_law_05,0,No
ati_law_override,Access to Information,Legal Frameworks,NA,Global Right to Information Rating,Centre for Law and Democracy; Access Info Europe,2025,Information must be disclosed when in the public interest,"There is a mandatory public interest override so that information must be disclosed where this is in the overall public interest, even if this may harm a protected interest.","To meet this benchmark, the public interest override must not be subject to overarching limitations or apply to only some exceptions. It must also be mandatory. For example, there are ‘hard’ overrides (which apply absolutely), such as for information about human rights, corruption or crimes against humanity.",Africa and the Middle East,South Africa,ZAF,ati_law_05,1,Partial
ati_law_override,Access to Information,Legal Frameworks,NA,Global Right to Information Rating,Centre for Law and Democracy; Access Info Europe,2025,Information must be disclosed when in the public interest,"There is a mandatory public interest override so that information must be disclosed where this is in the overall public interest, even if this may harm a protected interest.","To meet this benchmark, the public interest override must not be subject to overarching limitations or apply to only some exceptions. It must also be mandatory. For example, there are ‘hard’ overrides (which apply absolutely), such as for information about human rights, corruption or crimes against humanity.",Asia and the Pacific,Republic of Korea,KOR,ati_law_05,1,Partial
ati_law_override,Access to Information,Legal Frameworks,NA,Global Right to Information Rating,Centre for Law and Democracy; Access Info Europe,2025,Information must be disclosed when in the public interest,"There is a mandatory public interest override so that information must be disclosed where this is in the overall public interest, even if this may harm a protected interest.","To meet this benchmark, the public interest override must not be subject to overarching limitations or apply to only some exceptions. It must also be mandatory. For example, there are ‘hard’ overrides (which apply absolutely), such as for information about human rights, corruption or crimes against humanity.",Europe,Spain,ESP,ati_law_05,1,Partial
ati_law_override,Access to Information,Legal Frameworks,NA,Global Right to Information Rating,Centre for Law and Democracy; Access Info Europe,2025,Information must be disclosed when in the public interest,"There is a mandatory public interest override so that information must be disclosed where this is in the overall public interest, even if this may harm a protected interest.","To meet this benchmark, the public interest override must not be subject to overarching limitations or apply to only some exceptions. It must also be mandatory. For example, there are ‘hard’ overrides (which apply absolutely), such as for information about human rights, corruption or crimes against humanity.",Europe,Sweden,SWE,ati_law_05,0,No
ati_law_override,Access to Information,Legal Frameworks,NA,Global Right to Information Rating,Centre for Law and Democracy; Access Info Europe,2025,Information must be disclosed when in the public interest,"There is a mandatory public interest override so that information must be disclosed where this is in the overall public interest, even if this may harm a protected interest.","To meet this benchmark, the public interest override must not be subject to overarching limitations or apply to only some exceptions. It must also be mandatory. For example, there are ‘hard’ overrides (which apply absolutely), such as for information about human rights, corruption or crimes against humanity.",Asia and the Pacific,Thailand,THA,ati_law_05,1,Partial
ati_law_override,Access to Information,Legal Frameworks,NA,Global Right to Information Rating,Centre for Law and Democracy; Access Info Europe,2025,Information must be disclosed when in the public interest,"There is a mandatory public interest override so that information must be disclosed where this is in the overall public interest, even if this may harm a protected interest.","To meet this benchmark, the public interest override must not be subject to overarching limitations or apply to only some exceptions. It must also be mandatory. For example, there are ‘hard’ overrides (which apply absolutely), such as for information about human rights, corruption or crimes against humanity.",Africa and the Middle East,Tunisia,TUN,ati_law_05,2,Yes
ati_law_override,Access to Information,Legal Frameworks,NA,Global Right to Information Rating,Centre for Law and Democracy; Access Info Europe,2025,Information must be disclosed when in the public interest,"There is a mandatory public interest override so that information must be disclosed where this is in the overall public interest, even if this may harm a protected interest.","To meet this benchmark, the public interest override must not be subject to overarching limitations or apply to only some exceptions. It must also be mandatory. For example, there are ‘hard’ overrides (which apply absolutely), such as for information about human rights, corruption or crimes against humanity.",Europe,Ukraine,UKR,ati_law_05,2,Yes
ati_law_override,Access to Information,Legal Frameworks,NA,Global Right to Information Rating,Centre for Law and Democracy; Access Info Europe,2025,Information must be disclosed when in the public interest,"There is a mandatory public interest override so that information must be disclosed where this is in the overall public interest, even if this may harm a protected interest.","To meet this benchmark, the public interest override must not be subject to overarching limitations or apply to only some exceptions. It must also be mandatory. For example, there are ‘hard’ overrides (which apply absolutely), such as for information about human rights, corruption or crimes against humanity.",Europe,United Kingdom,GBR,ati_law_05,1,Partial
ati_law_override,Access to Information,Legal Frameworks,NA,Global Right to Information Rating,Centre for Law and Democracy; Access Info Europe,2025,Information must be disclosed when in the public interest,"There is a mandatory public interest override so that information must be disclosed where this is in the overall public interest, even if this may harm a protected interest.","To meet this benchmark, the public interest override must not be subject to overarching limitations or apply to only some exceptions. It must also be mandatory. For example, there are ‘hard’ overrides (which apply absolutely), such as for information about human rights, corruption or crimes against humanity.",Americas,Uruguay,URY,ati_law_05,1,Partial
ati_law_override,Access to Information,Legal Frameworks,NA,Global Right to Information Rating,Centre for Law and Democracy; Access Info Europe,2025,Information must be disclosed when in the public interest,"There is a mandatory public interest override so that information must be disclosed where this is in the overall public interest, even if this may harm a protected interest.","To meet this benchmark, the public interest override must not be subject to overarching limitations or apply to only some exceptions. It must also be mandatory. For example, there are ‘hard’ overrides (which apply absolutely), such as for information about human rights, corruption or crimes against humanity.",Africa and the Middle East,Zambia,ZMB,ati_law_05,2,Yes
ati_law_exec,Access to Information,Legal Frameworks,NA,Global Right to Information Rating,Centre for Law and Democracy; Access Info Europe,2025,The framework applies to all parts of the executive branch,"The right of access applies to the executive branch, with no bodies or classes of information excluded.","This includes the executive (cabinet) and administration including all ministries, departments, local government, public schools, public health care bodies, the police, the armed forces, security services, and bodies owned or controlled by the above. Any exempted central agency (such as the armed forces, police, or archives) results in a Partial score.",Europe,Albania,ALB,ati_law_06,2,Yes
ati_law_exec,Access to Information,Legal Frameworks,NA,Global Right to Information Rating,Centre for Law and Democracy; Access Info Europe,2025,The framework applies to all parts of the executive branch,"The right of access applies to the executive branch, with no bodies or classes of information excluded.","This includes the executive (cabinet) and administration including all ministries, departments, local government, public schools, public health care bodies, the police, the armed forces, security services, and bodies owned or controlled by the above. Any exempted central agency (such as the armed forces, police, or archives) results in a Partial score.",Americas,Argentina,ARG,ati_law_06,2,Yes
ati_law_exec,Access to Information,Legal Frameworks,NA,Global Right to Information Rating,Centre for Law and Democracy; Access Info Europe,2025,The framework applies to all parts of the executive branch,"The right of access applies to the executive branch, with no bodies or classes of information excluded.","This includes the executive (cabinet) and administration including all ministries, departments, local government, public schools, public health care bodies, the police, the armed forces, security services, and bodies owned or controlled by the above. Any exempted central agency (such as the armed forces, police, or archives) results in a Partial score.",Europe,Armenia,ARM,ati_law_06,1,Partial
ati_law_exec,Access to Information,Legal Frameworks,NA,Global Right to Information Rating,Centre for Law and Democracy; Access Info Europe,2025,The framework applies to all parts of the executive branch,"The right of access applies to the executive branch, with no bodies or classes of information excluded.","This includes the executive (cabinet) and administration including all ministries, departments, local government, public schools, public health care bodies, the police, the armed forces, security services, and bodies owned or controlled by the above. Any exempted central agency (such as the armed forces, police, or archives) results in a Partial score.",Asia and the Pacific,Australia,AUS,ati_law_06,1,Partial
ati_law_exec,Access to Information,Legal Frameworks,NA,Global Right to Information Rating,Centre for Law and Democracy; Access Info Europe,2025,The framework applies to all parts of the executive branch,"The right of access applies to the executive branch, with no bodies or classes of information excluded.","This includes the executive (cabinet) and administration including all ministries, departments, local government, public schools, public health care bodies, the police, the armed forces, security services, and bodies owned or controlled by the above. Any exempted central agency (such as the armed forces, police, or archives) results in a Partial score.",Africa and the Middle East,Benin,BEN,ati_law_06,1,Partial
ati_law_exec,Access to Information,Legal Frameworks,NA,Global Right to Information Rating,Centre for Law and Democracy; Access Info Europe,2025,The framework applies to all parts of the executive branch,"The right of access applies to the executive branch, with no bodies or classes of information excluded.","This includes the executive (cabinet) and administration including all ministries, departments, local government, public schools, public health care bodies, the police, the armed forces, security services, and bodies owned or controlled by the above. Any exempted central agency (such as the armed forces, police, or archives) results in a Partial score.",Europe,Bosnia and Herzegovina,BIH,ati_law_06,2,Yes
ati_law_exec,Access to Information,Legal Frameworks,NA,Global Right to Information Rating,Centre for Law and Democracy; Access Info Europe,2025,The framework applies to all parts of the executive branch,"The right of access applies to the executive branch, with no bodies or classes of information excluded.","This includes the executive (cabinet) and administration including all ministries, departments, local government, public schools, public health care bodies, the police, the armed forces, security services, and bodies owned or controlled by the above. Any exempted central agency (such as the armed forces, police, or archives) results in a Partial score.",Americas,Brazil,BRA,ati_law_06,2,Yes
ati_law_exec,Access to Information,Legal Frameworks,NA,Global Right to Information Rating,Centre for Law and Democracy; Access Info Europe,2025,The framework applies to all parts of the executive branch,"The right of access applies to the executive branch, with no bodies or classes of information excluded.","This includes the executive (cabinet) and administration including all ministries, departments, local government, public schools, public health care bodies, the police, the armed forces, security services, and bodies owned or controlled by the above. Any exempted central agency (such as the armed forces, police, or archives) results in a Partial score.",Europe,Bulgaria,BGR,ati_law_06,2,Yes
ati_law_exec,Access to Information,Legal Frameworks,NA,Global Right to Information Rating,Centre for Law and Democracy; Access Info Europe,2025,The framework applies to all parts of the executive branch,"The right of access applies to the executive branch, with no bodies or classes of information excluded.","This includes the executive (cabinet) and administration including all ministries, departments, local government, public schools, public health care bodies, the police, the armed forces, security services, and bodies owned or controlled by the above. Any exempted central agency (such as the armed forces, police, or archives) results in a Partial score.",Africa and the Middle East,Burkina Faso,BFA,ati_law_06,2,Yes
ati_law_exec,Access to Information,Legal Frameworks,NA,Global Right to Information Rating,Centre for Law and Democracy; Access Info Europe,2025,The framework applies to all parts of the executive branch,"The right of access applies to the executive branch, with no bodies or classes of information excluded.","This includes the executive (cabinet) and administration including all ministries, departments, local government, public schools, public health care bodies, the police, the armed forces, security services, and bodies owned or controlled by the above. Any exempted central agency (such as the armed forces, police, or archives) results in a Partial score.",Americas,Canada,CAN,ati_law_06,1,Partial
ati_law_exec,Access to Information,Legal Frameworks,NA,Global Right to Information Rating,Centre for Law and Democracy; Access Info Europe,2025,The framework applies to all parts of the executive branch,"The right of access applies to the executive branch, with no bodies or classes of information excluded.","This includes the executive (cabinet) and administration including all ministries, departments, local government, public schools, public health care bodies, the police, the armed forces, security services, and bodies owned or controlled by the above. Any exempted central agency (such as the armed forces, police, or archives) results in a Partial score.",Africa and the Middle East,Cabo Verde,CPV,ati_law_06,2,Yes
ati_law_exec,Access to Information,Legal Frameworks,NA,Global Right to Information Rating,Centre for Law and Democracy; Access Info Europe,2025,The framework applies to all parts of the executive branch,"The right of access applies to the executive branch, with no bodies or classes of information excluded.","This includes the executive (cabinet) and administration including all ministries, departments, local government, public schools, public health care bodies, the police, the armed forces, security services, and bodies owned or controlled by the above. Any exempted central agency (such as the armed forces, police, or archives) results in a Partial score.",Americas,Chile,CHL,ati_law_06,2,Yes
ati_law_exec,Access to Information,Legal Frameworks,NA,Global Right to Information Rating,Centre for Law and Democracy; Access Info Europe,2025,The framework applies to all parts of the executive branch,"The right of access applies to the executive branch, with no bodies or classes of information excluded.","This includes the executive (cabinet) and administration including all ministries, departments, local government, public schools, public health care bodies, the police, the armed forces, security services, and bodies owned or controlled by the above. Any exempted central agency (such as the armed forces, police, or archives) results in a Partial score.",Americas,Colombia,COL,ati_law_06,2,Yes
ati_law_exec,Access to Information,Legal Frameworks,NA,Global Right to Information Rating,Centre for Law and Democracy; Access Info Europe,2025,The framework applies to all parts of the executive branch,"The right of access applies to the executive branch, with no bodies or classes of information excluded.","This includes the executive (cabinet) and administration including all ministries, departments, local government, public schools, public health care bodies, the police, the armed forces, security services, and bodies owned or controlled by the above. Any exempted central agency (such as the armed forces, police, or archives) results in a Partial score.",Americas,Costa Rica,CRI,ati_law_06,2,Yes
ati_law_exec,Access to Information,Legal Frameworks,NA,Global Right to Information Rating,Centre for Law and Democracy; Access Info Europe,2025,The framework applies to all parts of the executive branch,"The right of access applies to the executive branch, with no bodies or classes of information excluded.","This includes the executive (cabinet) and administration including all ministries, departments, local government, public schools, public health care bodies, the police, the armed forces, security services, and bodies owned or controlled by the above. Any exempted central agency (such as the armed forces, police, or archives) results in a Partial score.",Europe,Croatia,HRV,ati_law_06,2,Yes
ati_law_exec,Access to Information,Legal Frameworks,NA,Global Right to Information Rating,Centre for Law and Democracy; Access Info Europe,2025,The framework applies to all parts of the executive branch,"The right of access applies to the executive branch, with no bodies or classes of information excluded.","This includes the executive (cabinet) and administration including all ministries, departments, local government, public schools, public health care bodies, the police, the armed forces, security services, and bodies owned or controlled by the above. Any exempted central agency (such as the armed forces, police, or archives) results in a Partial score.",Europe,Czech Republic,CZE,ati_law_06,1,Partial
ati_law_exec,Access to Information,Legal Frameworks,NA,Global Right to Information Rating,Centre for Law and Democracy; Access Info Europe,2025,The framework applies to all parts of the executive branch,"The right of access applies to the executive branch, with no bodies or classes of information excluded.","This includes the executive (cabinet) and administration including all ministries, departments, local government, public schools, public health care bodies, the police, the armed forces, security services, and bodies owned or controlled by the above. Any exempted central agency (such as the armed forces, police, or archives) results in a Partial score.",Americas,Dominican Republic,DOM,ati_law_06,2,Yes
ati_law_exec,Access to Information,Legal Frameworks,NA,Global Right to Information Rating,Centre for Law and Democracy; Access Info Europe,2025,The framework applies to all parts of the executive branch,"The right of access applies to the executive branch, with no bodies or classes of information excluded.","This includes the executive (cabinet) and administration including all ministries, departments, local government, public schools, public health care bodies, the police, the armed forces, security services, and bodies owned or controlled by the above. Any exempted central agency (such as the armed forces, police, or archives) results in a Partial score.",Asia and the Pacific,Timor-Leste,TLS,ati_law_06,2,Yes
ati_law_exec,Access to Information,Legal Frameworks,NA,Global Right to Information Rating,Centre for Law and Democracy; Access Info Europe,2025,The framework applies to all parts of the executive branch,"The right of access applies to the executive branch, with no bodies or classes of information excluded.","This includes the executive (cabinet) and administration including all ministries, departments, local government, public schools, public health care bodies, the police, the armed forces, security services, and bodies owned or controlled by the above. Any exempted central agency (such as the armed forces, police, or archives) results in a Partial score.",Americas,Ecuador,ECU,ati_law_06,2,Yes
ati_law_exec,Access to Information,Legal Frameworks,NA,Global Right to Information Rating,Centre for Law and Democracy; Access Info Europe,2025,The framework applies to all parts of the executive branch,"The right of access applies to the executive branch, with no bodies or classes of information excluded.","This includes the executive (cabinet) and administration including all ministries, departments, local government, public schools, public health care bodies, the police, the armed forces, security services, and bodies owned or controlled by the above. Any exempted central agency (such as the armed forces, police, or archives) results in a Partial score.",Europe,Estonia,EST,ati_law_06,2,Yes
ati_law_exec,Access to Information,Legal Frameworks,NA,Global Right to Information Rating,Centre for Law and Democracy; Access Info Europe,2025,The framework applies to all parts of the executive branch,"The right of access applies to the executive branch, with no bodies or classes of information excluded.","This includes the executive (cabinet) and administration including all ministries, departments, local government, public schools, public health care bodies, the police, the armed forces, security services, and bodies owned or controlled by the above. Any exempted central agency (such as the armed forces, police, or archives) results in a Partial score.",Europe,Finland,FIN,ati_law_06,2,Yes
ati_law_exec,Access to Information,Legal Frameworks,NA,Global Right to Information Rating,Centre for Law and Democracy; Access Info Europe,2025,The framework applies to all parts of the executive branch,"The right of access applies to the executive branch, with no bodies or classes of information excluded.","This includes the executive (cabinet) and administration including all ministries, departments, local government, public schools, public health care bodies, the police, the armed forces, security services, and bodies owned or controlled by the above. Any exempted central agency (such as the armed forces, police, or archives) results in a Partial score.",Europe,France,FRA,ati_law_06,2,Yes
ati_law_exec,Access to Information,Legal Frameworks,NA,Global Right to Information Rating,Centre for Law and Democracy; Access Info Europe,2025,The framework applies to all parts of the executive branch,"The right of access applies to the executive branch, with no bodies or classes of information excluded.","This includes the executive (cabinet) and administration including all ministries, departments, local government, public schools, public health care bodies, the police, the armed forces, security services, and bodies owned or controlled by the above. Any exempted central agency (such as the armed forces, police, or archives) results in a Partial score.",Europe,Germany,DEU,ati_law_06,1,Partial
ati_law_exec,Access to Information,Legal Frameworks,NA,Global Right to Information Rating,Centre for Law and Democracy; Access Info Europe,2025,The framework applies to all parts of the executive branch,"The right of access applies to the executive branch, with no bodies or classes of information excluded.","This includes the executive (cabinet) and administration including all ministries, departments, local government, public schools, public health care bodies, the police, the armed forces, security services, and bodies owned or controlled by the above. Any exempted central agency (such as the armed forces, police, or archives) results in a Partial score.",Africa and the Middle East,Ghana,GHA,ati_law_06,1,Partial
ati_law_exec,Access to Information,Legal Frameworks,NA,Global Right to Information Rating,Centre for Law and Democracy; Access Info Europe,2025,The framework applies to all parts of the executive branch,"The right of access applies to the executive branch, with no bodies or classes of information excluded.","This includes the executive (cabinet) and administration including all ministries, departments, local government, public schools, public health care bodies, the police, the armed forces, security services, and bodies owned or controlled by the above. Any exempted central agency (such as the armed forces, police, or archives) results in a Partial score.",Europe,Greece,GRC,ati_law_06,1,Partial
ati_law_exec,Access to Information,Legal Frameworks,NA,Global Right to Information Rating,Centre for Law and Democracy; Access Info Europe,2025,The framework applies to all parts of the executive branch,"The right of access applies to the executive branch, with no bodies or classes of information excluded.","This includes the executive (cabinet) and administration including all ministries, departments, local government, public schools, public health care bodies, the police, the armed forces, security services, and bodies owned or controlled by the above. Any exempted central agency (such as the armed forces, police, or archives) results in a Partial score.",Americas,Guatemala,GTM,ati_law_06,2,Yes
ati_law_exec,Access to Information,Legal Frameworks,NA,Global Right to Information Rating,Centre for Law and Democracy; Access Info Europe,2025,The framework applies to all parts of the executive branch,"The right of access applies to the executive branch, with no bodies or classes of information excluded.","This includes the executive (cabinet) and administration including all ministries, departments, local government, public schools, public health care bodies, the police, the armed forces, security services, and bodies owned or controlled by the above. Any exempted central agency (such as the armed forces, police, or archives) results in a Partial score.",Americas,Honduras,HND,ati_law_06,2,Yes
ati_law_exec,Access to Information,Legal Frameworks,NA,Global Right to Information Rating,Centre for Law and Democracy; Access Info Europe,2025,The framework applies to all parts of the executive branch,"The right of access applies to the executive branch, with no bodies or classes of information excluded.","This includes the executive (cabinet) and administration including all ministries, departments, local government, public schools, public health care bodies, the police, the armed forces, security services, and bodies owned or controlled by the above. Any exempted central agency (such as the armed forces, police, or archives) results in a Partial score.",Asia and the Pacific,Indonesia,IDN,ati_law_06,2,Yes
ati_law_exec,Access to Information,Legal Frameworks,NA,Global Right to Information Rating,Centre for Law and Democracy; Access Info Europe,2025,The framework applies to all parts of the executive branch,"The right of access applies to the executive branch, with no bodies or classes of information excluded.","This includes the executive (cabinet) and administration including all ministries, departments, local government, public schools, public health care bodies, the police, the armed forces, security services, and bodies owned or controlled by the above. Any exempted central agency (such as the armed forces, police, or archives) results in a Partial score.",Europe,Ireland,IRL,ati_law_06,1,Partial
ati_law_exec,Access to Information,Legal Frameworks,NA,Global Right to Information Rating,Centre for Law and Democracy; Access Info Europe,2025,The framework applies to all parts of the executive branch,"The right of access applies to the executive branch, with no bodies or classes of information excluded.","This includes the executive (cabinet) and administration including all ministries, departments, local government, public schools, public health care bodies, the police, the armed forces, security services, and bodies owned or controlled by the above. Any exempted central agency (such as the armed forces, police, or archives) results in a Partial score.",Europe,Italy,ITA,ati_law_06,2,Yes
ati_law_exec,Access to Information,Legal Frameworks,NA,Global Right to Information Rating,Centre for Law and Democracy; Access Info Europe,2025,The framework applies to all parts of the executive branch,"The right of access applies to the executive branch, with no bodies or classes of information excluded.","This includes the executive (cabinet) and administration including all ministries, departments, local government, public schools, public health care bodies, the police, the armed forces, security services, and bodies owned or controlled by the above. Any exempted central agency (such as the armed forces, police, or archives) results in a Partial score.",Africa and the Middle East,Cote d'Ivoire,CIV,ati_law_06,1,Partial
ati_law_exec,Access to Information,Legal Frameworks,NA,Global Right to Information Rating,Centre for Law and Democracy; Access Info Europe,2025,The framework applies to all parts of the executive branch,"The right of access applies to the executive branch, with no bodies or classes of information excluded.","This includes the executive (cabinet) and administration including all ministries, departments, local government, public schools, public health care bodies, the police, the armed forces, security services, and bodies owned or controlled by the above. Any exempted central agency (such as the armed forces, police, or archives) results in a Partial score.",Americas,Jamaica,JAM,ati_law_06,1,Partial
ati_law_exec,Access to Information,Legal Frameworks,NA,Global Right to Information Rating,Centre for Law and Democracy; Access Info Europe,2025,The framework applies to all parts of the executive branch,"The right of access applies to the executive branch, with no bodies or classes of information excluded.","This includes the executive (cabinet) and administration including all ministries, departments, local government, public schools, public health care bodies, the police, the armed forces, security services, and bodies owned or controlled by the above. Any exempted central agency (such as the armed forces, police, or archives) results in a Partial score.",Africa and the Middle East,Jordan,JOR,ati_law_06,1,Partial
ati_law_exec,Access to Information,Legal Frameworks,NA,Global Right to Information Rating,Centre for Law and Democracy; Access Info Europe,2025,The framework applies to all parts of the executive branch,"The right of access applies to the executive branch, with no bodies or classes of information excluded.","This includes the executive (cabinet) and administration including all ministries, departments, local government, public schools, public health care bodies, the police, the armed forces, security services, and bodies owned or controlled by the above. Any exempted central agency (such as the armed forces, police, or archives) results in a Partial score.",Africa and the Middle East,Kenya,KEN,ati_law_06,2,Yes
ati_law_exec,Access to Information,Legal Frameworks,NA,Global Right to Information Rating,Centre for Law and Democracy; Access Info Europe,2025,The framework applies to all parts of the executive branch,"The right of access applies to the executive branch, with no bodies or classes of information excluded.","This includes the executive (cabinet) and administration including all ministries, departments, local government, public schools, public health care bodies, the police, the armed forces, security services, and bodies owned or controlled by the above. Any exempted central agency (such as the armed forces, police, or archives) results in a Partial score.",Europe,Kosovo,XKX,ati_law_06,1,Partial
ati_law_exec,Access to Information,Legal Frameworks,NA,Global Right to Information Rating,Centre for Law and Democracy; Access Info Europe,2025,The framework applies to all parts of the executive branch,"The right of access applies to the executive branch, with no bodies or classes of information excluded.","This includes the executive (cabinet) and administration including all ministries, departments, local government, public schools, public health care bodies, the police, the armed forces, security services, and bodies owned or controlled by the above. Any exempted central agency (such as the armed forces, police, or archives) results in a Partial score.",Europe,Latvia,LVA,ati_law_06,2,Yes
ati_law_exec,Access to Information,Legal Frameworks,NA,Global Right to Information Rating,Centre for Law and Democracy; Access Info Europe,2025,The framework applies to all parts of the executive branch,"The right of access applies to the executive branch, with no bodies or classes of information excluded.","This includes the executive (cabinet) and administration including all ministries, departments, local government, public schools, public health care bodies, the police, the armed forces, security services, and bodies owned or controlled by the above. Any exempted central agency (such as the armed forces, police, or archives) results in a Partial score.",Africa and the Middle East,Liberia,LBR,ati_law_06,2,Yes
ati_law_exec,Access to Information,Legal Frameworks,NA,Global Right to Information Rating,Centre for Law and Democracy; Access Info Europe,2025,The framework applies to all parts of the executive branch,"The right of access applies to the executive branch, with no bodies or classes of information excluded.","This includes the executive (cabinet) and administration including all ministries, departments, local government, public schools, public health care bodies, the police, the armed forces, security services, and bodies owned or controlled by the above. Any exempted central agency (such as the armed forces, police, or archives) results in a Partial score.",Europe,Lithuania,LTU,ati_law_06,2,Yes
ati_law_exec,Access to Information,Legal Frameworks,NA,Global Right to Information Rating,Centre for Law and Democracy; Access Info Europe,2025,The framework applies to all parts of the executive branch,"The right of access applies to the executive branch, with no bodies or classes of information excluded.","This includes the executive (cabinet) and administration including all ministries, departments, local government, public schools, public health care bodies, the police, the armed forces, security services, and bodies owned or controlled by the above. Any exempted central agency (such as the armed forces, police, or archives) results in a Partial score.",Africa and the Middle East,Malawi,MWI,ati_law_06,2,Yes
ati_law_exec,Access to Information,Legal Frameworks,NA,Global Right to Information Rating,Centre for Law and Democracy; Access Info Europe,2025,The framework applies to all parts of the executive branch,"The right of access applies to the executive branch, with no bodies or classes of information excluded.","This includes the executive (cabinet) and administration including all ministries, departments, local government, public schools, public health care bodies, the police, the armed forces, security services, and bodies owned or controlled by the above. Any exempted central agency (such as the armed forces, police, or archives) results in a Partial score.",Asia and the Pacific,Maldives,MDV,ati_law_06,1,Partial
ati_law_exec,Access to Information,Legal Frameworks,NA,Global Right to Information Rating,Centre for Law and Democracy; Access Info Europe,2025,The framework applies to all parts of the executive branch,"The right of access applies to the executive branch, with no bodies or classes of information excluded.","This includes the executive (cabinet) and administration including all ministries, departments, local government, public schools, public health care bodies, the police, the armed forces, security services, and bodies owned or controlled by the above. Any exempted central agency (such as the armed forces, police, or archives) results in a Partial score.",Europe,Malta,MLT,ati_law_06,1,Partial
ati_law_exec,Access to Information,Legal Frameworks,NA,Global Right to Information Rating,Centre for Law and Democracy; Access Info Europe,2025,The framework applies to all parts of the executive branch,"The right of access applies to the executive branch, with no bodies or classes of information excluded.","This includes the executive (cabinet) and administration including all ministries, departments, local government, public schools, public health care bodies, the police, the armed forces, security services, and bodies owned or controlled by the above. Any exempted central agency (such as the armed forces, police, or archives) results in a Partial score.",Americas,Mexico,MEX,ati_law_06,2,Yes
ati_law_exec,Access to Information,Legal Frameworks,NA,Global Right to Information Rating,Centre for Law and Democracy; Access Info Europe,2025,The framework applies to all parts of the executive branch,"The right of access applies to the executive branch, with no bodies or classes of information excluded.","This includes the executive (cabinet) and administration including all ministries, departments, local government, public schools, public health care bodies, the police, the armed forces, security services, and bodies owned or controlled by the above. Any exempted central agency (such as the armed forces, police, or archives) results in a Partial score.",Europe,Republic of Moldova,MDA,ati_law_06,1,Partial
ati_law_exec,Access to Information,Legal Frameworks,NA,Global Right to Information Rating,Centre for Law and Democracy; Access Info Europe,2025,The framework applies to all parts of the executive branch,"The right of access applies to the executive branch, with no bodies or classes of information excluded.","This includes the executive (cabinet) and administration including all ministries, departments, local government, public schools, public health care bodies, the police, the armed forces, security services, and bodies owned or controlled by the above. Any exempted central agency (such as the armed forces, police, or archives) results in a Partial score.",Asia and the Pacific,Mongolia,MNG,ati_law_06,1,Partial
ati_law_exec,Access to Information,Legal Frameworks,NA,Global Right to Information Rating,Centre for Law and Democracy; Access Info Europe,2025,The framework applies to all parts of the executive branch,"The right of access applies to the executive branch, with no bodies or classes of information excluded.","This includes the executive (cabinet) and administration including all ministries, departments, local government, public schools, public health care bodies, the police, the armed forces, security services, and bodies owned or controlled by the above. Any exempted central agency (such as the armed forces, police, or archives) results in a Partial score.",Europe,Montenegro,MNE,ati_law_06,2,Yes
ati_law_exec,Access to Information,Legal Frameworks,NA,Global Right to Information Rating,Centre for Law and Democracy; Access Info Europe,2025,The framework applies to all parts of the executive branch,"The right of access applies to the executive branch, with no bodies or classes of information excluded.","This includes the executive (cabinet) and administration including all ministries, departments, local government, public schools, public health care bodies, the police, the armed forces, security services, and bodies owned or controlled by the above. Any exempted central agency (such as the armed forces, police, or archives) results in a Partial score.",Africa and the Middle East,Morocco,MAR,ati_law_06,1,Partial
ati_law_exec,Access to Information,Legal Frameworks,NA,Global Right to Information Rating,Centre for Law and Democracy; Access Info Europe,2025,The framework applies to all parts of the executive branch,"The right of access applies to the executive branch, with no bodies or classes of information excluded.","This includes the executive (cabinet) and administration including all ministries, departments, local government, public schools, public health care bodies, the police, the armed forces, security services, and bodies owned or controlled by the above. Any exempted central agency (such as the armed forces, police, or archives) results in a Partial score.",Europe,Netherlands,NLD,ati_law_06,2,Yes
ati_law_exec,Access to Information,Legal Frameworks,NA,Global Right to Information Rating,Centre for Law and Democracy; Access Info Europe,2025,The framework applies to all parts of the executive branch,"The right of access applies to the executive branch, with no bodies or classes of information excluded.","This includes the executive (cabinet) and administration including all ministries, departments, local government, public schools, public health care bodies, the police, the armed forces, security services, and bodies owned or controlled by the above. Any exempted central agency (such as the armed forces, police, or archives) results in a Partial score.",Asia and the Pacific,New Zealand,NZL,ati_law_06,1,Partial
ati_law_exec,Access to Information,Legal Frameworks,NA,Global Right to Information Rating,Centre for Law and Democracy; Access Info Europe,2025,The framework applies to all parts of the executive branch,"The right of access applies to the executive branch, with no bodies or classes of information excluded.","This includes the executive (cabinet) and administration including all ministries, departments, local government, public schools, public health care bodies, the police, the armed forces, security services, and bodies owned or controlled by the above. Any exempted central agency (such as the armed forces, police, or archives) results in a Partial score.",Africa and the Middle East,Nigeria,NGA,ati_law_06,1,Partial
ati_law_exec,Access to Information,Legal Frameworks,NA,Global Right to Information Rating,Centre for Law and Democracy; Access Info Europe,2025,The framework applies to all parts of the executive branch,"The right of access applies to the executive branch, with no bodies or classes of information excluded.","This includes the executive (cabinet) and administration including all ministries, departments, local government, public schools, public health care bodies, the police, the armed forces, security services, and bodies owned or controlled by the above. Any exempted central agency (such as the armed forces, police, or archives) results in a Partial score.",Europe,North Macedonia,MKD,ati_law_06,2,Yes
ati_law_exec,Access to Information,Legal Frameworks,NA,Global Right to Information Rating,Centre for Law and Democracy; Access Info Europe,2025,The framework applies to all parts of the executive branch,"The right of access applies to the executive branch, with no bodies or classes of information excluded.","This includes the executive (cabinet) and administration including all ministries, departments, local government, public schools, public health care bodies, the police, the armed forces, security services, and bodies owned or controlled by the above. Any exempted central agency (such as the armed forces, police, or archives) results in a Partial score.",Europe,Norway,NOR,ati_law_06,1,Partial
ati_law_exec,Access to Information,Legal Frameworks,NA,Global Right to Information Rating,Centre for Law and Democracy; Access Info Europe,2025,The framework applies to all parts of the executive branch,"The right of access applies to the executive branch, with no bodies or classes of information excluded.","This includes the executive (cabinet) and administration including all ministries, departments, local government, public schools, public health care bodies, the police, the armed forces, security services, and bodies owned or controlled by the above. Any exempted central agency (such as the armed forces, police, or archives) results in a Partial score.",Americas,Panama,PAN,ati_law_06,2,Yes
ati_law_exec,Access to Information,Legal Frameworks,NA,Global Right to Information Rating,Centre for Law and Democracy; Access Info Europe,2025,The framework applies to all parts of the executive branch,"The right of access applies to the executive branch, with no bodies or classes of information excluded.","This includes the executive (cabinet) and administration including all ministries, departments, local government, public schools, public health care bodies, the police, the armed forces, security services, and bodies owned or controlled by the above. Any exempted central agency (such as the armed forces, police, or archives) results in a Partial score.",Americas,Paraguay,PRY,ati_law_06,2,Yes
ati_law_exec,Access to Information,Legal Frameworks,NA,Global Right to Information Rating,Centre for Law and Democracy; Access Info Europe,2025,The framework applies to all parts of the executive branch,"The right of access applies to the executive branch, with no bodies or classes of information excluded.","This includes the executive (cabinet) and administration including all ministries, departments, local government, public schools, public health care bodies, the police, the armed forces, security services, and bodies owned or controlled by the above. Any exempted central agency (such as the armed forces, police, or archives) results in a Partial score.",Americas,Peru,PER,ati_law_06,2,Yes
ati_law_exec,Access to Information,Legal Frameworks,NA,Global Right to Information Rating,Centre for Law and Democracy; Access Info Europe,2025,The framework applies to all parts of the executive branch,"The right of access applies to the executive branch, with no bodies or classes of information excluded.","This includes the executive (cabinet) and administration including all ministries, departments, local government, public schools, public health care bodies, the police, the armed forces, security services, and bodies owned or controlled by the above. Any exempted central agency (such as the armed forces, police, or archives) results in a Partial score.",Asia and the Pacific,Philippines,PHL,ati_law_06,1,Partial
ati_law_exec,Access to Information,Legal Frameworks,NA,Global Right to Information Rating,Centre for Law and Democracy; Access Info Europe,2025,The framework applies to all parts of the executive branch,"The right of access applies to the executive branch, with no bodies or classes of information excluded.","This includes the executive (cabinet) and administration including all ministries, departments, local government, public schools, public health care bodies, the police, the armed forces, security services, and bodies owned or controlled by the above. Any exempted central agency (such as the armed forces, police, or archives) results in a Partial score.",Europe,Portugal,PRT,ati_law_06,1,Partial
ati_law_exec,Access to Information,Legal Frameworks,NA,Global Right to Information Rating,Centre for Law and Democracy; Access Info Europe,2025,The framework applies to all parts of the executive branch,"The right of access applies to the executive branch, with no bodies or classes of information excluded.","This includes the executive (cabinet) and administration including all ministries, departments, local government, public schools, public health care bodies, the police, the armed forces, security services, and bodies owned or controlled by the above. Any exempted central agency (such as the armed forces, police, or archives) results in a Partial score.",Europe,Romania,ROU,ati_law_06,2,Yes
ati_law_exec,Access to Information,Legal Frameworks,NA,Global Right to Information Rating,Centre for Law and Democracy; Access Info Europe,2025,The framework applies to all parts of the executive branch,"The right of access applies to the executive branch, with no bodies or classes of information excluded.","This includes the executive (cabinet) and administration including all ministries, departments, local government, public schools, public health care bodies, the police, the armed forces, security services, and bodies owned or controlled by the above. Any exempted central agency (such as the armed forces, police, or archives) results in a Partial score.",Africa and the Middle East,Senegal,SEN,ati_law_06,1,Partial
ati_law_exec,Access to Information,Legal Frameworks,NA,Global Right to Information Rating,Centre for Law and Democracy; Access Info Europe,2025,The framework applies to all parts of the executive branch,"The right of access applies to the executive branch, with no bodies or classes of information excluded.","This includes the executive (cabinet) and administration including all ministries, departments, local government, public schools, public health care bodies, the police, the armed forces, security services, and bodies owned or controlled by the above. Any exempted central agency (such as the armed forces, police, or archives) results in a Partial score.",Europe,Serbia,SRB,ati_law_06,2,Yes
ati_law_exec,Access to Information,Legal Frameworks,NA,Global Right to Information Rating,Centre for Law and Democracy; Access Info Europe,2025,The framework applies to all parts of the executive branch,"The right of access applies to the executive branch, with no bodies or classes of information excluded.","This includes the executive (cabinet) and administration including all ministries, departments, local government, public schools, public health care bodies, the police, the armed forces, security services, and bodies owned or controlled by the above. Any exempted central agency (such as the armed forces, police, or archives) results in a Partial score.",Africa and the Middle East,Seychelles,SYC,ati_law_06,2,Yes
ati_law_exec,Access to Information,Legal Frameworks,NA,Global Right to Information Rating,Centre for Law and Democracy; Access Info Europe,2025,The framework applies to all parts of the executive branch,"The right of access applies to the executive branch, with no bodies or classes of information excluded.","This includes the executive (cabinet) and administration including all ministries, departments, local government, public schools, public health care bodies, the police, the armed forces, security services, and bodies owned or controlled by the above. Any exempted central agency (such as the armed forces, police, or archives) results in a Partial score.",Africa and the Middle East,Sierra Leone,SLE,ati_law_06,2,Yes
ati_law_exec,Access to Information,Legal Frameworks,NA,Global Right to Information Rating,Centre for Law and Democracy; Access Info Europe,2025,The framework applies to all parts of the executive branch,"The right of access applies to the executive branch, with no bodies or classes of information excluded.","This includes the executive (cabinet) and administration including all ministries, departments, local government, public schools, public health care bodies, the police, the armed forces, security services, and bodies owned or controlled by the above. Any exempted central agency (such as the armed forces, police, or archives) results in a Partial score.",Europe,Slovakia,SVK,ati_law_06,1,Partial
ati_law_exec,Access to Information,Legal Frameworks,NA,Global Right to Information Rating,Centre for Law and Democracy; Access Info Europe,2025,The framework applies to all parts of the executive branch,"The right of access applies to the executive branch, with no bodies or classes of information excluded.","This includes the executive (cabinet) and administration including all ministries, departments, local government, public schools, public health care bodies, the police, the armed forces, security services, and bodies owned or controlled by the above. Any exempted central agency (such as the armed forces, police, or archives) results in a Partial score.",Africa and the Middle East,South Africa,ZAF,ati_law_06,1,Partial
ati_law_exec,Access to Information,Legal Frameworks,NA,Global Right to Information Rating,Centre for Law and Democracy; Access Info Europe,2025,The framework applies to all parts of the executive branch,"The right of access applies to the executive branch, with no bodies or classes of information excluded.","This includes the executive (cabinet) and administration including all ministries, departments, local government, public schools, public health care bodies, the police, the armed forces, security services, and bodies owned or controlled by the above. Any exempted central agency (such as the armed forces, police, or archives) results in a Partial score.",Asia and the Pacific,Republic of Korea,KOR,ati_law_06,1,Partial
ati_law_exec,Access to Information,Legal Frameworks,NA,Global Right to Information Rating,Centre for Law and Democracy; Access Info Europe,2025,The framework applies to all parts of the executive branch,"The right of access applies to the executive branch, with no bodies or classes of information excluded.","This includes the executive (cabinet) and administration including all ministries, departments, local government, public schools, public health care bodies, the police, the armed forces, security services, and bodies owned or controlled by the above. Any exempted central agency (such as the armed forces, police, or archives) results in a Partial score.",Europe,Spain,ESP,ati_law_06,1,Partial
ati_law_exec,Access to Information,Legal Frameworks,NA,Global Right to Information Rating,Centre for Law and Democracy; Access Info Europe,2025,The framework applies to all parts of the executive branch,"The right of access applies to the executive branch, with no bodies or classes of information excluded.","This includes the executive (cabinet) and administration including all ministries, departments, local government, public schools, public health care bodies, the police, the armed forces, security services, and bodies owned or controlled by the above. Any exempted central agency (such as the armed forces, police, or archives) results in a Partial score.",Europe,Sweden,SWE,ati_law_06,2,Yes
ati_law_exec,Access to Information,Legal Frameworks,NA,Global Right to Information Rating,Centre for Law and Democracy; Access Info Europe,2025,The framework applies to all parts of the executive branch,"The right of access applies to the executive branch, with no bodies or classes of information excluded.","This includes the executive (cabinet) and administration including all ministries, departments, local government, public schools, public health care bodies, the police, the armed forces, security services, and bodies owned or controlled by the above. Any exempted central agency (such as the armed forces, police, or archives) results in a Partial score.",Asia and the Pacific,Thailand,THA,ati_law_06,2,Yes
ati_law_exec,Access to Information,Legal Frameworks,NA,Global Right to Information Rating,Centre for Law and Democracy; Access Info Europe,2025,The framework applies to all parts of the executive branch,"The right of access applies to the executive branch, with no bodies or classes of information excluded.","This includes the executive (cabinet) and administration including all ministries, departments, local government, public schools, public health care bodies, the police, the armed forces, security services, and bodies owned or controlled by the above. Any exempted central agency (such as the armed forces, police, or archives) results in a Partial score.",Africa and the Middle East,Tunisia,TUN,ati_law_06,2,Yes
ati_law_exec,Access to Information,Legal Frameworks,NA,Global Right to Information Rating,Centre for Law and Democracy; Access Info Europe,2025,The framework applies to all parts of the executive branch,"The right of access applies to the executive branch, with no bodies or classes of information excluded.","This includes the executive (cabinet) and administration including all ministries, departments, local government, public schools, public health care bodies, the police, the armed forces, security services, and bodies owned or controlled by the above. Any exempted central agency (such as the armed forces, police, or archives) results in a Partial score.",Europe,Ukraine,UKR,ati_law_06,2,Yes
ati_law_exec,Access to Information,Legal Frameworks,NA,Global Right to Information Rating,Centre for Law and Democracy; Access Info Europe,2025,The framework applies to all parts of the executive branch,"The right of access applies to the executive branch, with no bodies or classes of information excluded.","This includes the executive (cabinet) and administration including all ministries, departments, local government, public schools, public health care bodies, the police, the armed forces, security services, and bodies owned or controlled by the above. Any exempted central agency (such as the armed forces, police, or archives) results in a Partial score.",Europe,United Kingdom,GBR,ati_law_06,1,Partial
ati_law_exec,Access to Information,Legal Frameworks,NA,Global Right to Information Rating,Centre for Law and Democracy; Access Info Europe,2025,The framework applies to all parts of the executive branch,"The right of access applies to the executive branch, with no bodies or classes of information excluded.","This includes the executive (cabinet) and administration including all ministries, departments, local government, public schools, public health care bodies, the police, the armed forces, security services, and bodies owned or controlled by the above. Any exempted central agency (such as the armed forces, police, or archives) results in a Partial score.",Americas,Uruguay,URY,ati_law_06,2,Yes
ati_law_exec,Access to Information,Legal Frameworks,NA,Global Right to Information Rating,Centre for Law and Democracy; Access Info Europe,2025,The framework applies to all parts of the executive branch,"The right of access applies to the executive branch, with no bodies or classes of information excluded.","This includes the executive (cabinet) and administration including all ministries, departments, local government, public schools, public health care bodies, the police, the armed forces, security services, and bodies owned or controlled by the above. Any exempted central agency (such as the armed forces, police, or archives) results in a Partial score.",Africa and the Middle East,Zambia,ZMB,ati_law_06,1,Partial
ati_law_branch,Access to Information,Legal Frameworks,NA,Global Right to Information Rating,Centre for Law and Democracy; Access Info Europe,2025,The framework applies to the legislative and judicial branches,"The right of access applies to the legislative and judicial branch, with no bodies or classes of information excluded.",This includes both administrative documents and other information at all levels of government. Frameworks that apply only to part of either branch receive a Partial score.,Europe,Albania,ALB,ati_law_07,2,Yes
ati_law_branch,Access to Information,Legal Frameworks,NA,Global Right to Information Rating,Centre for Law and Democracy; Access Info Europe,2025,The framework applies to the legislative and judicial branches,"The right of access applies to the legislative and judicial branch, with no bodies or classes of information excluded.",This includes both administrative documents and other information at all levels of government. Frameworks that apply only to part of either branch receive a Partial score.,Americas,Argentina,ARG,ati_law_07,2,Yes
ati_law_branch,Access to Information,Legal Frameworks,NA,Global Right to Information Rating,Centre for Law and Democracy; Access Info Europe,2025,The framework applies to the legislative and judicial branches,"The right of access applies to the legislative and judicial branch, with no bodies or classes of information excluded.",This includes both administrative documents and other information at all levels of government. Frameworks that apply only to part of either branch receive a Partial score.,Europe,Armenia,ARM,ati_law_07,2,Yes
ati_law_branch,Access to Information,Legal Frameworks,NA,Global Right to Information Rating,Centre for Law and Democracy; Access Info Europe,2025,The framework applies to the legislative and judicial branches,"The right of access applies to the legislative and judicial branch, with no bodies or classes of information excluded.",This includes both administrative documents and other information at all levels of government. Frameworks that apply only to part of either branch receive a Partial score.,Asia and the Pacific,Australia,AUS,ati_law_07,1,Partial
ati_law_branch,Access to Information,Legal Frameworks,NA,Global Right to Information Rating,Centre for Law and Democracy; Access Info Europe,2025,The framework applies to the legislative and judicial branches,"The right of access applies to the legislative and judicial branch, with no bodies or classes of information excluded.",This includes both administrative documents and other information at all levels of government. Frameworks that apply only to part of either branch receive a Partial score.,Africa and the Middle East,Benin,BEN,ati_law_07,1,Partial
ati_law_branch,Access to Information,Legal Frameworks,NA,Global Right to Information Rating,Centre for Law and Democracy; Access Info Europe,2025,The framework applies to the legislative and judicial branches,"The right of access applies to the legislative and judicial branch, with no bodies or classes of information excluded.",This includes both administrative documents and other information at all levels of government. Frameworks that apply only to part of either branch receive a Partial score.,Europe,Bosnia and Herzegovina,BIH,ati_law_07,2,Yes
ati_law_branch,Access to Information,Legal Frameworks,NA,Global Right to Information Rating,Centre for Law and Democracy; Access Info Europe,2025,The framework applies to the legislative and judicial branches,"The right of access applies to the legislative and judicial branch, with no bodies or classes of information excluded.",This includes both administrative documents and other information at all levels of government. Frameworks that apply only to part of either branch receive a Partial score.,Americas,Brazil,BRA,ati_law_07,2,Yes
ati_law_branch,Access to Information,Legal Frameworks,NA,Global Right to Information Rating,Centre for Law and Democracy; Access Info Europe,2025,The framework applies to the legislative and judicial branches,"The right of access applies to the legislative and judicial branch, with no bodies or classes of information excluded.",This includes both administrative documents and other information at all levels of government. Frameworks that apply only to part of either branch receive a Partial score.,Europe,Bulgaria,BGR,ati_law_07,2,Yes
ati_law_branch,Access to Information,Legal Frameworks,NA,Global Right to Information Rating,Centre for Law and Democracy; Access Info Europe,2025,The framework applies to the legislative and judicial branches,"The right of access applies to the legislative and judicial branch, with no bodies or classes of information excluded.",This includes both administrative documents and other information at all levels of government. Frameworks that apply only to part of either branch receive a Partial score.,Africa and the Middle East,Burkina Faso,BFA,ati_law_07,2,Yes
ati_law_branch,Access to Information,Legal Frameworks,NA,Global Right to Information Rating,Centre for Law and Democracy; Access Info Europe,2025,The framework applies to the legislative and judicial branches,"The right of access applies to the legislative and judicial branch, with no bodies or classes of information excluded.",This includes both administrative documents and other information at all levels of government. Frameworks that apply only to part of either branch receive a Partial score.,Americas,Canada,CAN,ati_law_07,0,No
ati_law_branch,Access to Information,Legal Frameworks,NA,Global Right to Information Rating,Centre for Law and Democracy; Access Info Europe,2025,The framework applies to the legislative and judicial branches,"The right of access applies to the legislative and judicial branch, with no bodies or classes of information excluded.",This includes both administrative documents and other information at all levels of government. Frameworks that apply only to part of either branch receive a Partial score.,Africa and the Middle East,Cabo Verde,CPV,ati_law_07,0,No
ati_law_branch,Access to Information,Legal Frameworks,NA,Global Right to Information Rating,Centre for Law and Democracy; Access Info Europe,2025,The framework applies to the legislative and judicial branches,"The right of access applies to the legislative and judicial branch, with no bodies or classes of information excluded.",This includes both administrative documents and other information at all levels of government. Frameworks that apply only to part of either branch receive a Partial score.,Americas,Chile,CHL,ati_law_07,0,No
ati_law_branch,Access to Information,Legal Frameworks,NA,Global Right to Information Rating,Centre for Law and Democracy; Access Info Europe,2025,The framework applies to the legislative and judicial branches,"The right of access applies to the legislative and judicial branch, with no bodies or classes of information excluded.",This includes both administrative documents and other information at all levels of government. Frameworks that apply only to part of either branch receive a Partial score.,Americas,Colombia,COL,ati_law_07,2,Yes
ati_law_branch,Access to Information,Legal Frameworks,NA,Global Right to Information Rating,Centre for Law and Democracy; Access Info Europe,2025,The framework applies to the legislative and judicial branches,"The right of access applies to the legislative and judicial branch, with no bodies or classes of information excluded.",This includes both administrative documents and other information at all levels of government. Frameworks that apply only to part of either branch receive a Partial score.,Americas,Costa Rica,CRI,ati_law_07,1,Partial
ati_law_branch,Access to Information,Legal Frameworks,NA,Global Right to Information Rating,Centre for Law and Democracy; Access Info Europe,2025,The framework applies to the legislative and judicial branches,"The right of access applies to the legislative and judicial branch, with no bodies or classes of information excluded.",This includes both administrative documents and other information at all levels of government. Frameworks that apply only to part of either branch receive a Partial score.,Europe,Croatia,HRV,ati_law_07,2,Yes
ati_law_branch,Access to Information,Legal Frameworks,NA,Global Right to Information Rating,Centre for Law and Democracy; Access Info Europe,2025,The framework applies to the legislative and judicial branches,"The right of access applies to the legislative and judicial branch, with no bodies or classes of information excluded.",This includes both administrative documents and other information at all levels of government. Frameworks that apply only to part of either branch receive a Partial score.,Europe,Czech Republic,CZE,ati_law_07,2,Yes
ati_law_branch,Access to Information,Legal Frameworks,NA,Global Right to Information Rating,Centre for Law and Democracy; Access Info Europe,2025,The framework applies to the legislative and judicial branches,"The right of access applies to the legislative and judicial branch, with no bodies or classes of information excluded.",This includes both administrative documents and other information at all levels of government. Frameworks that apply only to part of either branch receive a Partial score.,Americas,Dominican Republic,DOM,ati_law_07,1,Partial
ati_law_branch,Access to Information,Legal Frameworks,NA,Global Right to Information Rating,Centre for Law and Democracy; Access Info Europe,2025,The framework applies to the legislative and judicial branches,"The right of access applies to the legislative and judicial branch, with no bodies or classes of information excluded.",This includes both administrative documents and other information at all levels of government. Frameworks that apply only to part of either branch receive a Partial score.,Asia and the Pacific,Timor-Leste,TLS,ati_law_07,0,No
ati_law_branch,Access to Information,Legal Frameworks,NA,Global Right to Information Rating,Centre for Law and Democracy; Access Info Europe,2025,The framework applies to the legislative and judicial branches,"The right of access applies to the legislative and judicial branch, with no bodies or classes of information excluded.",This includes both administrative documents and other information at all levels of government. Frameworks that apply only to part of either branch receive a Partial score.,Americas,Ecuador,ECU,ati_law_07,2,Yes
ati_law_branch,Access to Information,Legal Frameworks,NA,Global Right to Information Rating,Centre for Law and Democracy; Access Info Europe,2025,The framework applies to the legislative and judicial branches,"The right of access applies to the legislative and judicial branch, with no bodies or classes of information excluded.",This includes both administrative documents and other information at all levels of government. Frameworks that apply only to part of either branch receive a Partial score.,Europe,Estonia,EST,ati_law_07,0,No
ati_law_branch,Access to Information,Legal Frameworks,NA,Global Right to Information Rating,Centre for Law and Democracy; Access Info Europe,2025,The framework applies to the legislative and judicial branches,"The right of access applies to the legislative and judicial branch, with no bodies or classes of information excluded.",This includes both administrative documents and other information at all levels of government. Frameworks that apply only to part of either branch receive a Partial score.,Europe,Finland,FIN,ati_law_07,2,Yes
ati_law_branch,Access to Information,Legal Frameworks,NA,Global Right to Information Rating,Centre for Law and Democracy; Access Info Europe,2025,The framework applies to the legislative and judicial branches,"The right of access applies to the legislative and judicial branch, with no bodies or classes of information excluded.",This includes both administrative documents and other information at all levels of government. Frameworks that apply only to part of either branch receive a Partial score.,Europe,France,FRA,ati_law_07,1,Partial
ati_law_branch,Access to Information,Legal Frameworks,NA,Global Right to Information Rating,Centre for Law and Democracy; Access Info Europe,2025,The framework applies to the legislative and judicial branches,"The right of access applies to the legislative and judicial branch, with no bodies or classes of information excluded.",This includes both administrative documents and other information at all levels of government. Frameworks that apply only to part of either branch receive a Partial score.,Europe,Germany,DEU,ati_law_07,1,Partial
ati_law_branch,Access to Information,Legal Frameworks,NA,Global Right to Information Rating,Centre for Law and Democracy; Access Info Europe,2025,The framework applies to the legislative and judicial branches,"The right of access applies to the legislative and judicial branch, with no bodies or classes of information excluded.",This includes both administrative documents and other information at all levels of government. Frameworks that apply only to part of either branch receive a Partial score.,Africa and the Middle East,Ghana,GHA,ati_law_07,0,No
ati_law_branch,Access to Information,Legal Frameworks,NA,Global Right to Information Rating,Centre for Law and Democracy; Access Info Europe,2025,The framework applies to the legislative and judicial branches,"The right of access applies to the legislative and judicial branch, with no bodies or classes of information excluded.",This includes both administrative documents and other information at all levels of government. Frameworks that apply only to part of either branch receive a Partial score.,Europe,Greece,GRC,ati_law_07,1,Partial
ati_law_branch,Access to Information,Legal Frameworks,NA,Global Right to Information Rating,Centre for Law and Democracy; Access Info Europe,2025,The framework applies to the legislative and judicial branches,"The right of access applies to the legislative and judicial branch, with no bodies or classes of information excluded.",This includes both administrative documents and other information at all levels of government. Frameworks that apply only to part of either branch receive a Partial score.,Americas,Guatemala,GTM,ati_law_07,2,Yes
ati_law_branch,Access to Information,Legal Frameworks,NA,Global Right to Information Rating,Centre for Law and Democracy; Access Info Europe,2025,The framework applies to the legislative and judicial branches,"The right of access applies to the legislative and judicial branch, with no bodies or classes of information excluded.",This includes both administrative documents and other information at all levels of government. Frameworks that apply only to part of either branch receive a Partial score.,Americas,Honduras,HND,ati_law_07,2,Yes
ati_law_branch,Access to Information,Legal Frameworks,NA,Global Right to Information Rating,Centre for Law and Democracy; Access Info Europe,2025,The framework applies to the legislative and judicial branches,"The right of access applies to the legislative and judicial branch, with no bodies or classes of information excluded.",This includes both administrative documents and other information at all levels of government. Frameworks that apply only to part of either branch receive a Partial score.,Asia and the Pacific,Indonesia,IDN,ati_law_07,2,Yes
ati_law_branch,Access to Information,Legal Frameworks,NA,Global Right to Information Rating,Centre for Law and Democracy; Access Info Europe,2025,The framework applies to the legislative and judicial branches,"The right of access applies to the legislative and judicial branch, with no bodies or classes of information excluded.",This includes both administrative documents and other information at all levels of government. Frameworks that apply only to part of either branch receive a Partial score.,Europe,Ireland,IRL,ati_law_07,1,Partial
ati_law_branch,Access to Information,Legal Frameworks,NA,Global Right to Information Rating,Centre for Law and Democracy; Access Info Europe,2025,The framework applies to the legislative and judicial branches,"The right of access applies to the legislative and judicial branch, with no bodies or classes of information excluded.",This includes both administrative documents and other information at all levels of government. Frameworks that apply only to part of either branch receive a Partial score.,Europe,Italy,ITA,ati_law_07,1,Partial
ati_law_branch,Access to Information,Legal Frameworks,NA,Global Right to Information Rating,Centre for Law and Democracy; Access Info Europe,2025,The framework applies to the legislative and judicial branches,"The right of access applies to the legislative and judicial branch, with no bodies or classes of information excluded.",This includes both administrative documents and other information at all levels of government. Frameworks that apply only to part of either branch receive a Partial score.,Africa and the Middle East,Cote d'Ivoire,CIV,ati_law_07,1,Partial
ati_law_branch,Access to Information,Legal Frameworks,NA,Global Right to Information Rating,Centre for Law and Democracy; Access Info Europe,2025,The framework applies to the legislative and judicial branches,"The right of access applies to the legislative and judicial branch, with no bodies or classes of information excluded.",This includes both administrative documents and other information at all levels of government. Frameworks that apply only to part of either branch receive a Partial score.,Americas,Jamaica,JAM,ati_law_07,1,Partial
ati_law_branch,Access to Information,Legal Frameworks,NA,Global Right to Information Rating,Centre for Law and Democracy; Access Info Europe,2025,The framework applies to the legislative and judicial branches,"The right of access applies to the legislative and judicial branch, with no bodies or classes of information excluded.",This includes both administrative documents and other information at all levels of government. Frameworks that apply only to part of either branch receive a Partial score.,Africa and the Middle East,Jordan,JOR,ati_law_07,2,Yes
ati_law_branch,Access to Information,Legal Frameworks,NA,Global Right to Information Rating,Centre for Law and Democracy; Access Info Europe,2025,The framework applies to the legislative and judicial branches,"The right of access applies to the legislative and judicial branch, with no bodies or classes of information excluded.",This includes both administrative documents and other information at all levels of government. Frameworks that apply only to part of either branch receive a Partial score.,Africa and the Middle East,Kenya,KEN,ati_law_07,2,Yes
ati_law_branch,Access to Information,Legal Frameworks,NA,Global Right to Information Rating,Centre for Law and Democracy; Access Info Europe,2025,The framework applies to the legislative and judicial branches,"The right of access applies to the legislative and judicial branch, with no bodies or classes of information excluded.",This includes both administrative documents and other information at all levels of government. Frameworks that apply only to part of either branch receive a Partial score.,Europe,Kosovo,XKX,ati_law_07,1,Partial
ati_law_branch,Access to Information,Legal Frameworks,NA,Global Right to Information Rating,Centre for Law and Democracy; Access Info Europe,2025,The framework applies to the legislative and judicial branches,"The right of access applies to the legislative and judicial branch, with no bodies or classes of information excluded.",This includes both administrative documents and other information at all levels of government. Frameworks that apply only to part of either branch receive a Partial score.,Europe,Latvia,LVA,ati_law_07,2,Yes
ati_law_branch,Access to Information,Legal Frameworks,NA,Global Right to Information Rating,Centre for Law and Democracy; Access Info Europe,2025,The framework applies to the legislative and judicial branches,"The right of access applies to the legislative and judicial branch, with no bodies or classes of information excluded.",This includes both administrative documents and other information at all levels of government. Frameworks that apply only to part of either branch receive a Partial score.,Africa and the Middle East,Liberia,LBR,ati_law_07,2,Yes
ati_law_branch,Access to Information,Legal Frameworks,NA,Global Right to Information Rating,Centre for Law and Democracy; Access Info Europe,2025,The framework applies to the legislative and judicial branches,"The right of access applies to the legislative and judicial branch, with no bodies or classes of information excluded.",This includes both administrative documents and other information at all levels of government. Frameworks that apply only to part of either branch receive a Partial score.,Europe,Lithuania,LTU,ati_law_07,2,Yes
ati_law_branch,Access to Information,Legal Frameworks,NA,Global Right to Information Rating,Centre for Law and Democracy; Access Info Europe,2025,The framework applies to the legislative and judicial branches,"The right of access applies to the legislative and judicial branch, with no bodies or classes of information excluded.",This includes both administrative documents and other information at all levels of government. Frameworks that apply only to part of either branch receive a Partial score.,Africa and the Middle East,Malawi,MWI,ati_law_07,2,Yes
ati_law_branch,Access to Information,Legal Frameworks,NA,Global Right to Information Rating,Centre for Law and Democracy; Access Info Europe,2025,The framework applies to the legislative and judicial branches,"The right of access applies to the legislative and judicial branch, with no bodies or classes of information excluded.",This includes both administrative documents and other information at all levels of government. Frameworks that apply only to part of either branch receive a Partial score.,Asia and the Pacific,Maldives,MDV,ati_law_07,2,Yes
ati_law_branch,Access to Information,Legal Frameworks,NA,Global Right to Information Rating,Centre for Law and Democracy; Access Info Europe,2025,The framework applies to the legislative and judicial branches,"The right of access applies to the legislative and judicial branch, with no bodies or classes of information excluded.",This includes both administrative documents and other information at all levels of government. Frameworks that apply only to part of either branch receive a Partial score.,Europe,Malta,MLT,ati_law_07,1,Partial
ati_law_branch,Access to Information,Legal Frameworks,NA,Global Right to Information Rating,Centre for Law and Democracy; Access Info Europe,2025,The framework applies to the legislative and judicial branches,"The right of access applies to the legislative and judicial branch, with no bodies or classes of information excluded.",This includes both administrative documents and other information at all levels of government. Frameworks that apply only to part of either branch receive a Partial score.,Americas,Mexico,MEX,ati_law_07,2,Yes
ati_law_branch,Access to Information,Legal Frameworks,NA,Global Right to Information Rating,Centre for Law and Democracy; Access Info Europe,2025,The framework applies to the legislative and judicial branches,"The right of access applies to the legislative and judicial branch, with no bodies or classes of information excluded.",This includes both administrative documents and other information at all levels of government. Frameworks that apply only to part of either branch receive a Partial score.,Europe,Republic of Moldova,MDA,ati_law_07,2,Yes
ati_law_branch,Access to Information,Legal Frameworks,NA,Global Right to Information Rating,Centre for Law and Democracy; Access Info Europe,2025,The framework applies to the legislative and judicial branches,"The right of access applies to the legislative and judicial branch, with no bodies or classes of information excluded.",This includes both administrative documents and other information at all levels of government. Frameworks that apply only to part of either branch receive a Partial score.,Asia and the Pacific,Mongolia,MNG,ati_law_07,2,Yes
ati_law_branch,Access to Information,Legal Frameworks,NA,Global Right to Information Rating,Centre for Law and Democracy; Access Info Europe,2025,The framework applies to the legislative and judicial branches,"The right of access applies to the legislative and judicial branch, with no bodies or classes of information excluded.",This includes both administrative documents and other information at all levels of government. Frameworks that apply only to part of either branch receive a Partial score.,Europe,Montenegro,MNE,ati_law_07,2,Yes
ati_law_branch,Access to Information,Legal Frameworks,NA,Global Right to Information Rating,Centre for Law and Democracy; Access Info Europe,2025,The framework applies to the legislative and judicial branches,"The right of access applies to the legislative and judicial branch, with no bodies or classes of information excluded.",This includes both administrative documents and other information at all levels of government. Frameworks that apply only to part of either branch receive a Partial score.,Africa and the Middle East,Morocco,MAR,ati_law_07,2,Yes
ati_law_branch,Access to Information,Legal Frameworks,NA,Global Right to Information Rating,Centre for Law and Democracy; Access Info Europe,2025,The framework applies to the legislative and judicial branches,"The right of access applies to the legislative and judicial branch, with no bodies or classes of information excluded.",This includes both administrative documents and other information at all levels of government. Frameworks that apply only to part of either branch receive a Partial score.,Europe,Netherlands,NLD,ati_law_07,0,No
ati_law_branch,Access to Information,Legal Frameworks,NA,Global Right to Information Rating,Centre for Law and Democracy; Access Info Europe,2025,The framework applies to the legislative and judicial branches,"The right of access applies to the legislative and judicial branch, with no bodies or classes of information excluded.",This includes both administrative documents and other information at all levels of government. Frameworks that apply only to part of either branch receive a Partial score.,Asia and the Pacific,New Zealand,NZL,ati_law_07,1,Partial
ati_law_branch,Access to Information,Legal Frameworks,NA,Global Right to Information Rating,Centre for Law and Democracy; Access Info Europe,2025,The framework applies to the legislative and judicial branches,"The right of access applies to the legislative and judicial branch, with no bodies or classes of information excluded.",This includes both administrative documents and other information at all levels of government. Frameworks that apply only to part of either branch receive a Partial score.,Africa and the Middle East,Nigeria,NGA,ati_law_07,2,Yes
ati_law_branch,Access to Information,Legal Frameworks,NA,Global Right to Information Rating,Centre for Law and Democracy; Access Info Europe,2025,The framework applies to the legislative and judicial branches,"The right of access applies to the legislative and judicial branch, with no bodies or classes of information excluded.",This includes both administrative documents and other information at all levels of government. Frameworks that apply only to part of either branch receive a Partial score.,Europe,North Macedonia,MKD,ati_law_07,2,Yes
ati_law_branch,Access to Information,Legal Frameworks,NA,Global Right to Information Rating,Centre for Law and Democracy; Access Info Europe,2025,The framework applies to the legislative and judicial branches,"The right of access applies to the legislative and judicial branch, with no bodies or classes of information excluded.",This includes both administrative documents and other information at all levels of government. Frameworks that apply only to part of either branch receive a Partial score.,Europe,Norway,NOR,ati_law_07,0,No
ati_law_branch,Access to Information,Legal Frameworks,NA,Global Right to Information Rating,Centre for Law and Democracy; Access Info Europe,2025,The framework applies to the legislative and judicial branches,"The right of access applies to the legislative and judicial branch, with no bodies or classes of information excluded.",This includes both administrative documents and other information at all levels of government. Frameworks that apply only to part of either branch receive a Partial score.,Americas,Panama,PAN,ati_law_07,2,Yes
ati_law_branch,Access to Information,Legal Frameworks,NA,Global Right to Information Rating,Centre for Law and Democracy; Access Info Europe,2025,The framework applies to the legislative and judicial branches,"The right of access applies to the legislative and judicial branch, with no bodies or classes of information excluded.",This includes both administrative documents and other information at all levels of government. Frameworks that apply only to part of either branch receive a Partial score.,Americas,Paraguay,PRY,ati_law_07,2,Yes
ati_law_branch,Access to Information,Legal Frameworks,NA,Global Right to Information Rating,Centre for Law and Democracy; Access Info Europe,2025,The framework applies to the legislative and judicial branches,"The right of access applies to the legislative and judicial branch, with no bodies or classes of information excluded.",This includes both administrative documents and other information at all levels of government. Frameworks that apply only to part of either branch receive a Partial score.,Americas,Peru,PER,ati_law_07,2,Yes
ati_law_branch,Access to Information,Legal Frameworks,NA,Global Right to Information Rating,Centre for Law and Democracy; Access Info Europe,2025,The framework applies to the legislative and judicial branches,"The right of access applies to the legislative and judicial branch, with no bodies or classes of information excluded.",This includes both administrative documents and other information at all levels of government. Frameworks that apply only to part of either branch receive a Partial score.,Asia and the Pacific,Philippines,PHL,ati_law_07,0,No
ati_law_branch,Access to Information,Legal Frameworks,NA,Global Right to Information Rating,Centre for Law and Democracy; Access Info Europe,2025,The framework applies to the legislative and judicial branches,"The right of access applies to the legislative and judicial branch, with no bodies or classes of information excluded.",This includes both administrative documents and other information at all levels of government. Frameworks that apply only to part of either branch receive a Partial score.,Europe,Portugal,PRT,ati_law_07,1,Partial
ati_law_branch,Access to Information,Legal Frameworks,NA,Global Right to Information Rating,Centre for Law and Democracy; Access Info Europe,2025,The framework applies to the legislative and judicial branches,"The right of access applies to the legislative and judicial branch, with no bodies or classes of information excluded.",This includes both administrative documents and other information at all levels of government. Frameworks that apply only to part of either branch receive a Partial score.,Europe,Romania,ROU,ati_law_07,2,Yes
ati_law_branch,Access to Information,Legal Frameworks,NA,Global Right to Information Rating,Centre for Law and Democracy; Access Info Europe,2025,The framework applies to the legislative and judicial branches,"The right of access applies to the legislative and judicial branch, with no bodies or classes of information excluded.",This includes both administrative documents and other information at all levels of government. Frameworks that apply only to part of either branch receive a Partial score.,Africa and the Middle East,Senegal,SEN,ati_law_07,2,Yes
ati_law_branch,Access to Information,Legal Frameworks,NA,Global Right to Information Rating,Centre for Law and Democracy; Access Info Europe,2025,The framework applies to the legislative and judicial branches,"The right of access applies to the legislative and judicial branch, with no bodies or classes of information excluded.",This includes both administrative documents and other information at all levels of government. Frameworks that apply only to part of either branch receive a Partial score.,Europe,Serbia,SRB,ati_law_07,2,Yes
ati_law_branch,Access to Information,Legal Frameworks,NA,Global Right to Information Rating,Centre for Law and Democracy; Access Info Europe,2025,The framework applies to the legislative and judicial branches,"The right of access applies to the legislative and judicial branch, with no bodies or classes of information excluded.",This includes both administrative documents and other information at all levels of government. Frameworks that apply only to part of either branch receive a Partial score.,Africa and the Middle East,Seychelles,SYC,ati_law_07,2,Yes
ati_law_branch,Access to Information,Legal Frameworks,NA,Global Right to Information Rating,Centre for Law and Democracy; Access Info Europe,2025,The framework applies to the legislative and judicial branches,"The right of access applies to the legislative and judicial branch, with no bodies or classes of information excluded.",This includes both administrative documents and other information at all levels of government. Frameworks that apply only to part of either branch receive a Partial score.,Africa and the Middle East,Sierra Leone,SLE,ati_law_07,2,Yes
ati_law_branch,Access to Information,Legal Frameworks,NA,Global Right to Information Rating,Centre for Law and Democracy; Access Info Europe,2025,The framework applies to the legislative and judicial branches,"The right of access applies to the legislative and judicial branch, with no bodies or classes of information excluded.",This includes both administrative documents and other information at all levels of government. Frameworks that apply only to part of either branch receive a Partial score.,Europe,Slovakia,SVK,ati_law_07,1,Partial
ati_law_branch,Access to Information,Legal Frameworks,NA,Global Right to Information Rating,Centre for Law and Democracy; Access Info Europe,2025,The framework applies to the legislative and judicial branches,"The right of access applies to the legislative and judicial branch, with no bodies or classes of information excluded.",This includes both administrative documents and other information at all levels of government. Frameworks that apply only to part of either branch receive a Partial score.,Africa and the Middle East,South Africa,ZAF,ati_law_07,1,Partial
ati_law_branch,Access to Information,Legal Frameworks,NA,Global Right to Information Rating,Centre for Law and Democracy; Access Info Europe,2025,The framework applies to the legislative and judicial branches,"The right of access applies to the legislative and judicial branch, with no bodies or classes of information excluded.",This includes both administrative documents and other information at all levels of government. Frameworks that apply only to part of either branch receive a Partial score.,Asia and the Pacific,Republic of Korea,KOR,ati_law_07,2,Yes
ati_law_branch,Access to Information,Legal Frameworks,NA,Global Right to Information Rating,Centre for Law and Democracy; Access Info Europe,2025,The framework applies to the legislative and judicial branches,"The right of access applies to the legislative and judicial branch, with no bodies or classes of information excluded.",This includes both administrative documents and other information at all levels of government. Frameworks that apply only to part of either branch receive a Partial score.,Europe,Spain,ESP,ati_law_07,1,Partial
ati_law_branch,Access to Information,Legal Frameworks,NA,Global Right to Information Rating,Centre for Law and Democracy; Access Info Europe,2025,The framework applies to the legislative and judicial branches,"The right of access applies to the legislative and judicial branch, with no bodies or classes of information excluded.",This includes both administrative documents and other information at all levels of government. Frameworks that apply only to part of either branch receive a Partial score.,Europe,Sweden,SWE,ati_law_07,2,Yes
ati_law_branch,Access to Information,Legal Frameworks,NA,Global Right to Information Rating,Centre for Law and Democracy; Access Info Europe,2025,The framework applies to the legislative and judicial branches,"The right of access applies to the legislative and judicial branch, with no bodies or classes of information excluded.",This includes both administrative documents and other information at all levels of government. Frameworks that apply only to part of either branch receive a Partial score.,Asia and the Pacific,Thailand,THA,ati_law_07,1,Partial
ati_law_branch,Access to Information,Legal Frameworks,NA,Global Right to Information Rating,Centre for Law and Democracy; Access Info Europe,2025,The framework applies to the legislative and judicial branches,"The right of access applies to the legislative and judicial branch, with no bodies or classes of information excluded.",This includes both administrative documents and other information at all levels of government. Frameworks that apply only to part of either branch receive a Partial score.,Africa and the Middle East,Tunisia,TUN,ati_law_07,2,Yes
ati_law_branch,Access to Information,Legal Frameworks,NA,Global Right to Information Rating,Centre for Law and Democracy; Access Info Europe,2025,The framework applies to the legislative and judicial branches,"The right of access applies to the legislative and judicial branch, with no bodies or classes of information excluded.",This includes both administrative documents and other information at all levels of government. Frameworks that apply only to part of either branch receive a Partial score.,Europe,Ukraine,UKR,ati_law_07,2,Yes
ati_law_branch,Access to Information,Legal Frameworks,NA,Global Right to Information Rating,Centre for Law and Democracy; Access Info Europe,2025,The framework applies to the legislative and judicial branches,"The right of access applies to the legislative and judicial branch, with no bodies or classes of information excluded.",This includes both administrative documents and other information at all levels of government. Frameworks that apply only to part of either branch receive a Partial score.,Europe,United Kingdom,GBR,ati_law_07,1,Partial
ati_law_branch,Access to Information,Legal Frameworks,NA,Global Right to Information Rating,Centre for Law and Democracy; Access Info Europe,2025,The framework applies to the legislative and judicial branches,"The right of access applies to the legislative and judicial branch, with no bodies or classes of information excluded.",This includes both administrative documents and other information at all levels of government. Frameworks that apply only to part of either branch receive a Partial score.,Americas,Uruguay,URY,ati_law_07,2,Yes
ati_law_branch,Access to Information,Legal Frameworks,NA,Global Right to Information Rating,Centre for Law and Democracy; Access Info Europe,2025,The framework applies to the legislative and judicial branches,"The right of access applies to the legislative and judicial branch, with no bodies or classes of information excluded.",This includes both administrative documents and other information at all levels of government. Frameworks that apply only to part of either branch receive a Partial score.,Africa and the Middle East,Zambia,ZMB,ati_law_07,2,Yes
ati_law_exist,Access to Information,Legal Frameworks,NA,Global Right to Information Rating,Centre for Law and Democracy; Access Info Europe,2025,An ATI legal framework exists,"An ATI legal framework exists. This may take the form of primary legislation or other legal instruments, such as decrees or constitutional provisions",,Europe,Albania,ALB,ati_law_10,2,Yes
ati_law_exist,Access to Information,Legal Frameworks,NA,Global Right to Information Rating,Centre for Law and Democracy; Access Info Europe,2025,An ATI legal framework exists,"An ATI legal framework exists. This may take the form of primary legislation or other legal instruments, such as decrees or constitutional provisions",,Americas,Argentina,ARG,ati_law_10,2,Yes
ati_law_exist,Access to Information,Legal Frameworks,NA,Global Right to Information Rating,Centre for Law and Democracy; Access Info Europe,2025,An ATI legal framework exists,"An ATI legal framework exists. This may take the form of primary legislation or other legal instruments, such as decrees or constitutional provisions",,Europe,Armenia,ARM,ati_law_10,2,Yes
ati_law_exist,Access to Information,Legal Frameworks,NA,Global Right to Information Rating,Centre for Law and Democracy; Access Info Europe,2025,An ATI legal framework exists,"An ATI legal framework exists. This may take the form of primary legislation or other legal instruments, such as decrees or constitutional provisions",,Asia and the Pacific,Australia,AUS,ati_law_10,2,Yes
ati_law_exist,Access to Information,Legal Frameworks,NA,Global Right to Information Rating,Centre for Law and Democracy; Access Info Europe,2025,An ATI legal framework exists,"An ATI legal framework exists. This may take the form of primary legislation or other legal instruments, such as decrees or constitutional provisions",,Africa and the Middle East,Benin,BEN,ati_law_10,2,Yes
ati_law_exist,Access to Information,Legal Frameworks,NA,Global Right to Information Rating,Centre for Law and Democracy; Access Info Europe,2025,An ATI legal framework exists,"An ATI legal framework exists. This may take the form of primary legislation or other legal instruments, such as decrees or constitutional provisions",,Europe,Bosnia and Herzegovina,BIH,ati_law_10,2,Yes
ati_law_exist,Access to Information,Legal Frameworks,NA,Global Right to Information Rating,Centre for Law and Democracy; Access Info Europe,2025,An ATI legal framework exists,"An ATI legal framework exists. This may take the form of primary legislation or other legal instruments, such as decrees or constitutional provisions",,Americas,Brazil,BRA,ati_law_10,2,Yes
ati_law_exist,Access to Information,Legal Frameworks,NA,Global Right to Information Rating,Centre for Law and Democracy; Access Info Europe,2025,An ATI legal framework exists,"An ATI legal framework exists. This may take the form of primary legislation or other legal instruments, such as decrees or constitutional provisions",,Europe,Bulgaria,BGR,ati_law_10,2,Yes
ati_law_exist,Access to Information,Legal Frameworks,NA,Global Right to Information Rating,Centre for Law and Democracy; Access Info Europe,2025,An ATI legal framework exists,"An ATI legal framework exists. This may take the form of primary legislation or other legal instruments, such as decrees or constitutional provisions",,Africa and the Middle East,Burkina Faso,BFA,ati_law_10,2,Yes
ati_law_exist,Access to Information,Legal Frameworks,NA,Global Right to Information Rating,Centre for Law and Democracy; Access Info Europe,2025,An ATI legal framework exists,"An ATI legal framework exists. This may take the form of primary legislation or other legal instruments, such as decrees or constitutional provisions",,Americas,Canada,CAN,ati_law_10,2,Yes
ati_law_exist,Access to Information,Legal Frameworks,NA,Global Right to Information Rating,Centre for Law and Democracy; Access Info Europe,2025,An ATI legal framework exists,"An ATI legal framework exists. This may take the form of primary legislation or other legal instruments, such as decrees or constitutional provisions",,Africa and the Middle East,Cabo Verde,CPV,ati_law_10,2,Yes
ati_law_exist,Access to Information,Legal Frameworks,NA,Global Right to Information Rating,Centre for Law and Democracy; Access Info Europe,2025,An ATI legal framework exists,"An ATI legal framework exists. This may take the form of primary legislation or other legal instruments, such as decrees or constitutional provisions",,Americas,Chile,CHL,ati_law_10,2,Yes
ati_law_exist,Access to Information,Legal Frameworks,NA,Global Right to Information Rating,Centre for Law and Democracy; Access Info Europe,2025,An ATI legal framework exists,"An ATI legal framework exists. This may take the form of primary legislation or other legal instruments, such as decrees or constitutional provisions",,Americas,Colombia,COL,ati_law_10,2,Yes
ati_law_exist,Access to Information,Legal Frameworks,NA,Global Right to Information Rating,Centre for Law and Democracy; Access Info Europe,2025,An ATI legal framework exists,"An ATI legal framework exists. This may take the form of primary legislation or other legal instruments, such as decrees or constitutional provisions",,Americas,Costa Rica,CRI,ati_law_10,2,Yes
ati_law_exist,Access to Information,Legal Frameworks,NA,Global Right to Information Rating,Centre for Law and Democracy; Access Info Europe,2025,An ATI legal framework exists,"An ATI legal framework exists. This may take the form of primary legislation or other legal instruments, such as decrees or constitutional provisions",,Europe,Croatia,HRV,ati_law_10,2,Yes
ati_law_exist,Access to Information,Legal Frameworks,NA,Global Right to Information Rating,Centre for Law and Democracy; Access Info Europe,2025,An ATI legal framework exists,"An ATI legal framework exists. This may take the form of primary legislation or other legal instruments, such as decrees or constitutional provisions",,Europe,Czech Republic,CZE,ati_law_10,2,Yes
ati_law_exist,Access to Information,Legal Frameworks,NA,Global Right to Information Rating,Centre for Law and Democracy; Access Info Europe,2025,An ATI legal framework exists,"An ATI legal framework exists. This may take the form of primary legislation or other legal instruments, such as decrees or constitutional provisions",,Americas,Dominican Republic,DOM,ati_law_10,2,Yes
ati_law_exist,Access to Information,Legal Frameworks,NA,Global Right to Information Rating,Centre for Law and Democracy; Access Info Europe,2025,An ATI legal framework exists,"An ATI legal framework exists. This may take the form of primary legislation or other legal instruments, such as decrees or constitutional provisions",,Asia and the Pacific,Timor-Leste,TLS,ati_law_10,2,Yes
ati_law_exist,Access to Information,Legal Frameworks,NA,Global Right to Information Rating,Centre for Law and Democracy; Access Info Europe,2025,An ATI legal framework exists,"An ATI legal framework exists. This may take the form of primary legislation or other legal instruments, such as decrees or constitutional provisions",,Americas,Ecuador,ECU,ati_law_10,2,Yes
ati_law_exist,Access to Information,Legal Frameworks,NA,Global Right to Information Rating,Centre for Law and Democracy; Access Info Europe,2025,An ATI legal framework exists,"An ATI legal framework exists. This may take the form of primary legislation or other legal instruments, such as decrees or constitutional provisions",,Europe,Estonia,EST,ati_law_10,2,Yes
ati_law_exist,Access to Information,Legal Frameworks,NA,Global Right to Information Rating,Centre for Law and Democracy; Access Info Europe,2025,An ATI legal framework exists,"An ATI legal framework exists. This may take the form of primary legislation or other legal instruments, such as decrees or constitutional provisions",,Europe,Finland,FIN,ati_law_10,2,Yes
ati_law_exist,Access to Information,Legal Frameworks,NA,Global Right to Information Rating,Centre for Law and Democracy; Access Info Europe,2025,An ATI legal framework exists,"An ATI legal framework exists. This may take the form of primary legislation or other legal instruments, such as decrees or constitutional provisions",,Europe,France,FRA,ati_law_10,2,Yes
ati_law_exist,Access to Information,Legal Frameworks,NA,Global Right to Information Rating,Centre for Law and Democracy; Access Info Europe,2025,An ATI legal framework exists,"An ATI legal framework exists. This may take the form of primary legislation or other legal instruments, such as decrees or constitutional provisions",,Europe,Germany,DEU,ati_law_10,2,Yes
ati_law_exist,Access to Information,Legal Frameworks,NA,Global Right to Information Rating,Centre for Law and Democracy; Access Info Europe,2025,An ATI legal framework exists,"An ATI legal framework exists. This may take the form of primary legislation or other legal instruments, such as decrees or constitutional provisions",,Africa and the Middle East,Ghana,GHA,ati_law_10,2,Yes
ati_law_exist,Access to Information,Legal Frameworks,NA,Global Right to Information Rating,Centre for Law and Democracy; Access Info Europe,2025,An ATI legal framework exists,"An ATI legal framework exists. This may take the form of primary legislation or other legal instruments, such as decrees or constitutional provisions",,Europe,Greece,GRC,ati_law_10,2,Yes
ati_law_exist,Access to Information,Legal Frameworks,NA,Global Right to Information Rating,Centre for Law and Democracy; Access Info Europe,2025,An ATI legal framework exists,"An ATI legal framework exists. This may take the form of primary legislation or other legal instruments, such as decrees or constitutional provisions",,Americas,Guatemala,GTM,ati_law_10,2,Yes
ati_law_exist,Access to Information,Legal Frameworks,NA,Global Right to Information Rating,Centre for Law and Democracy; Access Info Europe,2025,An ATI legal framework exists,"An ATI legal framework exists. This may take the form of primary legislation or other legal instruments, such as decrees or constitutional provisions",,Americas,Honduras,HND,ati_law_10,2,Yes
ati_law_exist,Access to Information,Legal Frameworks,NA,Global Right to Information Rating,Centre for Law and Democracy; Access Info Europe,2025,An ATI legal framework exists,"An ATI legal framework exists. This may take the form of primary legislation or other legal instruments, such as decrees or constitutional provisions",,Asia and the Pacific,Indonesia,IDN,ati_law_10,2,Yes
ati_law_exist,Access to Information,Legal Frameworks,NA,Global Right to Information Rating,Centre for Law and Democracy; Access Info Europe,2025,An ATI legal framework exists,"An ATI legal framework exists. This may take the form of primary legislation or other legal instruments, such as decrees or constitutional provisions",,Europe,Ireland,IRL,ati_law_10,2,Yes
ati_law_exist,Access to Information,Legal Frameworks,NA,Global Right to Information Rating,Centre for Law and Democracy; Access Info Europe,2025,An ATI legal framework exists,"An ATI legal framework exists. This may take the form of primary legislation or other legal instruments, such as decrees or constitutional provisions",,Europe,Italy,ITA,ati_law_10,2,Yes
ati_law_exist,Access to Information,Legal Frameworks,NA,Global Right to Information Rating,Centre for Law and Democracy; Access Info Europe,2025,An ATI legal framework exists,"An ATI legal framework exists. This may take the form of primary legislation or other legal instruments, such as decrees or constitutional provisions",,Africa and the Middle East,Cote d'Ivoire,CIV,ati_law_10,2,Yes
ati_law_exist,Access to Information,Legal Frameworks,NA,Global Right to Information Rating,Centre for Law and Democracy; Access Info Europe,2025,An ATI legal framework exists,"An ATI legal framework exists. This may take the form of primary legislation or other legal instruments, such as decrees or constitutional provisions",,Americas,Jamaica,JAM,ati_law_10,2,Yes
ati_law_exist,Access to Information,Legal Frameworks,NA,Global Right to Information Rating,Centre for Law and Democracy; Access Info Europe,2025,An ATI legal framework exists,"An ATI legal framework exists. This may take the form of primary legislation or other legal instruments, such as decrees or constitutional provisions",,Africa and the Middle East,Jordan,JOR,ati_law_10,2,Yes
ati_law_exist,Access to Information,Legal Frameworks,NA,Global Right to Information Rating,Centre for Law and Democracy; Access Info Europe,2025,An ATI legal framework exists,"An ATI legal framework exists. This may take the form of primary legislation or other legal instruments, such as decrees or constitutional provisions",,Africa and the Middle East,Kenya,KEN,ati_law_10,2,Yes
ati_law_exist,Access to Information,Legal Frameworks,NA,Global Right to Information Rating,Centre for Law and Democracy; Access Info Europe,2025,An ATI legal framework exists,"An ATI legal framework exists. This may take the form of primary legislation or other legal instruments, such as decrees or constitutional provisions",,Europe,Kosovo,XKX,ati_law_10,2,Yes
ati_law_exist,Access to Information,Legal Frameworks,NA,Global Right to Information Rating,Centre for Law and Democracy; Access Info Europe,2025,An ATI legal framework exists,"An ATI legal framework exists. This may take the form of primary legislation or other legal instruments, such as decrees or constitutional provisions",,Europe,Latvia,LVA,ati_law_10,2,Yes
ati_law_exist,Access to Information,Legal Frameworks,NA,Global Right to Information Rating,Centre for Law and Democracy; Access Info Europe,2025,An ATI legal framework exists,"An ATI legal framework exists. This may take the form of primary legislation or other legal instruments, such as decrees or constitutional provisions",,Africa and the Middle East,Liberia,LBR,ati_law_10,2,Yes
ati_law_exist,Access to Information,Legal Frameworks,NA,Global Right to Information Rating,Centre for Law and Democracy; Access Info Europe,2025,An ATI legal framework exists,"An ATI legal framework exists. This may take the form of primary legislation or other legal instruments, such as decrees or constitutional provisions",,Europe,Lithuania,LTU,ati_law_10,2,Yes
ati_law_exist,Access to Information,Legal Frameworks,NA,Global Right to Information Rating,Centre for Law and Democracy; Access Info Europe,2025,An ATI legal framework exists,"An ATI legal framework exists. This may take the form of primary legislation or other legal instruments, such as decrees or constitutional provisions",,Africa and the Middle East,Malawi,MWI,ati_law_10,2,Yes
ati_law_exist,Access to Information,Legal Frameworks,NA,Global Right to Information Rating,Centre for Law and Democracy; Access Info Europe,2025,An ATI legal framework exists,"An ATI legal framework exists. This may take the form of primary legislation or other legal instruments, such as decrees or constitutional provisions",,Asia and the Pacific,Maldives,MDV,ati_law_10,2,Yes
ati_law_exist,Access to Information,Legal Frameworks,NA,Global Right to Information Rating,Centre for Law and Democracy; Access Info Europe,2025,An ATI legal framework exists,"An ATI legal framework exists. This may take the form of primary legislation or other legal instruments, such as decrees or constitutional provisions",,Europe,Malta,MLT,ati_law_10,2,Yes
ati_law_exist,Access to Information,Legal Frameworks,NA,Global Right to Information Rating,Centre for Law and Democracy; Access Info Europe,2025,An ATI legal framework exists,"An ATI legal framework exists. This may take the form of primary legislation or other legal instruments, such as decrees or constitutional provisions",,Americas,Mexico,MEX,ati_law_10,2,Yes
ati_law_exist,Access to Information,Legal Frameworks,NA,Global Right to Information Rating,Centre for Law and Democracy; Access Info Europe,2025,An ATI legal framework exists,"An ATI legal framework exists. This may take the form of primary legislation or other legal instruments, such as decrees or constitutional provisions",,Europe,Republic of Moldova,MDA,ati_law_10,2,Yes
ati_law_exist,Access to Information,Legal Frameworks,NA,Global Right to Information Rating,Centre for Law and Democracy; Access Info Europe,2025,An ATI legal framework exists,"An ATI legal framework exists. This may take the form of primary legislation or other legal instruments, such as decrees or constitutional provisions",,Asia and the Pacific,Mongolia,MNG,ati_law_10,2,Yes
ati_law_exist,Access to Information,Legal Frameworks,NA,Global Right to Information Rating,Centre for Law and Democracy; Access Info Europe,2025,An ATI legal framework exists,"An ATI legal framework exists. This may take the form of primary legislation or other legal instruments, such as decrees or constitutional provisions",,Europe,Montenegro,MNE,ati_law_10,2,Yes
ati_law_exist,Access to Information,Legal Frameworks,NA,Global Right to Information Rating,Centre for Law and Democracy; Access Info Europe,2025,An ATI legal framework exists,"An ATI legal framework exists. This may take the form of primary legislation or other legal instruments, such as decrees or constitutional provisions",,Africa and the Middle East,Morocco,MAR,ati_law_10,2,Yes
ati_law_exist,Access to Information,Legal Frameworks,NA,Global Right to Information Rating,Centre for Law and Democracy; Access Info Europe,2025,An ATI legal framework exists,"An ATI legal framework exists. This may take the form of primary legislation or other legal instruments, such as decrees or constitutional provisions",,Europe,Netherlands,NLD,ati_law_10,2,Yes
ati_law_exist,Access to Information,Legal Frameworks,NA,Global Right to Information Rating,Centre for Law and Democracy; Access Info Europe,2025,An ATI legal framework exists,"An ATI legal framework exists. This may take the form of primary legislation or other legal instruments, such as decrees or constitutional provisions",,Asia and the Pacific,New Zealand,NZL,ati_law_10,2,Yes
ati_law_exist,Access to Information,Legal Frameworks,NA,Global Right to Information Rating,Centre for Law and Democracy; Access Info Europe,2025,An ATI legal framework exists,"An ATI legal framework exists. This may take the form of primary legislation or other legal instruments, such as decrees or constitutional provisions",,Africa and the Middle East,Nigeria,NGA,ati_law_10,2,Yes
ati_law_exist,Access to Information,Legal Frameworks,NA,Global Right to Information Rating,Centre for Law and Democracy; Access Info Europe,2025,An ATI legal framework exists,"An ATI legal framework exists. This may take the form of primary legislation or other legal instruments, such as decrees or constitutional provisions",,Europe,North Macedonia,MKD,ati_law_10,2,Yes
ati_law_exist,Access to Information,Legal Frameworks,NA,Global Right to Information Rating,Centre for Law and Democracy; Access Info Europe,2025,An ATI legal framework exists,"An ATI legal framework exists. This may take the form of primary legislation or other legal instruments, such as decrees or constitutional provisions",,Europe,Norway,NOR,ati_law_10,2,Yes
ati_law_exist,Access to Information,Legal Frameworks,NA,Global Right to Information Rating,Centre for Law and Democracy; Access Info Europe,2025,An ATI legal framework exists,"An ATI legal framework exists. This may take the form of primary legislation or other legal instruments, such as decrees or constitutional provisions",,Americas,Panama,PAN,ati_law_10,2,Yes
ati_law_exist,Access to Information,Legal Frameworks,NA,Global Right to Information Rating,Centre for Law and Democracy; Access Info Europe,2025,An ATI legal framework exists,"An ATI legal framework exists. This may take the form of primary legislation or other legal instruments, such as decrees or constitutional provisions",,Americas,Paraguay,PRY,ati_law_10,2,Yes
ati_law_exist,Access to Information,Legal Frameworks,NA,Global Right to Information Rating,Centre for Law and Democracy; Access Info Europe,2025,An ATI legal framework exists,"An ATI legal framework exists. This may take the form of primary legislation or other legal instruments, such as decrees or constitutional provisions",,Americas,Peru,PER,ati_law_10,2,Yes
ati_law_exist,Access to Information,Legal Frameworks,NA,Global Right to Information Rating,Centre for Law and Democracy; Access Info Europe,2025,An ATI legal framework exists,"An ATI legal framework exists. This may take the form of primary legislation or other legal instruments, such as decrees or constitutional provisions",,Asia and the Pacific,Philippines,PHL,ati_law_10,2,Yes
ati_law_exist,Access to Information,Legal Frameworks,NA,Global Right to Information Rating,Centre for Law and Democracy; Access Info Europe,2025,An ATI legal framework exists,"An ATI legal framework exists. This may take the form of primary legislation or other legal instruments, such as decrees or constitutional provisions",,Europe,Portugal,PRT,ati_law_10,2,Yes
ati_law_exist,Access to Information,Legal Frameworks,NA,Global Right to Information Rating,Centre for Law and Democracy; Access Info Europe,2025,An ATI legal framework exists,"An ATI legal framework exists. This may take the form of primary legislation or other legal instruments, such as decrees or constitutional provisions",,Europe,Romania,ROU,ati_law_10,2,Yes
ati_law_exist,Access to Information,Legal Frameworks,NA,Global Right to Information Rating,Centre for Law and Democracy; Access Info Europe,2025,An ATI legal framework exists,"An ATI legal framework exists. This may take the form of primary legislation or other legal instruments, such as decrees or constitutional provisions",,Africa and the Middle East,Senegal,SEN,ati_law_10,2,Yes
ati_law_exist,Access to Information,Legal Frameworks,NA,Global Right to Information Rating,Centre for Law and Democracy; Access Info Europe,2025,An ATI legal framework exists,"An ATI legal framework exists. This may take the form of primary legislation or other legal instruments, such as decrees or constitutional provisions",,Europe,Serbia,SRB,ati_law_10,2,Yes
ati_law_exist,Access to Information,Legal Frameworks,NA,Global Right to Information Rating,Centre for Law and Democracy; Access Info Europe,2025,An ATI legal framework exists,"An ATI legal framework exists. This may take the form of primary legislation or other legal instruments, such as decrees or constitutional provisions",,Africa and the Middle East,Seychelles,SYC,ati_law_10,2,Yes
ati_law_exist,Access to Information,Legal Frameworks,NA,Global Right to Information Rating,Centre for Law and Democracy; Access Info Europe,2025,An ATI legal framework exists,"An ATI legal framework exists. This may take the form of primary legislation or other legal instruments, such as decrees or constitutional provisions",,Africa and the Middle East,Sierra Leone,SLE,ati_law_10,2,Yes
ati_law_exist,Access to Information,Legal Frameworks,NA,Global Right to Information Rating,Centre for Law and Democracy; Access Info Europe,2025,An ATI legal framework exists,"An ATI legal framework exists. This may take the form of primary legislation or other legal instruments, such as decrees or constitutional provisions",,Europe,Slovakia,SVK,ati_law_10,2,Yes
ati_law_exist,Access to Information,Legal Frameworks,NA,Global Right to Information Rating,Centre for Law and Democracy; Access Info Europe,2025,An ATI legal framework exists,"An ATI legal framework exists. This may take the form of primary legislation or other legal instruments, such as decrees or constitutional provisions",,Africa and the Middle East,South Africa,ZAF,ati_law_10,2,Yes
ati_law_exist,Access to Information,Legal Frameworks,NA,Global Right to Information Rating,Centre for Law and Democracy; Access Info Europe,2025,An ATI legal framework exists,"An ATI legal framework exists. This may take the form of primary legislation or other legal instruments, such as decrees or constitutional provisions",,Asia and the Pacific,Republic of Korea,KOR,ati_law_10,2,Yes
ati_law_exist,Access to Information,Legal Frameworks,NA,Global Right to Information Rating,Centre for Law and Democracy; Access Info Europe,2025,An ATI legal framework exists,"An ATI legal framework exists. This may take the form of primary legislation or other legal instruments, such as decrees or constitutional provisions",,Europe,Spain,ESP,ati_law_10,2,Yes
ati_law_exist,Access to Information,Legal Frameworks,NA,Global Right to Information Rating,Centre for Law and Democracy; Access Info Europe,2025,An ATI legal framework exists,"An ATI legal framework exists. This may take the form of primary legislation or other legal instruments, such as decrees or constitutional provisions",,Europe,Sweden,SWE,ati_law_10,2,Yes
ati_law_exist,Access to Information,Legal Frameworks,NA,Global Right to Information Rating,Centre for Law and Democracy; Access Info Europe,2025,An ATI legal framework exists,"An ATI legal framework exists. This may take the form of primary legislation or other legal instruments, such as decrees or constitutional provisions",,Asia and the Pacific,Thailand,THA,ati_law_10,2,Yes
ati_law_exist,Access to Information,Legal Frameworks,NA,Global Right to Information Rating,Centre for Law and Democracy; Access Info Europe,2025,An ATI legal framework exists,"An ATI legal framework exists. This may take the form of primary legislation or other legal instruments, such as decrees or constitutional provisions",,Africa and the Middle East,Tunisia,TUN,ati_law_10,2,Yes
ati_law_exist,Access to Information,Legal Frameworks,NA,Global Right to Information Rating,Centre for Law and Democracy; Access Info Europe,2025,An ATI legal framework exists,"An ATI legal framework exists. This may take the form of primary legislation or other legal instruments, such as decrees or constitutional provisions",,Europe,Ukraine,UKR,ati_law_10,2,Yes
ati_law_exist,Access to Information,Legal Frameworks,NA,Global Right to Information Rating,Centre for Law and Democracy; Access Info Europe,2025,An ATI legal framework exists,"An ATI legal framework exists. This may take the form of primary legislation or other legal instruments, such as decrees or constitutional provisions",,Europe,United Kingdom,GBR,ati_law_10,2,Yes
ati_law_exist,Access to Information,Legal Frameworks,NA,Global Right to Information Rating,Centre for Law and Democracy; Access Info Europe,2025,An ATI legal framework exists,"An ATI legal framework exists. This may take the form of primary legislation or other legal instruments, such as decrees or constitutional provisions",,Americas,Uruguay,URY,ati_law_10,2,Yes
ati_law_exist,Access to Information,Legal Frameworks,NA,Global Right to Information Rating,Centre for Law and Democracy; Access Info Europe,2025,An ATI legal framework exists,"An ATI legal framework exists. This may take the form of primary legislation or other legal instruments, such as decrees or constitutional provisions",,Africa and the Middle East,Zambia,ZMB,ati_law_10,2,Yes
ati_law_exist,Access to Information,Legal Frameworks,NA,Global Right to Information Rating,Centre for Law and Democracy; Access Info Europe,2025,An ATI legal framework exists,"An ATI legal framework exists. This may take the form of primary legislation or other legal instruments, such as decrees or constitutional provisions",,Asia and the Pacific,Papua New Guinea,PNG,ati_law_10,0,No
ati_over_appeals,Access to Information,Independent Oversight,NA,Global Right to Information Rating,Centre for Law and Democracy; Access Info Europe,2025,Requesters can appeal to an independent oversight body,Requesters have the right to lodge an (external) appeal with an independent administrative oversight body (e.g. an information commission or ombudsman).,,Asia and the Pacific,Papua New Guinea,PNG,ati_over_01,0,No
ati_over_appoint,Access to Information,Independent Oversight,NA,Global Right to Information Rating,Centre for Law and Democracy; Access Info Europe,2025,The oversight body is protected from political interference,"The oversight body reports to and has its budget approved by parliament, and its member(s) are protected from political interference and dismissal","To meet this benchmark, the oversight body must: 

1) report to the parliament;
2) have its budget approved by the parliament;
3) have its member(s) appointed in a manner that is protected against political interference;
4) have security of tenure for its member(s) so that they are protected against arbitrary dismissal (procedurally/substantively) once appointed.

Oversight bodies that meet only some of these criteria receive a Partial score.",Asia and the Pacific,Papua New Guinea,PNG,ati_over_02,0,No
ati_over_binding,Access to Information,Independent Oversight,NA,Global Right to Information Rating,Centre for Law and Democracy; Access Info Europe,2025,The oversight body's decisions are binding,The decisions of the independent oversight body are binding.,,Asia and the Pacific,Papua New Guinea,PNG,ati_over_03,0,No
ati_over_mandate,Access to Information,Independent Oversight,NA,Global Right to Information Rating,Centre for Law and Democracy; Access Info Europe,2025,The oversight body has investigative powers,"The independent oversight body has the necessary mandate and power to perform its functions, including to review classified documents and inspect the premises of public bodies.","To meet this benchmark, the oversight body must have the mandate and power to:

1) review classified documents;
2) inspect the premises of public bodies.

Oversight bodies that meet only one of the two criteria receive a Partial score.",Asia and the Pacific,Papua New Guinea,PNG,ati_over_04,0,No
ati_over_remedies,Access to Information,Independent Oversight,NA,Global Right to Information Rating,Centre for Law and Democracy; Access Info Europe,2025,The oversight body can order the declassification of information,"In deciding an appeal, the independent oversight body has the power to order appropriate remedies for the requester, including the declassification of information.",,Asia and the Pacific,Papua New Guinea,PNG,ati_over_05,0,No
ati_law_requester,Access to Information,Legal Frameworks,NA,Global Right to Information Rating,Centre for Law and Democracy; Access Info Europe,2025,Everyone has the right to file requests for information,Everyone (including non-citizens and legal entities) has the right to file requests.,"To meet this benchmark, the following groups must be able to file requests for information:

1) all natural persons;
2) all legal persons.

Countries that meet only one of the two criteria receive a Partial score. If only residents/citizens may file requests, no points are given.",Asia and the Pacific,Papua New Guinea,PNG,ati_law_01,0,No
ati_law_response,Access to Information,Legal Frameworks,NA,Global Right to Information Rating,Centre for Law and Democracy; Access Info Europe,2025,Reasonable timelines exist for responding to requests,Reasonable timelines exist for responding to requests,"To meet this benchmark, the ATI legal framework must include:

1) a maximum timeline for responding to requests of 20 working days (or 1 month, 30 days or 4 weeks);
2) a maximum timeline extension of 20 working days or less;
3) a requirement that requesters be notified of extensions and provided with the reasons.

Legal frameworks that meet only some of these criteria receive a Partial score.",Asia and the Pacific,Papua New Guinea,PNG,ati_law_02,0,No
ati_law_cost,Access to Information,Legal Frameworks,NA,Global Right to Information Rating,Centre for Law and Democracy; Access Info Europe,2025,Information is provided at a reasonable cost,"Access fees have clear, centrally-set rules, and are limited to the cost of reproducing and sending information, with some information provided for free.","To meet this benchmark, access fee rules must:

1) be set centrally, rather than by individual public authorities;
2) require that fees be limited to the cost of reproducing and sending information (so that inspection of documents and electronic copies are free)
3) require that a certain initial number of pages (at least 20) be provided for free.

Access fees that meet only some of these criteria receive a Partial score.",Asia and the Pacific,Papua New Guinea,PNG,ati_law_03,0,No
ati_law_harm,Access to Information,Legal Frameworks,NA,Global Right to Information Rating,Centre for Law and Democracy; Access Info Europe,2025,Exceptions require a harm test before refusal,"A harm test applies to all exceptions, so that it is only where disclosure poses a risk of actual harm to a protected interest that it may be refused.","To meet this benchmark, a harm test must apply to all exceptions. Legal frameworks with up to three exceptions not subject to a harm test receive a Partial score. If four or more exceptions are not subject to a harm test, no points are given.",Asia and the Pacific,Papua New Guinea,PNG,ati_law_04,0,No
ati_law_override,Access to Information,Legal Frameworks,NA,Global Right to Information Rating,Centre for Law and Democracy; Access Info Europe,2025,Information must be disclosed when in the public interest,"There is a mandatory public interest override so that information must be disclosed where this is in the overall public interest, even if this may harm a protected interest.","To meet this benchmark, the public interest override must not be subject to overarching limitations or apply to only some exceptions. It must also be mandatory. For example, there are ‘hard’ overrides (which apply absolutely), such as for information about human rights, corruption or crimes against humanity.",Asia and the Pacific,Papua New Guinea,PNG,ati_law_05,0,No
ati_law_exec,Access to Information,Legal Frameworks,NA,Global Right to Information Rating,Centre for Law and Democracy; Access Info Europe,2025,The framework applies to all parts of the executive branch,"The right of access applies to the executive branch, with no bodies or classes of information excluded.","This includes the executive (cabinet) and administration including all ministries, departments, local government, public schools, public health care bodies, the police, the armed forces, security services, and bodies owned or controlled by the above. Any exempted central agency (such as the armed forces, police, or archives) results in a Partial score.",Asia and the Pacific,Papua New Guinea,PNG,ati_law_06,0,No
ati_law_branch,Access to Information,Legal Frameworks,NA,Global Right to Information Rating,Centre for Law and Democracy; Access Info Europe,2025,The framework applies to the legislative and judicial branches,"The right of access applies to the legislative and judicial branch, with no bodies or classes of information excluded.",This includes both administrative documents and other information at all levels of government. Frameworks that apply only to part of either branch receive a Partial score.,Asia and the Pacific,Papua New Guinea,PNG,ati_law_07,0,No